cell_name,module,group,confidence
_15839,aes_sbox_us33,main_sbox,bfs_h1
_15840,aes_cipher_top,top,bfs_h2
_15841,aes_sbox_us33,main_sbox,bfs_h1
_15842,aes_cipher_top,top,bfs_h2
_15843,aes_sbox_us33,main_sbox,bfs_h1
_15844,aes_cipher_top,top,bfs_h2
_15845,aes_sbox_us33,main_sbox,bfs_h1
_15846,aes_sbox_us33,main_sbox,bfs_h1
_15847,aes_key_expand_128_u0,key_expand,bfs_h2
_15848,aes_sbox_us33,main_sbox,bfs_h1
_15849,aes_sbox_us33,main_sbox,bfs_h1
_15850,aes_sbox_us33,main_sbox,bfs_h1
_15851,aes_sbox_us33,main_sbox,bfs_h2
_15852,aes_sbox_us32,main_sbox,bfs_h1
_15853,aes_key_expand_128_u0,key_expand,bfs_h2
_15854,aes_cipher_top,top,bfs_h2
_15855,aes_sbox_us32,main_sbox,bfs_h1
_15856,aes_key_expand_128_u0,key_expand,bfs_h2
_15857,aes_cipher_top,top,bfs_h2
_15858,aes_sbox_us32,main_sbox,bfs_h1
_15859,aes_cipher_top,top,bfs_h2
_15860,aes_sbox_us32,main_sbox,bfs_h1
_15861,aes_sbox_us32,main_sbox,bfs_h1
_15862,aes_sbox_us32,main_sbox,bfs_h1
_15863,aes_sbox_us32,main_sbox,bfs_h2
_15864,aes_sbox_us32,main_sbox,bfs_h1
_15865,aes_sbox_us32,main_sbox,bfs_h1
_15866,aes_sbox_us32,main_sbox,bfs_h2
_15867,aes_sbox_us31,main_sbox,bfs_h1
_15868,aes_cipher_top,top,bfs_h2
_15869,aes_sbox_us31,main_sbox,bfs_h1
_15870,aes_key_expand_128_u0,key_expand,bfs_h2
_15871,aes_cipher_top,top,bfs_h2
_15872,aes_sbox_us31,main_sbox,bfs_h1
_15873,aes_cipher_top,top,bfs_h2
_15874,aes_sbox_us31,main_sbox,bfs_h1
_15875,aes_sbox_us31,main_sbox,bfs_h1
_15876,aes_sbox_us31,main_sbox,bfs_h1
_15877,aes_sbox_us31,main_sbox,bfs_h1
_15878,aes_sbox_us31,main_sbox,bfs_h1
_15879,aes_sbox_us31,main_sbox,bfs_h2
_15880,aes_sbox_us30,main_sbox,bfs_h1
_15881,aes_key_expand_128_u0,key_expand,bfs_h2
_15882,aes_cipher_top,top,bfs_h2
_15883,aes_sbox_us30,main_sbox,bfs_h1
_15884,aes_cipher_top,top,bfs_h2
_15885,aes_sbox_us30,main_sbox,bfs_h1
_15886,aes_key_expand_128_u0,key_expand,bfs_h2
_15887,aes_cipher_top,top,bfs_h2
_15888,aes_sbox_us30,main_sbox,bfs_h1
_15889,aes_sbox_us30,main_sbox,bfs_h1
_15890,aes_sbox_us30,main_sbox,bfs_h1
_15891,aes_sbox_us30,main_sbox,bfs_h2
_15892,aes_sbox_us30,main_sbox,bfs_h1
_15893,aes_sbox_us30,main_sbox,bfs_h1
_15894,aes_sbox_us30,main_sbox,bfs_h2
_15895,aes_sbox_us23,main_sbox,bfs_h1
_15896,aes_key_expand_128_u0,key_expand,bfs_h2
_15897,aes_sbox_us23,main_sbox,bfs_h1
_15898,aes_sbox_us23,main_sbox,bfs_h1
_15899,aes_key_expand_128_u0,key_expand,bfs_h2
_15900,aes_cipher_top,top,bfs_h2
_15901,aes_sbox_us23,main_sbox,bfs_h1
_15902,aes_sbox_us33,main_sbox,bfs_h2
_15903,aes_sbox_us23,main_sbox,bfs_h1
_15904,aes_sbox_us23,main_sbox,bfs_h1
_15905,aes_sbox_us23,main_sbox,bfs_h1
_15906,aes_sbox_us23,main_sbox,bfs_h1
_15907,aes_sbox_us23,main_sbox,bfs_h2
_15908,aes_key_expand_128_u0,key_expand,bfs_h2
_15909,aes_sbox_us22,main_sbox,bfs_h1
_15910,aes_key_expand_128_u0,key_expand,bfs_h2
_15911,aes_sbox_us22,main_sbox,bfs_h1
_15912,aes_sbox_us22,main_sbox,bfs_h1
_15913,aes_key_expand_128_u0,key_expand,bfs_h2
_15914,aes_cipher_top,top,bfs_h2
_15915,aes_sbox_us22,main_sbox,bfs_h1
_15916,aes_key_expand_128_u0,key_expand,bfs_h2
_15917,aes_sbox_us32,main_sbox,bfs_h2
_15918,aes_sbox_us22,main_sbox,bfs_h1
_15919,aes_sbox_us22,main_sbox,bfs_h1
_15920,aes_sbox_us22,main_sbox,bfs_h1
_15921,aes_sbox_us22,main_sbox,bfs_h1
_15922,aes_sbox_us22,main_sbox,bfs_h2
_15923,aes_key_expand_128_u0,key_expand,bfs_h2
_15924,aes_sbox_us21,main_sbox,bfs_h1
_15925,aes_sbox_us21,main_sbox,bfs_h1
_15926,aes_sbox_us21,main_sbox,bfs_h1
_15927,aes_key_expand_128_u0,key_expand,bfs_h2
_15928,aes_cipher_top,top,bfs_h2
_15929,aes_sbox_us21,main_sbox,bfs_h1
_15930,aes_sbox_us21,main_sbox,bfs_h1
_15931,aes_sbox_us21,main_sbox,bfs_h1
_15932,aes_sbox_us21,main_sbox,bfs_h1
_15933,aes_sbox_us21,main_sbox,bfs_h1
_15934,aes_sbox_us21,main_sbox,bfs_h2
_15935,aes_sbox_us20,main_sbox,bfs_h1
_15936,aes_key_expand_128_u0,key_expand,bfs_h2
_15937,aes_sbox_us20,main_sbox,bfs_h1
_15938,aes_sbox_us20,main_sbox,bfs_h1
_15939,aes_key_expand_128_u0,key_expand,bfs_h2
_15940,aes_sbox_us20,main_sbox,bfs_h2
_15941,aes_key_expand_128_u0,key_expand,bfs_h2
_15942,aes_sbox_us20,main_sbox,bfs_h1
_15943,aes_sbox_us20,main_sbox,bfs_h1
_15944,aes_sbox_us20,main_sbox,bfs_h1
_15945,aes_sbox_us20,main_sbox,bfs_h1
_15946,aes_sbox_us20,main_sbox,bfs_h1
_15947,aes_sbox_us20,main_sbox,bfs_h2
_15948,aes_sbox_us13,main_sbox,bfs_h1
_15949,aes_sbox_us13,main_sbox,bfs_h1
_15950,aes_sbox_us13,main_sbox,bfs_h1
_15951,aes_key_expand_128_u0,key_expand,bfs_h2
_15952,aes_cipher_top,top,bfs_h2
_15953,aes_sbox_us13,main_sbox,bfs_h1
_15954,aes_sbox_us13,main_sbox,bfs_h1
_15955,aes_sbox_us13,main_sbox,bfs_h1
_15956,aes_sbox_us13,main_sbox,bfs_h1
_15957,aes_sbox_us13,main_sbox,bfs_h1
_15958,aes_sbox_us13,main_sbox,bfs_h2
_15959,aes_key_expand_128_u0,key_expand,bfs_h2
_15960,aes_sbox_us12,main_sbox,bfs_h1
_15961,aes_key_expand_128_u0,key_expand,bfs_h2
_15962,aes_sbox_us12,main_sbox,bfs_h1
_15963,aes_sbox_us12,main_sbox,bfs_h1
_15964,aes_key_expand_128_u0,key_expand,bfs_h2
_15965,aes_cipher_top,top,bfs_h2
_15966,aes_sbox_us12,main_sbox,bfs_h1
_15967,aes_key_expand_128_u0,key_expand,bfs_h2
_15968,aes_sbox_us12,main_sbox,bfs_h2
_15969,aes_key_expand_128_u0,key_expand,bfs_h2
_15970,aes_sbox_us12,main_sbox,bfs_h1
_15971,aes_key_expand_128_u0,key_expand,bfs_h2
_15972,aes_sbox_us12,main_sbox,bfs_h1
_15973,aes_sbox_us12,main_sbox,bfs_h1
_15974,aes_sbox_us12,main_sbox,bfs_h1
_15975,aes_cipher_top,top,bfs_h2
_15976,aes_sbox_us11,main_sbox,bfs_h1
_15977,aes_sbox_us11,main_sbox,bfs_h1
_15978,aes_sbox_us11,main_sbox,bfs_h1
_15979,aes_key_expand_128_u0,key_expand,bfs_h2
_15980,aes_cipher_top,top,bfs_h2
_15981,aes_sbox_us11,main_sbox,bfs_h1
_15982,aes_key_expand_128_u0,key_expand,bfs_h2
_15983,aes_sbox_us11,main_sbox,bfs_h1
_15984,aes_sbox_us11,main_sbox,bfs_h1
_15985,aes_sbox_us11,main_sbox,bfs_h1
_15986,aes_sbox_us11,main_sbox,bfs_h1
_15987,aes_sbox_us11,main_sbox,bfs_h2
_15988,aes_sbox_us10,main_sbox,bfs_h1
_15989,aes_sbox_us10,main_sbox,bfs_h2
_15990,aes_sbox_us10,main_sbox,bfs_h1
_15991,aes_sbox_us10,main_sbox,bfs_h1
_15992,aes_key_expand_128_u0,key_expand,bfs_h2
_15993,aes_cipher_top,top,bfs_h2
_15994,aes_sbox_us10,main_sbox,bfs_h1
_15995,aes_sbox_us10,main_sbox,bfs_h1
_15996,aes_sbox_us10,main_sbox,bfs_h1
_15997,aes_sbox_us10,main_sbox,bfs_h1
_15998,aes_sbox_us10,main_sbox,bfs_h1
_15999,aes_sbox_us10,main_sbox,bfs_h2
_16000,aes_sbox_us03,main_sbox,bfs_h1
_16001,aes_cipher_top,top,bfs_h2
_16002,aes_sbox_us03,main_sbox,bfs_h1
_16003,aes_sbox_us13,main_sbox,bfs_h2
_16004,aes_sbox_us03,main_sbox,bfs_h1
_16005,aes_cipher_top,top,bfs_h2
_16006,aes_sbox_us03,main_sbox,bfs_h1
_16007,aes_sbox_us03,main_sbox,bfs_h1
_16008,aes_sbox_us03,main_sbox,bfs_h1
_16009,aes_sbox_us03,main_sbox,bfs_h1
_16010,aes_sbox_us03,main_sbox,bfs_h1
_16011,aes_sbox_us03,main_sbox,bfs_h2
_16012,aes_sbox_us02,main_sbox,bfs_h1
_16013,aes_cipher_top,top,bfs_h2
_16014,aes_sbox_us02,main_sbox,bfs_h1
_16015,aes_key_expand_128_u0,key_expand,bfs_h2
_16016,aes_sbox_us12,main_sbox,bfs_h2
_16017,aes_sbox_us02,main_sbox,bfs_h1
_16018,aes_key_expand_128_u0,key_expand,bfs_h2
_16019,aes_cipher_top,top,bfs_h2
_16020,aes_sbox_us02,main_sbox,bfs_h1
_16021,aes_sbox_us02,main_sbox,bfs_h1
_16022,aes_sbox_us02,main_sbox,bfs_h1
_16023,aes_sbox_us02,main_sbox,bfs_h1
_16024,aes_sbox_us02,main_sbox,bfs_h1
_16025,aes_sbox_us02,main_sbox,bfs_h2
_16026,aes_sbox_us01,main_sbox,bfs_h1
_16027,aes_cipher_top,top,bfs_h2
_16028,aes_sbox_us01,main_sbox,bfs_h1
_16029,aes_key_expand_128_u0,key_expand,bfs_h2
_16030,aes_sbox_us11,main_sbox,bfs_h2
_16031,aes_sbox_us01,main_sbox,bfs_h1
_16032,aes_key_expand_128_u0,key_expand,bfs_h2
_16033,aes_cipher_top,top,bfs_h2
_16034,aes_sbox_us01,main_sbox,bfs_h1
_16035,aes_sbox_us01,main_sbox,bfs_h1
_16036,aes_sbox_us01,main_sbox,bfs_h1
_16037,aes_sbox_us01,main_sbox,bfs_h1
_16038,aes_sbox_us01,main_sbox,bfs_h1
_16039,aes_sbox_us01,main_sbox,bfs_h2
_16040,aes_sbox_us00,main_sbox,bfs_h1
_16041,aes_cipher_top,top,bfs_h2
_16042,aes_sbox_us00,main_sbox,bfs_h1
_16043,aes_key_expand_128_u0,key_expand,bfs_h2
_16044,aes_sbox_us10,main_sbox,bfs_h2
_16045,aes_sbox_us00,main_sbox,bfs_h1
_16046,aes_key_expand_128_u0,key_expand,bfs_h2
_16047,aes_cipher_top,top,bfs_h2
_16048,aes_sbox_us00,main_sbox,bfs_h1
_16049,aes_sbox_us00,main_sbox,bfs_h1
_16050,aes_sbox_us00,main_sbox,bfs_h1
_16051,aes_sbox_us00,main_sbox,bfs_h1
_16052,aes_sbox_us00,main_sbox,bfs_h1
_16053,aes_sbox_us00,main_sbox,bfs_h2
_16054,aes_cipher_top,top,bfs_h2
_16055,aes_cipher_top,top,bfs_h3
_16056,aes_key_expand_128_u0/aes_sbox_u2,kexp_sbox,bfs_h4
_16057,aes_sbox_us33,main_sbox,bfs_h4
_16058,aes_cipher_top,top,bfs_h4
_16059,aes_cipher_top,top,bfs_h3
_16060,aes_cipher_top,top,bfs_h2
_16061,aes_cipher_top,top,bfs_h2
_16062,aes_key_expand_128_u0/aes_rcon_r0,rcon,bfs_h2
_16063,aes_key_expand_128_u0/aes_rcon_r0,rcon,bfs_h2
_16064,aes_cipher_top,top,bfs_h4
_16065,aes_key_expand_128_u0/aes_sbox_u1,kexp_sbox,bfs_h1
_16066,aes_key_expand_128_u0,key_expand,bfs_h2
_16067,aes_key_expand_128_u0/aes_sbox_u1,kexp_sbox,bfs_h2
_16068,aes_key_expand_128_u0,key_expand,bfs_h2
_16069,aes_key_expand_128_u0,key_expand,bfs_h3
_16070,aes_key_expand_128_u0/aes_sbox_u3,kexp_sbox,bfs_h4
_16071,aes_key_expand_128_u0/aes_sbox_u3,kexp_sbox,bfs_h4
_16072,aes_cipher_top,top,bfs_h7
_16073,aes_key_expand_128_u0,key_expand,bfs_h2
_16074,aes_key_expand_128_u0/aes_sbox_u1,kexp_sbox,bfs_h1
_16075,aes_key_expand_128_u0,key_expand,bfs_h2
_16076,aes_key_expand_128_u0/aes_sbox_u1,kexp_sbox,bfs_h2
_16077,aes_key_expand_128_u0,key_expand,bfs_h2
_16078,aes_key_expand_128_u0,key_expand,bfs_h3
_16079,aes_key_expand_128_u0/aes_sbox_u3,kexp_sbox,bfs_h4
_16080,aes_key_expand_128_u0/aes_sbox_u2,kexp_sbox,bfs_h4
_16081,aes_key_expand_128_u0/aes_sbox_u0,kexp_sbox,bfs_h6
_16082,aes_key_expand_128_u0/aes_sbox_u1,kexp_sbox,bfs_h1
_16083,aes_cipher_top,top,bfs_h3
_16084,aes_key_expand_128_u0/aes_sbox_u1,kexp_sbox,bfs_h2
_16085,aes_key_expand_128_u0,key_expand,bfs_h3
_16086,aes_cipher_top,top,bfs_h3
_16087,aes_cipher_top,top,bfs_h4
_16088,aes_cipher_top,top,bfs_h3
_16089,aes_cipher_top,top,bfs_h4
_16090,aes_cipher_top,top,bfs_h5
_16091,aes_key_expand_128_u0,key_expand,bfs_h2
_16092,aes_key_expand_128_u0/aes_sbox_u3,kexp_sbox,bfs_h4
_16093,aes_key_expand_128_u0/aes_sbox_u1,kexp_sbox,bfs_h1
_16094,aes_key_expand_128_u0,key_expand,bfs_h2
_16095,aes_key_expand_128_u0/aes_sbox_u1,kexp_sbox,bfs_h2
_16096,aes_key_expand_128_u0,key_expand,bfs_h2
_16097,aes_key_expand_128_u0,key_expand,bfs_h3
_16098,aes_key_expand_128_u0/aes_sbox_u2,kexp_sbox,bfs_h4
_16099,aes_key_expand_128_u0/aes_sbox_u3,kexp_sbox,bfs_h5
_16100,aes_key_expand_128_u0/aes_sbox_u1,kexp_sbox,bfs_h1
_16101,aes_key_expand_128_u0,key_expand,bfs_h2
_16102,aes_key_expand_128_u0/aes_sbox_u1,kexp_sbox,bfs_h2
_16103,aes_key_expand_128_u0,key_expand,bfs_h2
_16104,aes_key_expand_128_u0,key_expand,bfs_h3
_16105,aes_key_expand_128_u0/aes_sbox_u3,kexp_sbox,bfs_h4
_16106,aes_key_expand_128_u0/aes_sbox_u3,kexp_sbox,bfs_h4
_16107,aes_key_expand_128_u0/aes_sbox_u0,kexp_sbox,bfs_h6
_16108,aes_key_expand_128_u0/aes_sbox_u0,kexp_sbox,bfs_h6
_16109,aes_key_expand_128_u0,key_expand,bfs_h2
_16110,aes_key_expand_128_u0/aes_sbox_u1,kexp_sbox,bfs_h1
_16111,aes_key_expand_128_u0,key_expand,bfs_h2
_16112,aes_key_expand_128_u0,key_expand,bfs_h2
_16113,aes_key_expand_128_u0,key_expand,bfs_h3
_16114,aes_key_expand_128_u0/aes_sbox_u3,kexp_sbox,bfs_h5
_16115,aes_sbox_us33,main_sbox,bfs_h4
_16116,aes_key_expand_128_u0/aes_sbox_u0,kexp_sbox,bfs_h6
_16117,aes_key_expand_128_u0,key_expand,bfs_h2
_16118,aes_key_expand_128_u0/aes_sbox_u3,kexp_sbox,bfs_h5
_16119,aes_key_expand_128_u0/aes_sbox_u1,kexp_sbox,bfs_h1
_16120,aes_key_expand_128_u0,key_expand,bfs_h2
_16121,aes_key_expand_128_u0,key_expand,bfs_h2
_16122,aes_key_expand_128_u0,key_expand,bfs_h3
_16123,aes_cipher_top,top,bfs_h5
_16124,aes_cipher_top,top,bfs_h4
_16125,aes_key_expand_128_u0/aes_sbox_u0,kexp_sbox,bfs_h5
_16126,aes_key_expand_128_u0,key_expand,bfs_h2
_16127,aes_key_expand_128_u0/aes_sbox_u1,kexp_sbox,bfs_h1
_16128,aes_key_expand_128_u0,key_expand,bfs_h2
_16129,aes_key_expand_128_u0,key_expand,bfs_h2
_16130,aes_key_expand_128_u0,key_expand,bfs_h3
_16131,aes_cipher_top,top,bfs_h4
_16132,aes_cipher_top,top,bfs_h4
_16133,aes_key_expand_128_u0,key_expand,bfs_h2
_16134,aes_key_expand_128_u0,key_expand,bfs_h2
_16135,aes_cipher_top,top,bfs_h5
_16136,aes_key_expand_128_u0/aes_sbox_u0,kexp_sbox,bfs_h6
_16137,aes_key_expand_128_u0,key_expand,bfs_h2
_16138,aes_cipher_top,top,bfs_h6
_16139,aes_cipher_top,top,bfs_h5
_16140,aes_key_expand_128_u0/aes_sbox_u0,kexp_sbox,bfs_h5
_16141,aes_key_expand_128_u0/aes_sbox_u0,kexp_sbox,bfs_h6
_16142,aes_key_expand_128_u0/aes_sbox_u0,kexp_sbox,bfs_h5
_16143,aes_cipher_top,top,bfs_h8
_16144,aes_key_expand_128_u0/aes_sbox_u0,kexp_sbox,bfs_h6
_16145,aes_key_expand_128_u0/aes_sbox_u0,kexp_sbox,bfs_h6
_16146,aes_key_expand_128_u0/aes_sbox_u0,kexp_sbox,bfs_h5
_16147,aes_key_expand_128_u0/aes_sbox_u0,kexp_sbox,bfs_h4
_16148,aes_key_expand_128_u0/aes_sbox_u0,kexp_sbox,bfs_h5
_16149,aes_key_expand_128_u0/aes_sbox_u0,kexp_sbox,bfs_h4
_16150,aes_cipher_top,top,bfs_h7
_16151,aes_cipher_top,top,bfs_h6
_16152,aes_cipher_top,top,bfs_h5
_16153,aes_key_expand_128_u0/aes_sbox_u0,kexp_sbox,bfs_h6
_16154,aes_cipher_top,top,bfs_h5
_16155,aes_key_expand_128_u0/aes_sbox_u0,kexp_sbox,bfs_h5
_16156,aes_key_expand_128_u0/aes_sbox_u0,kexp_sbox,bfs_h6
_16157,aes_key_expand_128_u0/aes_sbox_u0,kexp_sbox,bfs_h6
_16158,aes_key_expand_128_u0/aes_sbox_u0,kexp_sbox,bfs_h5
_16159,aes_key_expand_128_u0/aes_sbox_u0,kexp_sbox,bfs_h5
_16160,aes_key_expand_128_u0/aes_sbox_u0,kexp_sbox,bfs_h4
_16161,aes_key_expand_128_u0/aes_sbox_u0,kexp_sbox,bfs_h4
_16162,aes_cipher_top,top,bfs_h5
_16163,aes_key_expand_128_u0/aes_sbox_u0,kexp_sbox,bfs_h6
_16164,aes_key_expand_128_u0/aes_sbox_u0,kexp_sbox,bfs_h5
_16165,aes_cipher_top,top,bfs_h7
_16166,aes_cipher_top,top,bfs_h6
_16167,aes_cipher_top,top,bfs_h7
_16168,aes_key_expand_128_u0/aes_sbox_u0,kexp_sbox,bfs_h5
_16169,aes_key_expand_128_u0/aes_sbox_u0,kexp_sbox,bfs_h6
_16170,aes_cipher_top,top,unassigned
_16171,aes_key_expand_128_u0/aes_sbox_u0,kexp_sbox,bfs_h6
_16172,aes_key_expand_128_u0/aes_sbox_u0,kexp_sbox,bfs_h6
_16173,aes_key_expand_128_u0/aes_sbox_u0,kexp_sbox,bfs_h6
_16174,aes_key_expand_128_u0/aes_sbox_u0,kexp_sbox,bfs_h5
_16175,aes_key_expand_128_u0/aes_sbox_u0,kexp_sbox,bfs_h5
_16176,aes_cipher_top,top,bfs_h5
_16177,aes_key_expand_128_u0/aes_sbox_u0,kexp_sbox,bfs_h6
_16178,aes_key_expand_128_u0/aes_sbox_u0,kexp_sbox,bfs_h6
_16179,aes_key_expand_128_u0/aes_sbox_u0,kexp_sbox,bfs_h6
_16180,aes_cipher_top,top,unassigned
_16181,aes_cipher_top,top,bfs_h6
_16182,aes_cipher_top,top,bfs_h7
_16183,aes_key_expand_128_u0/aes_sbox_u0,kexp_sbox,bfs_h6
_16184,aes_key_expand_128_u0/aes_sbox_u0,kexp_sbox,bfs_h5
_16185,aes_key_expand_128_u0/aes_sbox_u0,kexp_sbox,bfs_h5
_16186,aes_key_expand_128_u0/aes_sbox_u0,kexp_sbox,bfs_h4
_16187,aes_key_expand_128_u0/aes_sbox_u0,kexp_sbox,bfs_h3
_16188,aes_key_expand_128_u0/aes_sbox_u0,kexp_sbox,bfs_h6
_16189,aes_key_expand_128_u0/aes_sbox_u0,kexp_sbox,bfs_h6
_16190,aes_key_expand_128_u0,key_expand,bfs_h2
_16191,aes_key_expand_128_u0/aes_sbox_u0,kexp_sbox,bfs_h6
_16192,aes_key_expand_128_u0/aes_sbox_u0,kexp_sbox,bfs_h6
_16193,aes_key_expand_128_u0/aes_sbox_u0,kexp_sbox,bfs_h5
_16194,aes_key_expand_128_u0/aes_sbox_u0,kexp_sbox,bfs_h5
_16195,aes_key_expand_128_u0/aes_sbox_u0,kexp_sbox,bfs_h5
_16196,aes_key_expand_128_u0/aes_sbox_u0,kexp_sbox,bfs_h6
_16197,aes_key_expand_128_u0/aes_sbox_u0,kexp_sbox,bfs_h6
_16198,aes_key_expand_128_u0/aes_sbox_u0,kexp_sbox,bfs_h6
_16199,aes_cipher_top,top,bfs_h7
_16200,aes_key_expand_128_u0/aes_sbox_u0,kexp_sbox,bfs_h6
_16201,aes_cipher_top,top,unassigned
_16202,aes_key_expand_128_u0/aes_sbox_u0,kexp_sbox,bfs_h5
_16203,aes_key_expand_128_u0/aes_sbox_u0,kexp_sbox,bfs_h4
_16204,aes_key_expand_128_u0/aes_sbox_u0,kexp_sbox,bfs_h5
_16205,aes_cipher_top,top,bfs_h8
_16206,aes_key_expand_128_u0/aes_sbox_u0,kexp_sbox,bfs_h6
_16207,aes_key_expand_128_u0/aes_sbox_u0,kexp_sbox,bfs_h5
_16208,aes_key_expand_128_u0/aes_sbox_u0,kexp_sbox,bfs_h5
_16209,aes_key_expand_128_u0/aes_sbox_u0,kexp_sbox,bfs_h4
_16210,aes_key_expand_128_u0/aes_sbox_u0,kexp_sbox,bfs_h4
_16211,aes_cipher_top,top,bfs_h6
_16212,aes_key_expand_128_u0/aes_sbox_u0,kexp_sbox,bfs_h6
_16213,aes_cipher_top,top,bfs_h7
_16214,aes_cipher_top,top,bfs_h6
_16215,aes_cipher_top,top,bfs_h7
_16216,aes_key_expand_128_u0/aes_sbox_u0,kexp_sbox,bfs_h6
_16217,aes_key_expand_128_u0/aes_sbox_u0,kexp_sbox,bfs_h6
_16218,aes_cipher_top,top,bfs_h8
_16219,aes_key_expand_128_u0/aes_sbox_u0,kexp_sbox,bfs_h5
_16220,aes_key_expand_128_u0/aes_sbox_u0,kexp_sbox,bfs_h4
_16221,aes_key_expand_128_u0,key_expand,bfs_h2
_16222,aes_key_expand_128_u0/aes_sbox_u0,kexp_sbox,bfs_h3
_16223,aes_key_expand_128_u0/aes_sbox_u0,kexp_sbox,bfs_h2
_16224,aes_cipher_top,top,bfs_h7
_16225,aes_cipher_top,top,bfs_h8
_16226,aes_key_expand_128_u0/aes_sbox_u0,kexp_sbox,bfs_h6
_16227,aes_key_expand_128_u0/aes_sbox_u0,kexp_sbox,bfs_h6
_16228,aes_key_expand_128_u0/aes_sbox_u0,kexp_sbox,bfs_h5
_16229,aes_key_expand_128_u0/aes_sbox_u0,kexp_sbox,bfs_h6
_16230,aes_key_expand_128_u0/aes_sbox_u0,kexp_sbox,bfs_h6
_16231,aes_key_expand_128_u0/aes_sbox_u0,kexp_sbox,bfs_h6
_16232,aes_cipher_top,top,bfs_h6
_16233,aes_key_expand_128_u0/aes_sbox_u0,kexp_sbox,bfs_h6
_16234,aes_key_expand_128_u0/aes_sbox_u0,kexp_sbox,bfs_h6
_16235,aes_key_expand_128_u0/aes_sbox_u0,kexp_sbox,bfs_h6
_16236,aes_key_expand_128_u0/aes_sbox_u0,kexp_sbox,bfs_h5
_16237,aes_key_expand_128_u0/aes_sbox_u0,kexp_sbox,bfs_h5
_16238,aes_cipher_top,top,bfs_h8
_16239,aes_key_expand_128_u0/aes_sbox_u0,kexp_sbox,bfs_h6
_16240,aes_key_expand_128_u0/aes_sbox_u0,kexp_sbox,bfs_h6
_16241,aes_key_expand_128_u0,key_expand,bfs_h2
_16242,aes_key_expand_128_u0/aes_sbox_u0,kexp_sbox,bfs_h6
_16243,aes_key_expand_128_u0/aes_sbox_u0,kexp_sbox,bfs_h6
_16244,aes_key_expand_128_u0/aes_sbox_u0,kexp_sbox,bfs_h5
_16245,aes_key_expand_128_u0/aes_sbox_u0,kexp_sbox,bfs_h5
_16246,aes_key_expand_128_u0/aes_sbox_u0,kexp_sbox,bfs_h6
_16247,aes_key_expand_128_u0/aes_sbox_u0,kexp_sbox,bfs_h5
_16248,aes_key_expand_128_u0/aes_sbox_u0,kexp_sbox,bfs_h5
_16249,aes_cipher_top,top,unassigned
_16250,aes_key_expand_128_u0/aes_sbox_u0,kexp_sbox,bfs_h5
_16251,aes_key_expand_128_u0/aes_sbox_u0,kexp_sbox,bfs_h5
_16252,aes_key_expand_128_u0/aes_sbox_u0,kexp_sbox,bfs_h5
_16253,aes_key_expand_128_u0,key_expand,bfs_h2
_16254,aes_key_expand_128_u0/aes_sbox_u0,kexp_sbox,bfs_h6
_16255,aes_cipher_top,top,unassigned
_16256,aes_key_expand_128_u0/aes_sbox_u0,kexp_sbox,bfs_h6
_16257,aes_cipher_top,top,unassigned
_16258,aes_key_expand_128_u0/aes_sbox_u0,kexp_sbox,bfs_h5
_16259,aes_cipher_top,top,bfs_h8
_16260,aes_key_expand_128_u0/aes_sbox_u0,kexp_sbox,bfs_h6
_16261,aes_key_expand_128_u0/aes_sbox_u0,kexp_sbox,bfs_h5
_16262,aes_key_expand_128_u0/aes_sbox_u0,kexp_sbox,bfs_h6
_16263,aes_key_expand_128_u0/aes_sbox_u0,kexp_sbox,bfs_h5
_16264,aes_key_expand_128_u0/aes_sbox_u0,kexp_sbox,bfs_h6
_16265,aes_cipher_top,top,unassigned
_16266,aes_cipher_top,top,bfs_h7
_16267,aes_key_expand_128_u0/aes_sbox_u0,kexp_sbox,bfs_h6
_16268,aes_key_expand_128_u0/aes_sbox_u0,kexp_sbox,bfs_h5
_16269,aes_key_expand_128_u0/aes_sbox_u0,kexp_sbox,bfs_h4
_16270,aes_key_expand_128_u0/aes_sbox_u0,kexp_sbox,bfs_h6
_16271,aes_key_expand_128_u0,key_expand,bfs_h2
_16272,aes_key_expand_128_u0/aes_sbox_u0,kexp_sbox,bfs_h6
_16273,aes_key_expand_128_u0/aes_sbox_u0,kexp_sbox,bfs_h5
_16274,aes_key_expand_128_u0/aes_sbox_u0,kexp_sbox,bfs_h5
_16275,aes_key_expand_128_u0/aes_sbox_u0,kexp_sbox,bfs_h4
_16276,aes_key_expand_128_u0/aes_sbox_u0,kexp_sbox,bfs_h4
_16277,aes_key_expand_128_u0/aes_sbox_u0,kexp_sbox,bfs_h3
_16278,aes_key_expand_128_u0/aes_sbox_u0,kexp_sbox,bfs_h3
_16279,aes_key_expand_128_u0/aes_sbox_u0,kexp_sbox,bfs_h2
_16280,aes_key_expand_128_u0/aes_sbox_u0,kexp_sbox,bfs_h1
_16281,aes_key_expand_128_u0/aes_sbox_u0,kexp_sbox,bfs_h6
_16282,aes_key_expand_128_u0/aes_sbox_u0,kexp_sbox,bfs_h5
_16283,aes_key_expand_128_u0/aes_sbox_u0,kexp_sbox,bfs_h5
_16284,aes_key_expand_128_u0/aes_sbox_u0,kexp_sbox,bfs_h4
_16285,aes_key_expand_128_u0,key_expand,bfs_h2
_16286,aes_cipher_top,top,bfs_h8
_16287,aes_cipher_top,top,bfs_h8
_16288,aes_key_expand_128_u0/aes_sbox_u0,kexp_sbox,bfs_h5
_16289,aes_key_expand_128_u0/aes_sbox_u0,kexp_sbox,bfs_h5
_16290,aes_key_expand_128_u0/aes_sbox_u0,kexp_sbox,bfs_h5
_16291,aes_key_expand_128_u0/aes_sbox_u0,kexp_sbox,bfs_h4
_16292,aes_key_expand_128_u0/aes_sbox_u0,kexp_sbox,bfs_h4
_16293,aes_cipher_top,top,bfs_h8
_16294,aes_key_expand_128_u0/aes_sbox_u0,kexp_sbox,bfs_h6
_16295,aes_key_expand_128_u0/aes_sbox_u0,kexp_sbox,bfs_h6
_16296,aes_key_expand_128_u0/aes_sbox_u0,kexp_sbox,bfs_h5
_16297,aes_key_expand_128_u0/aes_sbox_u0,kexp_sbox,bfs_h5
_16298,aes_key_expand_128_u0/aes_sbox_u0,kexp_sbox,bfs_h5
_16299,aes_key_expand_128_u0/aes_sbox_u0,kexp_sbox,bfs_h5
_16300,aes_key_expand_128_u0,key_expand,bfs_h2
_16301,aes_cipher_top,top,bfs_h6
_16302,aes_key_expand_128_u0/aes_sbox_u0,kexp_sbox,bfs_h6
_16303,aes_cipher_top,top,unassigned
_16304,aes_key_expand_128_u0/aes_sbox_u0,kexp_sbox,bfs_h5
_16305,aes_key_expand_128_u0/aes_sbox_u0,kexp_sbox,bfs_h5
_16306,aes_key_expand_128_u0/aes_sbox_u0,kexp_sbox,bfs_h6
_16307,aes_key_expand_128_u0/aes_sbox_u0,kexp_sbox,bfs_h5
_16308,aes_key_expand_128_u0/aes_sbox_u0,kexp_sbox,bfs_h5
_16309,aes_key_expand_128_u0/aes_sbox_u0,kexp_sbox,bfs_h4
_16310,aes_key_expand_128_u0/aes_sbox_u0,kexp_sbox,bfs_h5
_16311,aes_key_expand_128_u0/aes_sbox_u0,kexp_sbox,bfs_h6
_16312,aes_key_expand_128_u0/aes_sbox_u0,kexp_sbox,bfs_h5
_16313,aes_key_expand_128_u0,key_expand,bfs_h2
_16314,aes_key_expand_128_u0/aes_sbox_u0,kexp_sbox,bfs_h6
_16315,aes_key_expand_128_u0/aes_sbox_u0,kexp_sbox,bfs_h6
_16316,aes_key_expand_128_u0,key_expand,bfs_h2
_16317,aes_key_expand_128_u0/aes_sbox_u0,kexp_sbox,bfs_h5
_16318,aes_key_expand_128_u0/aes_sbox_u0,kexp_sbox,bfs_h5
_16319,aes_key_expand_128_u0/aes_sbox_u0,kexp_sbox,bfs_h4
_16320,aes_key_expand_128_u0/aes_sbox_u0,kexp_sbox,bfs_h3
_16321,aes_key_expand_128_u0/aes_sbox_u0,kexp_sbox,bfs_h3
_16322,aes_key_expand_128_u0/aes_sbox_u0,kexp_sbox,bfs_h2
_16323,aes_key_expand_128_u0,key_expand,bfs_h2
_16324,aes_key_expand_128_u0/aes_sbox_u0,kexp_sbox,bfs_h5
_16325,aes_cipher_top,top,unassigned
_16326,aes_key_expand_128_u0/aes_sbox_u0,kexp_sbox,bfs_h6
_16327,aes_key_expand_128_u0,key_expand,bfs_h2
_16328,aes_key_expand_128_u0/aes_sbox_u0,kexp_sbox,bfs_h4
_16329,aes_key_expand_128_u0/aes_sbox_u0,kexp_sbox,bfs_h6
_16330,aes_cipher_top,top,unassigned
_16331,aes_key_expand_128_u0/aes_sbox_u0,kexp_sbox,bfs_h5
_16332,aes_key_expand_128_u0/aes_sbox_u0,kexp_sbox,bfs_h5
_16333,aes_key_expand_128_u0/aes_sbox_u0,kexp_sbox,bfs_h4
_16334,aes_key_expand_128_u0,key_expand,bfs_h2
_16335,aes_key_expand_128_u0/aes_sbox_u0,kexp_sbox,bfs_h5
_16336,aes_key_expand_128_u0,key_expand,bfs_h2
_16337,aes_cipher_top,top,unassigned
_16338,aes_key_expand_128_u0/aes_sbox_u0,kexp_sbox,bfs_h5
_16339,aes_key_expand_128_u0/aes_sbox_u0,kexp_sbox,bfs_h4
_16340,aes_key_expand_128_u0/aes_sbox_u0,kexp_sbox,bfs_h3
_16341,aes_key_expand_128_u0/aes_sbox_u0,kexp_sbox,bfs_h3
_16342,aes_key_expand_128_u0/aes_sbox_u0,kexp_sbox,bfs_h5
_16343,aes_key_expand_128_u0/aes_sbox_u0,kexp_sbox,bfs_h5
_16344,aes_key_expand_128_u0/aes_sbox_u0,kexp_sbox,bfs_h6
_16345,aes_key_expand_128_u0/aes_sbox_u0,kexp_sbox,bfs_h5
_16346,aes_key_expand_128_u0/aes_sbox_u0,kexp_sbox,bfs_h5
_16347,aes_cipher_top,top,bfs_h8
_16348,aes_key_expand_128_u0/aes_sbox_u0,kexp_sbox,bfs_h5
_16349,aes_key_expand_128_u0/aes_sbox_u0,kexp_sbox,bfs_h4
_16350,aes_key_expand_128_u0/aes_sbox_u0,kexp_sbox,bfs_h6
_16351,aes_key_expand_128_u0/aes_sbox_u0,kexp_sbox,bfs_h5
_16352,aes_cipher_top,top,unassigned
_16353,aes_key_expand_128_u0/aes_sbox_u0,kexp_sbox,bfs_h5
_16354,aes_key_expand_128_u0/aes_sbox_u0,kexp_sbox,bfs_h5
_16355,aes_key_expand_128_u0/aes_sbox_u0,kexp_sbox,bfs_h5
_16356,aes_key_expand_128_u0,key_expand,bfs_h2
_16357,aes_key_expand_128_u0/aes_sbox_u0,kexp_sbox,bfs_h3
_16358,aes_key_expand_128_u0/aes_sbox_u0,kexp_sbox,bfs_h2
_16359,aes_key_expand_128_u0/aes_sbox_u0,kexp_sbox,bfs_h1
_16360,aes_key_expand_128_u0,key_expand,bfs_h2
_16361,aes_key_expand_128_u0/aes_sbox_u0,kexp_sbox,bfs_h5
_16362,aes_key_expand_128_u0/aes_sbox_u0,kexp_sbox,bfs_h5
_16363,aes_key_expand_128_u0/aes_sbox_u0,kexp_sbox,bfs_h4
_16364,aes_key_expand_128_u0/aes_sbox_u0,kexp_sbox,bfs_h5
_16365,aes_key_expand_128_u0/aes_sbox_u0,kexp_sbox,bfs_h4
_16366,aes_key_expand_128_u0/aes_sbox_u0,kexp_sbox,bfs_h3
_16367,aes_key_expand_128_u0/aes_sbox_u0,kexp_sbox,bfs_h5
_16368,aes_key_expand_128_u0/aes_sbox_u0,kexp_sbox,bfs_h5
_16369,aes_key_expand_128_u0/aes_sbox_u0,kexp_sbox,bfs_h4
_16370,aes_key_expand_128_u0/aes_sbox_u0,kexp_sbox,bfs_h5
_16371,aes_cipher_top,top,bfs_h7
_16372,aes_key_expand_128_u0/aes_sbox_u0,kexp_sbox,bfs_h5
_16373,aes_key_expand_128_u0/aes_sbox_u0,kexp_sbox,bfs_h4
_16374,aes_key_expand_128_u0/aes_sbox_u0,kexp_sbox,bfs_h3
_16375,aes_key_expand_128_u0/aes_sbox_u0,kexp_sbox,bfs_h5
_16376,aes_key_expand_128_u0/aes_sbox_u0,kexp_sbox,bfs_h6
_16377,aes_key_expand_128_u0/aes_sbox_u0,kexp_sbox,bfs_h5
_16378,aes_key_expand_128_u0/aes_sbox_u0,kexp_sbox,bfs_h6
_16379,aes_key_expand_128_u0/aes_sbox_u0,kexp_sbox,bfs_h5
_16380,aes_key_expand_128_u0/aes_sbox_u0,kexp_sbox,bfs_h4
_16381,aes_cipher_top,top,unassigned
_16382,aes_key_expand_128_u0/aes_sbox_u0,kexp_sbox,bfs_h5
_16383,aes_key_expand_128_u0/aes_sbox_u0,kexp_sbox,bfs_h5
_16384,aes_key_expand_128_u0/aes_sbox_u0,kexp_sbox,bfs_h4
_16385,aes_cipher_top,top,bfs_h7
_16386,aes_key_expand_128_u0/aes_sbox_u0,kexp_sbox,bfs_h6
_16387,aes_key_expand_128_u0/aes_sbox_u0,kexp_sbox,bfs_h5
_16388,aes_key_expand_128_u0/aes_sbox_u0,kexp_sbox,bfs_h4
_16389,aes_key_expand_128_u0/aes_sbox_u0,kexp_sbox,bfs_h3
_16390,aes_key_expand_128_u0/aes_sbox_u0,kexp_sbox,bfs_h2
_16391,aes_cipher_top,top,bfs_h6
_16392,aes_key_expand_128_u0,key_expand,bfs_h2
_16393,aes_cipher_top,top,unassigned
_16394,aes_key_expand_128_u0/aes_sbox_u0,kexp_sbox,bfs_h5
_16395,aes_key_expand_128_u0/aes_sbox_u0,kexp_sbox,bfs_h4
_16396,aes_key_expand_128_u0/aes_sbox_u0,kexp_sbox,bfs_h4
_16397,aes_key_expand_128_u0/aes_sbox_u0,kexp_sbox,bfs_h5
_16398,aes_cipher_top,top,bfs_h7
_16399,aes_key_expand_128_u0/aes_sbox_u0,kexp_sbox,bfs_h6
_16400,aes_key_expand_128_u0/aes_sbox_u0,kexp_sbox,bfs_h5
_16401,aes_key_expand_128_u0,key_expand,bfs_h2
_16402,aes_cipher_top,top,bfs_h8
_16403,aes_key_expand_128_u0/aes_sbox_u0,kexp_sbox,bfs_h5
_16404,aes_key_expand_128_u0/aes_sbox_u0,kexp_sbox,bfs_h5
_16405,aes_key_expand_128_u0/aes_sbox_u0,kexp_sbox,bfs_h5
_16406,aes_key_expand_128_u0/aes_sbox_u0,kexp_sbox,bfs_h4
_16407,aes_cipher_top,top,bfs_h7
_16408,aes_key_expand_128_u0/aes_sbox_u0,kexp_sbox,bfs_h5
_16409,aes_key_expand_128_u0/aes_sbox_u0,kexp_sbox,bfs_h5
_16410,aes_key_expand_128_u0/aes_sbox_u0,kexp_sbox,bfs_h4
_16411,aes_key_expand_128_u0/aes_sbox_u0,kexp_sbox,bfs_h3
_16412,aes_cipher_top,top,bfs_h8
_16413,aes_key_expand_128_u0/aes_sbox_u0,kexp_sbox,bfs_h5
_16414,aes_key_expand_128_u0/aes_sbox_u0,kexp_sbox,bfs_h4
_16415,aes_key_expand_128_u0/aes_sbox_u0,kexp_sbox,bfs_h5
_16416,aes_key_expand_128_u0/aes_sbox_u0,kexp_sbox,bfs_h5
_16417,aes_key_expand_128_u0/aes_sbox_u0,kexp_sbox,bfs_h4
_16418,aes_key_expand_128_u0/aes_sbox_u0,kexp_sbox,bfs_h3
_16419,aes_key_expand_128_u0/aes_sbox_u0,kexp_sbox,bfs_h5
_16420,aes_key_expand_128_u0/aes_sbox_u0,kexp_sbox,bfs_h4
_16421,aes_cipher_top,top,bfs_h8
_16422,aes_key_expand_128_u0/aes_sbox_u0,kexp_sbox,bfs_h6
_16423,aes_cipher_top,top,bfs_h7
_16424,aes_cipher_top,top,bfs_h8
_16425,aes_cipher_top,top,unassigned
_16426,aes_key_expand_128_u0/aes_sbox_u0,kexp_sbox,bfs_h5
_16427,aes_key_expand_128_u0,key_expand,bfs_h2
_16428,aes_key_expand_128_u0/aes_sbox_u0,kexp_sbox,bfs_h2
_16429,aes_key_expand_128_u0/aes_sbox_u0,kexp_sbox,bfs_h1
_16430,aes_key_expand_128_u0/aes_sbox_u0,kexp_sbox,bfs_h5
_16431,aes_key_expand_128_u0/aes_sbox_u0,kexp_sbox,bfs_h5
_16432,aes_key_expand_128_u0/aes_sbox_u0,kexp_sbox,bfs_h6
_16433,aes_key_expand_128_u0/aes_sbox_u0,kexp_sbox,bfs_h6
_16434,aes_key_expand_128_u0/aes_sbox_u0,kexp_sbox,bfs_h5
_16435,aes_key_expand_128_u0/aes_sbox_u0,kexp_sbox,bfs_h4
_16436,aes_key_expand_128_u0/aes_sbox_u0,kexp_sbox,bfs_h5
_16437,aes_key_expand_128_u0/aes_sbox_u0,kexp_sbox,bfs_h5
_16438,aes_key_expand_128_u0/aes_sbox_u0,kexp_sbox,bfs_h5
_16439,aes_cipher_top,top,unassigned
_16440,aes_key_expand_128_u0/aes_sbox_u0,kexp_sbox,bfs_h6
_16441,aes_key_expand_128_u0/aes_sbox_u0,kexp_sbox,bfs_h5
_16442,aes_key_expand_128_u0/aes_sbox_u0,kexp_sbox,bfs_h5
_16443,aes_key_expand_128_u0/aes_sbox_u0,kexp_sbox,bfs_h4
_16444,aes_key_expand_128_u0/aes_sbox_u0,kexp_sbox,bfs_h4
_16445,aes_key_expand_128_u0/aes_sbox_u0,kexp_sbox,bfs_h3
_16446,aes_key_expand_128_u0/aes_sbox_u0,kexp_sbox,bfs_h5
_16447,aes_key_expand_128_u0/aes_sbox_u0,kexp_sbox,bfs_h4
_16448,aes_key_expand_128_u0/aes_sbox_u0,kexp_sbox,bfs_h3
_16449,aes_cipher_top,top,unassigned
_16450,aes_key_expand_128_u0/aes_sbox_u0,kexp_sbox,bfs_h5
_16451,aes_key_expand_128_u0/aes_sbox_u0,kexp_sbox,bfs_h5
_16452,aes_key_expand_128_u0/aes_sbox_u0,kexp_sbox,bfs_h5
_16453,aes_key_expand_128_u0/aes_sbox_u0,kexp_sbox,bfs_h4
_16454,aes_key_expand_128_u0/aes_sbox_u0,kexp_sbox,bfs_h3
_16455,aes_key_expand_128_u0/aes_sbox_u0,kexp_sbox,bfs_h2
_16456,aes_key_expand_128_u0/aes_sbox_u0,kexp_sbox,bfs_h5
_16457,aes_key_expand_128_u0/aes_sbox_u0,kexp_sbox,bfs_h6
_16458,aes_key_expand_128_u0,key_expand,bfs_h2
_16459,aes_key_expand_128_u0/aes_sbox_u0,kexp_sbox,bfs_h5
_16460,aes_key_expand_128_u0/aes_sbox_u0,kexp_sbox,bfs_h5
_16461,aes_key_expand_128_u0/aes_sbox_u0,kexp_sbox,bfs_h4
_16462,aes_key_expand_128_u0/aes_sbox_u0,kexp_sbox,bfs_h5
_16463,aes_cipher_top,top,unassigned
_16464,aes_key_expand_128_u0/aes_sbox_u0,kexp_sbox,bfs_h5
_16465,aes_key_expand_128_u0/aes_sbox_u0,kexp_sbox,bfs_h5
_16466,aes_key_expand_128_u0/aes_sbox_u0,kexp_sbox,bfs_h6
_16467,aes_key_expand_128_u0/aes_sbox_u0,kexp_sbox,bfs_h5
_16468,aes_key_expand_128_u0,key_expand,bfs_h2
_16469,aes_key_expand_128_u0,key_expand,bfs_h2
_16470,aes_key_expand_128_u0/aes_sbox_u0,kexp_sbox,bfs_h6
_16471,aes_key_expand_128_u0/aes_sbox_u0,kexp_sbox,bfs_h5
_16472,aes_key_expand_128_u0/aes_sbox_u0,kexp_sbox,bfs_h5
_16473,aes_cipher_top,top,unassigned
_16474,aes_key_expand_128_u0,key_expand,bfs_h2
_16475,aes_cipher_top,top,unassigned
_16476,aes_key_expand_128_u0/aes_sbox_u0,kexp_sbox,bfs_h6
_16477,aes_key_expand_128_u0/aes_sbox_u0,kexp_sbox,bfs_h5
_16478,aes_key_expand_128_u0/aes_sbox_u0,kexp_sbox,bfs_h4
_16479,aes_key_expand_128_u0/aes_sbox_u0,kexp_sbox,bfs_h5
_16480,aes_key_expand_128_u0/aes_sbox_u0,kexp_sbox,bfs_h5
_16481,aes_key_expand_128_u0/aes_sbox_u0,kexp_sbox,bfs_h4
_16482,aes_key_expand_128_u0/aes_sbox_u0,kexp_sbox,bfs_h5
_16483,aes_key_expand_128_u0/aes_sbox_u0,kexp_sbox,bfs_h4
_16484,aes_key_expand_128_u0/aes_sbox_u0,kexp_sbox,bfs_h3
_16485,aes_key_expand_128_u0/aes_sbox_u0,kexp_sbox,bfs_h3
_16486,aes_key_expand_128_u0,key_expand,bfs_h2
_16487,aes_key_expand_128_u0/aes_sbox_u0,kexp_sbox,bfs_h1
_16488,aes_key_expand_128_u0/aes_sbox_u0,kexp_sbox,bfs_h4
_16489,aes_key_expand_128_u0/aes_sbox_u0,kexp_sbox,bfs_h5
_16490,aes_key_expand_128_u0/aes_sbox_u0,kexp_sbox,bfs_h4
_16491,aes_key_expand_128_u0/aes_sbox_u0,kexp_sbox,bfs_h3
_16492,aes_key_expand_128_u0/aes_sbox_u0,kexp_sbox,bfs_h5
_16493,aes_key_expand_128_u0,key_expand,bfs_h2
_16494,aes_key_expand_128_u0/aes_sbox_u0,kexp_sbox,bfs_h6
_16495,aes_key_expand_128_u0/aes_sbox_u0,kexp_sbox,bfs_h5
_16496,aes_cipher_top,top,unassigned
_16497,aes_key_expand_128_u0,key_expand,bfs_h2
_16498,aes_key_expand_128_u0,key_expand,bfs_h2
_16499,aes_key_expand_128_u0/aes_sbox_u0,kexp_sbox,bfs_h6
_16500,aes_key_expand_128_u0/aes_sbox_u0,kexp_sbox,bfs_h5
_16501,aes_key_expand_128_u0/aes_sbox_u0,kexp_sbox,bfs_h5
_16502,aes_key_expand_128_u0,key_expand,bfs_h2
_16503,aes_cipher_top,top,bfs_h8
_16504,aes_cipher_top,top,unassigned
_16505,aes_key_expand_128_u0,key_expand,bfs_h2
_16506,aes_cipher_top,top,bfs_h8
_16507,aes_key_expand_128_u0/aes_sbox_u0,kexp_sbox,bfs_h5
_16508,aes_key_expand_128_u0,key_expand,bfs_h2
_16509,aes_key_expand_128_u0/aes_sbox_u0,kexp_sbox,bfs_h5
_16510,aes_key_expand_128_u0,key_expand,bfs_h2
_16511,aes_key_expand_128_u0/aes_sbox_u0,kexp_sbox,bfs_h2
_16512,aes_key_expand_128_u0,key_expand,bfs_h2
_16513,aes_key_expand_128_u0/aes_sbox_u0,kexp_sbox,bfs_h4
_16514,aes_key_expand_128_u0/aes_sbox_u0,kexp_sbox,bfs_h5
_16515,aes_key_expand_128_u0/aes_sbox_u0,kexp_sbox,bfs_h5
_16516,aes_key_expand_128_u0/aes_sbox_u0,kexp_sbox,bfs_h4
_16517,aes_key_expand_128_u0/aes_sbox_u0,kexp_sbox,bfs_h3
_16518,aes_key_expand_128_u0/aes_sbox_u0,kexp_sbox,bfs_h5
_16519,aes_key_expand_128_u0,key_expand,bfs_h2
_16520,aes_key_expand_128_u0/aes_sbox_u0,kexp_sbox,bfs_h5
_16521,aes_key_expand_128_u0,key_expand,bfs_h2
_16522,aes_key_expand_128_u0/aes_sbox_u0,kexp_sbox,bfs_h2
_16523,aes_key_expand_128_u0/aes_sbox_u0,kexp_sbox,bfs_h6
_16524,aes_key_expand_128_u0,key_expand,bfs_h2
_16525,aes_key_expand_128_u0/aes_sbox_u0,kexp_sbox,bfs_h5
_16526,aes_key_expand_128_u0/aes_sbox_u0,kexp_sbox,bfs_h5
_16527,aes_key_expand_128_u0,key_expand,bfs_h2
_16528,aes_cipher_top,top,bfs_h8
_16529,aes_key_expand_128_u0/aes_sbox_u0,kexp_sbox,bfs_h6
_16530,aes_key_expand_128_u0/aes_sbox_u0,kexp_sbox,bfs_h5
_16531,aes_key_expand_128_u0/aes_sbox_u0,kexp_sbox,bfs_h6
_16532,aes_key_expand_128_u0/aes_sbox_u0,kexp_sbox,bfs_h5
_16533,aes_key_expand_128_u0,key_expand,bfs_h2
_16534,aes_key_expand_128_u0/aes_sbox_u0,kexp_sbox,bfs_h2
_16535,aes_key_expand_128_u0/aes_sbox_u0,kexp_sbox,bfs_h1
_16536,aes_key_expand_128_u0/aes_sbox_u0,kexp_sbox,bfs_h5
_16537,aes_key_expand_128_u0,key_expand,bfs_h2
_16538,aes_key_expand_128_u0/aes_sbox_u0,kexp_sbox,bfs_h5
_16539,aes_key_expand_128_u0,key_expand,bfs_h2
_16540,aes_key_expand_128_u0/aes_sbox_u0,kexp_sbox,bfs_h3
_16541,aes_key_expand_128_u0/aes_sbox_u0,kexp_sbox,bfs_h5
_16542,aes_key_expand_128_u0,key_expand,bfs_h2
_16543,aes_cipher_top,top,bfs_h8
_16544,aes_key_expand_128_u0,key_expand,bfs_h2
_16545,aes_key_expand_128_u0/aes_sbox_u0,kexp_sbox,bfs_h5
_16546,aes_cipher_top,top,unassigned
_16547,aes_key_expand_128_u0,key_expand,bfs_h2
_16548,aes_cipher_top,top,unassigned
_16549,aes_key_expand_128_u0/aes_sbox_u0,kexp_sbox,bfs_h6
_16550,aes_cipher_top,top,bfs_h5
_16551,aes_key_expand_128_u0/aes_sbox_u0,kexp_sbox,bfs_h5
_16552,aes_key_expand_128_u0,key_expand,bfs_h2
_16553,aes_key_expand_128_u0/aes_sbox_u0,kexp_sbox,bfs_h5
_16554,aes_key_expand_128_u0/aes_sbox_u0,kexp_sbox,bfs_h5
_16555,aes_key_expand_128_u0/aes_sbox_u0,kexp_sbox,bfs_h4
_16556,aes_key_expand_128_u0,key_expand,bfs_h2
_16557,aes_key_expand_128_u0,key_expand,bfs_h2
_16558,aes_key_expand_128_u0/aes_sbox_u0,kexp_sbox,bfs_h6
_16559,aes_key_expand_128_u0/aes_sbox_u0,kexp_sbox,bfs_h5
_16560,aes_key_expand_128_u0/aes_sbox_u0,kexp_sbox,bfs_h6
_16561,aes_cipher_top,top,unassigned
_16562,aes_key_expand_128_u0/aes_sbox_u0,kexp_sbox,bfs_h5
_16563,aes_key_expand_128_u0/aes_sbox_u0,kexp_sbox,bfs_h5
_16564,aes_key_expand_128_u0,key_expand,bfs_h2
_16565,aes_key_expand_128_u0/aes_sbox_u0,kexp_sbox,bfs_h5
_16566,aes_key_expand_128_u0/aes_sbox_u0,kexp_sbox,bfs_h4
_16567,aes_key_expand_128_u0,key_expand,bfs_h2
_16568,aes_key_expand_128_u0/aes_sbox_u0,kexp_sbox,bfs_h4
_16569,aes_key_expand_128_u0/aes_sbox_u0,kexp_sbox,bfs_h3
_16570,aes_key_expand_128_u0/aes_sbox_u0,kexp_sbox,bfs_h6
_16571,aes_key_expand_128_u0/aes_sbox_u0,kexp_sbox,bfs_h5
_16572,aes_cipher_top,top,unassigned
_16573,aes_key_expand_128_u0/aes_sbox_u0,kexp_sbox,bfs_h5
_16574,aes_key_expand_128_u0,key_expand,bfs_h2
_16575,aes_cipher_top,top,bfs_h8
_16576,aes_cipher_top,top,bfs_h8
_16577,aes_key_expand_128_u0/aes_sbox_u0,kexp_sbox,bfs_h5
_16578,aes_key_expand_128_u0/aes_sbox_u0,kexp_sbox,bfs_h6
_16579,aes_key_expand_128_u0/aes_sbox_u0,kexp_sbox,bfs_h5
_16580,aes_key_expand_128_u0,key_expand,bfs_h2
_16581,aes_key_expand_128_u0/aes_sbox_u0,kexp_sbox,bfs_h3
_16582,aes_key_expand_128_u0/aes_sbox_u0,kexp_sbox,bfs_h2
_16583,aes_key_expand_128_u0/aes_sbox_u0,kexp_sbox,bfs_h1
_16584,aes_key_expand_128_u0/aes_sbox_u0,kexp_sbox,bfs_h5
_16585,aes_key_expand_128_u0/aes_sbox_u0,kexp_sbox,bfs_h6
_16586,aes_key_expand_128_u0/aes_sbox_u0,kexp_sbox,bfs_h5
_16587,aes_key_expand_128_u0/aes_sbox_u0,kexp_sbox,bfs_h5
_16588,aes_key_expand_128_u0/aes_sbox_u0,kexp_sbox,bfs_h5
_16589,aes_key_expand_128_u0/aes_sbox_u0,kexp_sbox,bfs_h4
_16590,aes_key_expand_128_u0/aes_sbox_u0,kexp_sbox,bfs_h4
_16591,aes_key_expand_128_u0/aes_sbox_u0,kexp_sbox,bfs_h5
_16592,aes_key_expand_128_u0/aes_sbox_u0,kexp_sbox,bfs_h5
_16593,aes_key_expand_128_u0/aes_sbox_u0,kexp_sbox,bfs_h4
_16594,aes_key_expand_128_u0/aes_sbox_u0,kexp_sbox,bfs_h5
_16595,aes_key_expand_128_u0/aes_sbox_u0,kexp_sbox,bfs_h4
_16596,aes_key_expand_128_u0/aes_sbox_u0,kexp_sbox,bfs_h3
_16597,aes_key_expand_128_u0/aes_sbox_u0,kexp_sbox,bfs_h3
_16598,aes_key_expand_128_u0,key_expand,bfs_h2
_16599,aes_key_expand_128_u0/aes_sbox_u0,kexp_sbox,bfs_h6
_16600,aes_key_expand_128_u0/aes_sbox_u0,kexp_sbox,bfs_h5
_16601,aes_key_expand_128_u0/aes_sbox_u0,kexp_sbox,bfs_h6
_16602,aes_key_expand_128_u0/aes_sbox_u0,kexp_sbox,bfs_h5
_16603,aes_key_expand_128_u0/aes_sbox_u0,kexp_sbox,bfs_h5
_16604,aes_cipher_top,top,unassigned
_16605,aes_key_expand_128_u0/aes_sbox_u0,kexp_sbox,bfs_h5
_16606,aes_key_expand_128_u0/aes_sbox_u0,kexp_sbox,bfs_h5
_16607,aes_key_expand_128_u0/aes_sbox_u0,kexp_sbox,bfs_h5
_16608,aes_cipher_top,top,unassigned
_16609,aes_key_expand_128_u0/aes_sbox_u0,kexp_sbox,bfs_h5
_16610,aes_key_expand_128_u0,key_expand,bfs_h2
_16611,aes_key_expand_128_u0,key_expand,bfs_h2
_16612,aes_key_expand_128_u0/aes_sbox_u0,kexp_sbox,bfs_h5
_16613,aes_key_expand_128_u0/aes_sbox_u0,kexp_sbox,bfs_h5
_16614,aes_key_expand_128_u0/aes_sbox_u0,kexp_sbox,bfs_h4
_16615,aes_key_expand_128_u0/aes_sbox_u0,kexp_sbox,bfs_h4
_16616,aes_key_expand_128_u0/aes_sbox_u0,kexp_sbox,bfs_h6
_16617,aes_key_expand_128_u0/aes_sbox_u0,kexp_sbox,bfs_h5
_16618,aes_key_expand_128_u0/aes_sbox_u0,kexp_sbox,bfs_h5
_16619,aes_key_expand_128_u0/aes_sbox_u0,kexp_sbox,bfs_h4
_16620,aes_key_expand_128_u0/aes_sbox_u0,kexp_sbox,bfs_h3
_16621,aes_key_expand_128_u0/aes_sbox_u0,kexp_sbox,bfs_h4
_16622,aes_key_expand_128_u0/aes_sbox_u0,kexp_sbox,bfs_h5
_16623,aes_key_expand_128_u0/aes_sbox_u0,kexp_sbox,bfs_h4
_16624,aes_key_expand_128_u0/aes_sbox_u0,kexp_sbox,bfs_h3
_16625,aes_key_expand_128_u0,key_expand,bfs_h2
_16626,aes_key_expand_128_u0/aes_sbox_u0,kexp_sbox,bfs_h6
_16627,aes_key_expand_128_u0/aes_sbox_u0,kexp_sbox,bfs_h5
_16628,aes_key_expand_128_u0/aes_sbox_u0,kexp_sbox,bfs_h6
_16629,aes_key_expand_128_u0/aes_sbox_u0,kexp_sbox,bfs_h6
_16630,aes_key_expand_128_u0/aes_sbox_u0,kexp_sbox,bfs_h5
_16631,aes_key_expand_128_u0/aes_sbox_u0,kexp_sbox,bfs_h4
_16632,aes_key_expand_128_u0/aes_sbox_u0,kexp_sbox,bfs_h3
_16633,aes_key_expand_128_u0/aes_sbox_u0,kexp_sbox,bfs_h2
_16634,aes_key_expand_128_u0/aes_sbox_u0,kexp_sbox,bfs_h1
_16635,aes_key_expand_128_u0/aes_sbox_u0,kexp_sbox,bfs_h5
_16636,aes_key_expand_128_u0/aes_sbox_u0,kexp_sbox,bfs_h5
_16637,aes_key_expand_128_u0/aes_sbox_u0,kexp_sbox,bfs_h4
_16638,aes_key_expand_128_u0,key_expand,bfs_h2
_16639,aes_key_expand_128_u0/aes_sbox_u0,kexp_sbox,bfs_h3
_16640,aes_key_expand_128_u0/aes_sbox_u0,kexp_sbox,bfs_h5
_16641,aes_key_expand_128_u0/aes_sbox_u0,kexp_sbox,bfs_h4
_16642,aes_key_expand_128_u0/aes_sbox_u0,kexp_sbox,bfs_h5
_16643,aes_key_expand_128_u0/aes_sbox_u0,kexp_sbox,bfs_h5
_16644,aes_key_expand_128_u0/aes_sbox_u0,kexp_sbox,bfs_h4
_16645,aes_key_expand_128_u0/aes_sbox_u0,kexp_sbox,bfs_h3
_16646,aes_key_expand_128_u0/aes_sbox_u0,kexp_sbox,bfs_h2
_16647,aes_key_expand_128_u0/aes_sbox_u0,kexp_sbox,bfs_h5
_16648,aes_key_expand_128_u0/aes_sbox_u0,kexp_sbox,bfs_h6
_16649,aes_key_expand_128_u0/aes_sbox_u0,kexp_sbox,bfs_h5
_16650,aes_cipher_top,top,unassigned
_16651,aes_key_expand_128_u0/aes_sbox_u0,kexp_sbox,bfs_h5
_16652,aes_key_expand_128_u0/aes_sbox_u0,kexp_sbox,bfs_h6
_16653,aes_key_expand_128_u0/aes_sbox_u0,kexp_sbox,bfs_h5
_16654,aes_cipher_top,top,bfs_h8
_16655,aes_key_expand_128_u0/aes_sbox_u0,kexp_sbox,bfs_h6
_16656,aes_key_expand_128_u0/aes_sbox_u0,kexp_sbox,bfs_h5
_16657,aes_key_expand_128_u0/aes_sbox_u0,kexp_sbox,bfs_h4
_16658,aes_key_expand_128_u0/aes_sbox_u0,kexp_sbox,bfs_h5
_16659,aes_key_expand_128_u0,key_expand,bfs_h2
_16660,aes_key_expand_128_u0,key_expand,bfs_h2
_16661,aes_key_expand_128_u0/aes_sbox_u0,kexp_sbox,bfs_h4
_16662,aes_key_expand_128_u0,key_expand,bfs_h2
_16663,aes_key_expand_128_u0/aes_sbox_u0,kexp_sbox,bfs_h5
_16664,aes_key_expand_128_u0/aes_sbox_u0,kexp_sbox,bfs_h5
_16665,aes_key_expand_128_u0/aes_sbox_u0,kexp_sbox,bfs_h6
_16666,aes_key_expand_128_u0/aes_sbox_u0,kexp_sbox,bfs_h6
_16667,aes_cipher_top,top,unassigned
_16668,aes_key_expand_128_u0,key_expand,bfs_h2
_16669,aes_cipher_top,top,unassigned
_16670,aes_key_expand_128_u0/aes_sbox_u0,kexp_sbox,bfs_h6
_16671,aes_cipher_top,top,unassigned
_16672,aes_key_expand_128_u0/aes_sbox_u0,kexp_sbox,bfs_h4
_16673,aes_key_expand_128_u0/aes_sbox_u0,kexp_sbox,bfs_h5
_16674,aes_key_expand_128_u0/aes_sbox_u0,kexp_sbox,bfs_h6
_16675,aes_key_expand_128_u0/aes_sbox_u0,kexp_sbox,bfs_h5
_16676,aes_key_expand_128_u0,key_expand,bfs_h2
_16677,aes_key_expand_128_u0/aes_sbox_u0,kexp_sbox,bfs_h5
_16678,aes_key_expand_128_u0/aes_sbox_u0,kexp_sbox,bfs_h6
_16679,aes_key_expand_128_u0,key_expand,bfs_h2
_16680,aes_key_expand_128_u0/aes_sbox_u0,kexp_sbox,bfs_h2
_16681,aes_key_expand_128_u0/aes_sbox_u0,kexp_sbox,bfs_h1
_16682,aes_key_expand_128_u0/aes_sbox_u3,kexp_sbox,bfs_h1
_16683,aes_key_expand_128_u0/aes_rcon_r0,rcon,bfs_h2
_16684,aes_cipher_top,top,bfs_h3
_16685,aes_cipher_top,top,bfs_h4
_16686,aes_cipher_top,top,bfs_h3
_16687,aes_cipher_top,top,bfs_h3
_16688,aes_key_expand_128_u0,key_expand,bfs_h2
_16689,aes_key_expand_128_u0/aes_sbox_u3,kexp_sbox,bfs_h1
_16690,aes_cipher_top,top,bfs_h3
_16691,aes_key_expand_128_u0,key_expand,bfs_h2
_16692,aes_key_expand_128_u0/aes_sbox_u3,kexp_sbox,bfs_h1
_16693,aes_cipher_top,top,bfs_h3
_16694,aes_key_expand_128_u0,key_expand,bfs_h2
_16695,aes_key_expand_128_u0/aes_sbox_u3,kexp_sbox,bfs_h1
_16696,aes_cipher_top,top,bfs_h3
_16697,aes_key_expand_128_u0,key_expand,bfs_h2
_16698,aes_key_expand_128_u0/aes_sbox_u3,kexp_sbox,bfs_h1
_16699,aes_cipher_top,top,bfs_h3
_16700,aes_key_expand_128_u0,key_expand,bfs_h2
_16701,aes_key_expand_128_u0/aes_sbox_u3,kexp_sbox,bfs_h1
_16702,aes_cipher_top,top,bfs_h3
_16703,aes_key_expand_128_u0,key_expand,bfs_h2
_16704,aes_key_expand_128_u0/aes_sbox_u3,kexp_sbox,bfs_h1
_16705,aes_cipher_top,top,bfs_h4
_16706,aes_key_expand_128_u0,key_expand,bfs_h3
_16707,aes_key_expand_128_u0,key_expand,bfs_h2
_16708,aes_key_expand_128_u0/aes_sbox_u3,kexp_sbox,bfs_h1
_16709,aes_key_expand_128_u0,key_expand,bfs_h3
_16710,aes_key_expand_128_u0,key_expand,bfs_h3
_16711,aes_key_expand_128_u0,key_expand,bfs_h2
_16712,aes_key_expand_128_u0/aes_sbox_u2,kexp_sbox,bfs_h1
_16713,aes_key_expand_128_u0,key_expand,bfs_h3
_16714,aes_key_expand_128_u0,key_expand,bfs_h2
_16715,aes_key_expand_128_u0/aes_sbox_u2,kexp_sbox,bfs_h1
_16716,aes_key_expand_128_u0,key_expand,bfs_h3
_16717,aes_key_expand_128_u0,key_expand,bfs_h2
_16718,aes_key_expand_128_u0/aes_sbox_u2,kexp_sbox,bfs_h1
_16719,aes_key_expand_128_u0,key_expand,bfs_h3
_16720,aes_key_expand_128_u0,key_expand,bfs_h2
_16721,aes_key_expand_128_u0/aes_sbox_u2,kexp_sbox,bfs_h1
_16722,aes_key_expand_128_u0,key_expand,bfs_h3
_16723,aes_key_expand_128_u0,key_expand,bfs_h2
_16724,aes_key_expand_128_u0/aes_sbox_u2,kexp_sbox,bfs_h1
_16725,aes_key_expand_128_u0,key_expand,bfs_h3
_16726,aes_key_expand_128_u0,key_expand,bfs_h2
_16727,aes_key_expand_128_u0/aes_sbox_u2,kexp_sbox,bfs_h1
_16728,aes_key_expand_128_u0,key_expand,bfs_h3
_16729,aes_key_expand_128_u0,key_expand,bfs_h2
_16730,aes_key_expand_128_u0/aes_sbox_u2,kexp_sbox,bfs_h1
_16731,aes_key_expand_128_u0,key_expand,bfs_h3
_16732,aes_key_expand_128_u0,key_expand,bfs_h2
_16733,aes_key_expand_128_u0/aes_sbox_u2,kexp_sbox,bfs_h1
_16734,aes_key_expand_128_u0,key_expand,bfs_h3
_16735,aes_key_expand_128_u0,key_expand,bfs_h2
_16736,aes_cipher_top,top,bfs_h4
_16737,aes_key_expand_128_u0/aes_rcon_r0,rcon,bfs_h2
_16738,aes_key_expand_128_u0/aes_sbox_u1,kexp_sbox,bfs_h3
_16739,aes_key_expand_128_u0/aes_sbox_u1,kexp_sbox,bfs_h1
_16740,aes_key_expand_128_u0/aes_sbox_u1,kexp_sbox,bfs_h2
_16741,aes_key_expand_128_u0/aes_rcon_r0,rcon,bfs_h2
_16742,aes_key_expand_128_u0,key_expand,bfs_h3
_16743,aes_key_expand_128_u0/aes_sbox_u1,kexp_sbox,bfs_h1
_16744,aes_key_expand_128_u0/aes_sbox_u1,kexp_sbox,bfs_h2
_16745,aes_key_expand_128_u0,key_expand,bfs_h2
_16746,aes_cipher_top,top,bfs_h4
_16747,aes_key_expand_128_u0,key_expand,bfs_h3
_16748,aes_key_expand_128_u0,key_expand,bfs_h2
_16749,aes_key_expand_128_u0/aes_sbox_u1,kexp_sbox,bfs_h1
_16750,aes_key_expand_128_u0/aes_sbox_u1,kexp_sbox,bfs_h2
_16751,aes_key_expand_128_u0,key_expand,bfs_h2
_16752,aes_key_expand_128_u0/aes_sbox_u1,kexp_sbox,bfs_h1
_16753,aes_key_expand_128_u0/aes_sbox_u1,kexp_sbox,bfs_h2
_16754,aes_key_expand_128_u0,key_expand,bfs_h2
_16755,aes_key_expand_128_u0/aes_sbox_u1,kexp_sbox,bfs_h1
_16756,aes_key_expand_128_u0/aes_sbox_u1,kexp_sbox,bfs_h2
_16757,aes_key_expand_128_u0,key_expand,bfs_h2
_16758,aes_key_expand_128_u0/aes_sbox_u1,kexp_sbox,bfs_h1
_16759,aes_key_expand_128_u0/aes_sbox_u1,kexp_sbox,bfs_h2
_16760,aes_key_expand_128_u0,key_expand,bfs_h2
_16761,aes_key_expand_128_u0/aes_sbox_u1,kexp_sbox,bfs_h1
_16762,aes_key_expand_128_u0/aes_sbox_u1,kexp_sbox,bfs_h2
_16763,aes_key_expand_128_u0,key_expand,bfs_h2
_16764,aes_cipher_top,top,bfs_h4
_16765,aes_key_expand_128_u0/aes_sbox_u3,kexp_sbox,bfs_h3
_16766,aes_key_expand_128_u0/aes_sbox_u0,kexp_sbox,bfs_h1
_16767,aes_key_expand_128_u0/aes_rcon_r0,rcon,bfs_h1
_16768,aes_key_expand_128_u0/aes_rcon_r0,rcon,bfs_h2
_16769,aes_key_expand_128_u0,key_expand,bfs_h2
_16770,aes_key_expand_128_u0/aes_sbox_u0,kexp_sbox,bfs_h1
_16771,aes_key_expand_128_u0/aes_rcon_r0,rcon,bfs_h1
_16772,aes_key_expand_128_u0/aes_rcon_r0,rcon,bfs_h2
_16773,aes_key_expand_128_u0,key_expand,bfs_h2
_16774,aes_key_expand_128_u0/aes_sbox_u0,kexp_sbox,bfs_h1
_16775,aes_key_expand_128_u0/aes_rcon_r0,rcon,bfs_h1
_16776,aes_key_expand_128_u0/aes_rcon_r0,rcon,bfs_h2
_16777,aes_key_expand_128_u0,key_expand,bfs_h2
_16778,aes_key_expand_128_u0/aes_sbox_u0,kexp_sbox,bfs_h1
_16779,aes_key_expand_128_u0/aes_rcon_r0,rcon,bfs_h1
_16780,aes_key_expand_128_u0/aes_rcon_r0,rcon,bfs_h2
_16781,aes_key_expand_128_u0,key_expand,bfs_h2
_16782,aes_key_expand_128_u0,key_expand,bfs_h3
_16783,aes_key_expand_128_u0/aes_sbox_u0,kexp_sbox,bfs_h1
_16784,aes_key_expand_128_u0/aes_rcon_r0,rcon,bfs_h1
_16785,aes_key_expand_128_u0/aes_rcon_r0,rcon,bfs_h2
_16786,aes_key_expand_128_u0,key_expand,bfs_h2
_16787,aes_key_expand_128_u0/aes_sbox_u0,kexp_sbox,bfs_h1
_16788,aes_key_expand_128_u0/aes_rcon_r0,rcon,bfs_h1
_16789,aes_key_expand_128_u0/aes_rcon_r0,rcon,bfs_h2
_16790,aes_key_expand_128_u0,key_expand,bfs_h2
_16791,aes_key_expand_128_u0/aes_sbox_u0,kexp_sbox,bfs_h1
_16792,aes_key_expand_128_u0/aes_rcon_r0,rcon,bfs_h1
_16793,aes_key_expand_128_u0/aes_rcon_r0,rcon,bfs_h2
_16794,aes_key_expand_128_u0,key_expand,bfs_h2
_16795,aes_key_expand_128_u0/aes_sbox_u0,kexp_sbox,bfs_h1
_16796,aes_key_expand_128_u0/aes_rcon_r0,rcon,bfs_h1
_16797,aes_key_expand_128_u0/aes_rcon_r0,rcon,bfs_h2
_16798,aes_key_expand_128_u0,key_expand,bfs_h2
_16799,aes_key_expand_128_u0/aes_sbox_u3,kexp_sbox,bfs_h2
_16800,aes_key_expand_128_u0/aes_sbox_u3,kexp_sbox,bfs_h1
_16801,aes_key_expand_128_u0/aes_sbox_u3,kexp_sbox,bfs_h2
_16802,aes_key_expand_128_u0,key_expand,bfs_h2
_16803,aes_key_expand_128_u0/aes_sbox_u3,kexp_sbox,bfs_h2
_16804,aes_key_expand_128_u0/aes_sbox_u3,kexp_sbox,bfs_h1
_16805,aes_key_expand_128_u0/aes_sbox_u3,kexp_sbox,bfs_h2
_16806,aes_key_expand_128_u0,key_expand,bfs_h2
_16807,aes_key_expand_128_u0/aes_sbox_u2,kexp_sbox,bfs_h3
_16808,aes_key_expand_128_u0/aes_sbox_u3,kexp_sbox,bfs_h2
_16809,aes_key_expand_128_u0/aes_sbox_u3,kexp_sbox,bfs_h1
_16810,aes_key_expand_128_u0/aes_sbox_u3,kexp_sbox,bfs_h2
_16811,aes_key_expand_128_u0,key_expand,bfs_h2
_16812,aes_key_expand_128_u0,key_expand,bfs_h2
_16813,aes_key_expand_128_u0/aes_sbox_u3,kexp_sbox,bfs_h1
_16814,aes_key_expand_128_u0/aes_sbox_u3,kexp_sbox,bfs_h2
_16815,aes_key_expand_128_u0,key_expand,bfs_h2
_16816,aes_key_expand_128_u0,key_expand,bfs_h2
_16817,aes_key_expand_128_u0/aes_sbox_u2,kexp_sbox,bfs_h3
_16818,aes_key_expand_128_u0,key_expand,bfs_h2
_16819,aes_key_expand_128_u0,key_expand,bfs_h2
_16820,aes_key_expand_128_u0/aes_sbox_u2,kexp_sbox,bfs_h3
_16821,aes_key_expand_128_u0,key_expand,bfs_h2
_16822,aes_key_expand_128_u0,key_expand,bfs_h3
_16823,aes_key_expand_128_u0,key_expand,bfs_h2
_16824,aes_key_expand_128_u0/aes_sbox_u2,kexp_sbox,bfs_h3
_16825,aes_key_expand_128_u0,key_expand,bfs_h2
_16826,aes_key_expand_128_u0,key_expand,bfs_h2
_16827,aes_key_expand_128_u0/aes_sbox_u2,kexp_sbox,bfs_h3
_16828,aes_key_expand_128_u0,key_expand,bfs_h2
_16829,aes_key_expand_128_u0/aes_sbox_u2,kexp_sbox,bfs_h2
_16830,aes_key_expand_128_u0/aes_sbox_u2,kexp_sbox,bfs_h1
_16831,aes_key_expand_128_u0/aes_sbox_u2,kexp_sbox,bfs_h2
_16832,aes_key_expand_128_u0,key_expand,bfs_h2
_16833,aes_cipher_top,top,bfs_h3
_16834,aes_key_expand_128_u0,key_expand,bfs_h2
_16835,aes_key_expand_128_u0/aes_sbox_u2,kexp_sbox,bfs_h2
_16836,aes_key_expand_128_u0/aes_sbox_u2,kexp_sbox,bfs_h2
_16837,aes_key_expand_128_u0,key_expand,bfs_h2
_16838,aes_key_expand_128_u0/aes_sbox_u2,kexp_sbox,bfs_h2
_16839,aes_key_expand_128_u0/aes_sbox_u2,kexp_sbox,bfs_h1
_16840,aes_key_expand_128_u0/aes_sbox_u2,kexp_sbox,bfs_h2
_16841,aes_key_expand_128_u0,key_expand,bfs_h2
_16842,aes_key_expand_128_u0/aes_sbox_u2,kexp_sbox,bfs_h2
_16843,aes_key_expand_128_u0/aes_sbox_u2,kexp_sbox,bfs_h1
_16844,aes_key_expand_128_u0/aes_sbox_u2,kexp_sbox,bfs_h2
_16845,aes_key_expand_128_u0,key_expand,bfs_h2
_16846,aes_key_expand_128_u0,key_expand,bfs_h2
_16847,aes_key_expand_128_u0,key_expand,bfs_h3
_16848,aes_key_expand_128_u0,key_expand,bfs_h2
_16849,aes_cipher_top,top,bfs_h4
_16850,aes_key_expand_128_u0,key_expand,bfs_h2
_16851,aes_key_expand_128_u0,key_expand,bfs_h3
_16852,aes_key_expand_128_u0,key_expand,bfs_h2
_16853,aes_key_expand_128_u0,key_expand,bfs_h2
_16854,aes_key_expand_128_u0,key_expand,bfs_h3
_16855,aes_key_expand_128_u0,key_expand,bfs_h2
_16856,aes_key_expand_128_u0,key_expand,bfs_h2
_16857,aes_key_expand_128_u0,key_expand,bfs_h3
_16858,aes_key_expand_128_u0,key_expand,bfs_h2
_16859,aes_key_expand_128_u0,key_expand,bfs_h2
_16860,aes_key_expand_128_u0/aes_sbox_u1,kexp_sbox,bfs_h2
_16861,aes_key_expand_128_u0,key_expand,bfs_h3
_16862,aes_key_expand_128_u0,key_expand,bfs_h2
_16863,aes_cipher_top,top,bfs_h4
_16864,aes_key_expand_128_u0,key_expand,bfs_h2
_16865,aes_key_expand_128_u0/aes_sbox_u1,kexp_sbox,bfs_h2
_16866,aes_sbox_us12,main_sbox,bfs_h3
_16867,aes_key_expand_128_u0,key_expand,bfs_h2
_16868,aes_cipher_top,top,bfs_h3
_16869,aes_key_expand_128_u0/aes_sbox_u1,kexp_sbox,bfs_h2
_16870,aes_cipher_top,top,bfs_h4
_16871,aes_cipher_top,top,bfs_h5
_16872,aes_key_expand_128_u0,key_expand,bfs_h2
_16873,aes_key_expand_128_u0,key_expand,bfs_h2
_16874,aes_key_expand_128_u0/aes_sbox_u1,kexp_sbox,bfs_h2
_16875,aes_key_expand_128_u0/aes_sbox_u1,kexp_sbox,bfs_h3
_16876,aes_key_expand_128_u0,key_expand,bfs_h2
_16877,aes_sbox_us11,main_sbox,bfs_h2
_16878,aes_key_expand_128_u0/aes_sbox_u1,kexp_sbox,bfs_h2
_16879,aes_sbox_us12,main_sbox,bfs_h3
_16880,aes_key_expand_128_u0,key_expand,bfs_h2
_16881,aes_key_expand_128_u0,key_expand,bfs_h2
_16882,aes_sbox_us12,main_sbox,bfs_h3
_16883,aes_key_expand_128_u0,key_expand,bfs_h2
_16884,aes_key_expand_128_u0,key_expand,bfs_h2
_16885,aes_sbox_us12,main_sbox,bfs_h4
_16886,aes_key_expand_128_u0,key_expand,bfs_h2
_16887,aes_key_expand_128_u0,key_expand,bfs_h2
_16888,aes_sbox_us12,main_sbox,bfs_h4
_16889,aes_key_expand_128_u0,key_expand,bfs_h2
_16890,aes_key_expand_128_u0,key_expand,bfs_h2
_16891,aes_cipher_top,top,bfs_h5
_16892,aes_key_expand_128_u0,key_expand,bfs_h2
_16893,aes_key_expand_128_u0/aes_rcon_r0,rcon,bfs_h1
_16894,aes_key_expand_128_u0/aes_sbox_u0,kexp_sbox,bfs_h2
_16895,aes_key_expand_128_u0/aes_sbox_u0,kexp_sbox,bfs_h1
_16896,aes_key_expand_128_u0/aes_rcon_r0,rcon,bfs_h2
_16897,aes_key_expand_128_u0/aes_sbox_u0,kexp_sbox,bfs_h1
_16898,aes_key_expand_128_u0/aes_rcon_r0,rcon,bfs_h1
_16899,aes_key_expand_128_u0/aes_rcon_r0,rcon,bfs_h2
_16900,aes_key_expand_128_u0,key_expand,bfs_h2
_16901,aes_cipher_top,top,bfs_h3
_16902,aes_cipher_top,top,bfs_h3
_16903,aes_key_expand_128_u0/aes_rcon_r0,rcon,bfs_h2
_16904,aes_cipher_top,top,bfs_h3
_16905,aes_key_expand_128_u0,key_expand,bfs_h2
_16906,aes_key_expand_128_u0/aes_sbox_u0,kexp_sbox,bfs_h2
_16907,aes_key_expand_128_u0/aes_sbox_u0,kexp_sbox,bfs_h1
_16908,aes_key_expand_128_u0/aes_rcon_r0,rcon,bfs_h1
_16909,aes_key_expand_128_u0/aes_rcon_r0,rcon,bfs_h1
_16910,aes_key_expand_128_u0/aes_sbox_u0,kexp_sbox,bfs_h1
_16911,aes_key_expand_128_u0/aes_rcon_r0,rcon,bfs_h2
_16912,aes_key_expand_128_u0/aes_rcon_r0,rcon,bfs_h2
_16913,aes_cipher_top,top,bfs_h5
_16914,aes_key_expand_128_u0,key_expand,bfs_h2
_16915,aes_key_expand_128_u0,key_expand,bfs_h2
_16916,aes_cipher_top,top,bfs_h5
_16917,aes_key_expand_128_u0,key_expand,bfs_h2
_16918,aes_key_expand_128_u0,key_expand,bfs_h2
_16919,aes_cipher_top,top,bfs_h5
_16920,aes_key_expand_128_u0,key_expand,bfs_h2
_16921,aes_key_expand_128_u0,key_expand,bfs_h2
_16922,aes_cipher_top,top,bfs_h5
_16923,aes_key_expand_128_u0,key_expand,bfs_h2
_16924,aes_key_expand_128_u0,key_expand,bfs_h2
_16925,aes_cipher_top,top,bfs_h5
_16926,aes_key_expand_128_u0,key_expand,bfs_h2
_16927,aes_key_expand_128_u0/aes_sbox_u3,kexp_sbox,bfs_h1
_16928,aes_key_expand_128_u0/aes_sbox_u3,kexp_sbox,bfs_h2
_16929,aes_cipher_top,top,bfs_h5
_16930,aes_key_expand_128_u0,key_expand,bfs_h2
_16931,aes_key_expand_128_u0/aes_sbox_u3,kexp_sbox,bfs_h1
_16932,aes_key_expand_128_u0/aes_sbox_u3,kexp_sbox,bfs_h2
_16933,aes_cipher_top,top,bfs_h5
_16934,aes_key_expand_128_u0,key_expand,bfs_h2
_16935,aes_key_expand_128_u0,key_expand,bfs_h2
_16936,aes_key_expand_128_u0/aes_sbox_u3,kexp_sbox,bfs_h2
_16937,aes_key_expand_128_u0/aes_sbox_u3,kexp_sbox,bfs_h2
_16938,aes_key_expand_128_u0,key_expand,bfs_h2
_16939,aes_key_expand_128_u0/aes_sbox_u3,kexp_sbox,bfs_h1
_16940,aes_key_expand_128_u0/aes_sbox_u3,kexp_sbox,bfs_h2
_16941,aes_cipher_top,top,bfs_h4
_16942,aes_cipher_top,top,bfs_h5
_16943,aes_key_expand_128_u0,key_expand,bfs_h2
_16944,aes_key_expand_128_u0,key_expand,bfs_h2
_16945,aes_cipher_top,top,bfs_h4
_16946,aes_cipher_top,top,bfs_h5
_16947,aes_key_expand_128_u0,key_expand,bfs_h2
_16948,aes_key_expand_128_u0,key_expand,bfs_h2
_16949,aes_cipher_top,top,bfs_h5
_16950,aes_key_expand_128_u0,key_expand,bfs_h2
_16951,aes_key_expand_128_u0,key_expand,bfs_h2
_16952,aes_cipher_top,top,bfs_h5
_16953,aes_key_expand_128_u0,key_expand,bfs_h2
_16954,aes_key_expand_128_u0,key_expand,bfs_h2
_16955,aes_cipher_top,top,bfs_h5
_16956,aes_key_expand_128_u0,key_expand,bfs_h2
_16957,aes_key_expand_128_u0/aes_sbox_u2,kexp_sbox,bfs_h1
_16958,aes_key_expand_128_u0/aes_sbox_u2,kexp_sbox,bfs_h2
_16959,aes_cipher_top,top,bfs_h5
_16960,aes_key_expand_128_u0,key_expand,bfs_h2
_16961,aes_key_expand_128_u0,key_expand,bfs_h2
_16962,aes_key_expand_128_u0/aes_sbox_u2,kexp_sbox,bfs_h2
_16963,aes_cipher_top,top,bfs_h5
_16964,aes_key_expand_128_u0,key_expand,bfs_h2
_16965,aes_key_expand_128_u0/aes_sbox_u2,kexp_sbox,bfs_h3
_16966,aes_key_expand_128_u0/aes_sbox_u2,kexp_sbox,bfs_h2
_16967,aes_key_expand_128_u0/aes_sbox_u2,kexp_sbox,bfs_h2
_16968,aes_key_expand_128_u0,key_expand,bfs_h2
_16969,aes_key_expand_128_u0/aes_sbox_u2,kexp_sbox,bfs_h1
_16970,aes_key_expand_128_u0/aes_sbox_u2,kexp_sbox,bfs_h2
_16971,aes_cipher_top,top,bfs_h5
_16972,aes_key_expand_128_u0,key_expand,bfs_h2
_16973,aes_key_expand_128_u0,key_expand,bfs_h2
_16974,aes_cipher_top,top,bfs_h5
_16975,aes_key_expand_128_u0,key_expand,bfs_h2
_16976,aes_key_expand_128_u0,key_expand,bfs_h2
_16977,aes_cipher_top,top,bfs_h5
_16978,aes_key_expand_128_u0,key_expand,bfs_h2
_16979,aes_key_expand_128_u0,key_expand,bfs_h2
_16980,aes_cipher_top,top,bfs_h4
_16981,aes_cipher_top,top,bfs_h5
_16982,aes_key_expand_128_u0,key_expand,bfs_h2
_16983,aes_key_expand_128_u0,key_expand,bfs_h2
_16984,aes_cipher_top,top,bfs_h4
_16985,aes_cipher_top,top,bfs_h5
_16986,aes_key_expand_128_u0,key_expand,bfs_h2
_16987,aes_sbox_us12,main_sbox,bfs_h2
_16988,aes_cipher_top,top,bfs_h5
_16989,aes_key_expand_128_u0,key_expand,bfs_h2
_16990,aes_sbox_us12,main_sbox,bfs_h2
_16991,aes_cipher_top,top,bfs_h5
_16992,aes_key_expand_128_u0,key_expand,bfs_h2
_16993,aes_cipher_top,top,bfs_h5
_16994,aes_key_expand_128_u0,key_expand,bfs_h2
_16995,aes_key_expand_128_u0/aes_sbox_u1,kexp_sbox,bfs_h2
_16996,aes_cipher_top,top,bfs_h5
_16997,aes_key_expand_128_u0,key_expand,bfs_h2
_16998,aes_sbox_us12,main_sbox,bfs_h2
_16999,aes_cipher_top,top,bfs_h5
_17000,aes_key_expand_128_u0,key_expand,bfs_h2
_17001,aes_sbox_us12,main_sbox,bfs_h2
_17002,aes_cipher_top,top,bfs_h5
_17003,aes_key_expand_128_u0,key_expand,bfs_h2
_17004,aes_key_expand_128_u0,key_expand,bfs_h2
_17005,aes_cipher_top,top,bfs_h5
_17006,aes_key_expand_128_u0,key_expand,bfs_h2
_17007,aes_key_expand_128_u0,key_expand,bfs_h2
_17008,aes_cipher_top,top,bfs_h5
_17009,aes_key_expand_128_u0,key_expand,bfs_h2
_17010,aes_key_expand_128_u0,key_expand,bfs_h2
_17011,aes_key_expand_128_u0,key_expand,bfs_h3
_17012,aes_cipher_top,top,bfs_h5
_17013,aes_key_expand_128_u0,key_expand,bfs_h2
_17014,aes_key_expand_128_u0/aes_rcon_r0,rcon,bfs_h1
_17015,aes_key_expand_128_u0/aes_rcon_r0,rcon,bfs_h2
_17016,aes_key_expand_128_u0/aes_rcon_r0,rcon,bfs_h2
_17017,aes_key_expand_128_u0,key_expand,bfs_h3
_17018,aes_key_expand_128_u0/aes_rcon_r0,rcon,bfs_h2
_17019,aes_cipher_top,top,bfs_h3
_17020,aes_key_expand_128_u0,key_expand,bfs_h2
_17021,aes_key_expand_128_u0,key_expand,bfs_h3
_17022,aes_key_expand_128_u0/aes_sbox_u0,kexp_sbox,bfs_h2
_17023,aes_key_expand_128_u0/aes_sbox_u0,kexp_sbox,bfs_h1
_17024,aes_key_expand_128_u0/aes_rcon_r0,rcon,bfs_h1
_17025,aes_key_expand_128_u0/aes_rcon_r0,rcon,bfs_h1
_17026,aes_key_expand_128_u0/aes_sbox_u0,kexp_sbox,bfs_h1
_17027,aes_key_expand_128_u0/aes_rcon_r0,rcon,bfs_h2
_17028,aes_key_expand_128_u0/aes_rcon_r0,rcon,bfs_h2
_17029,aes_key_expand_128_u0,key_expand,bfs_h2
_17030,aes_key_expand_128_u0,key_expand,bfs_h2
_17031,aes_cipher_top,top,bfs_h5
_17032,aes_cipher_top,top,bfs_h4
_17033,aes_key_expand_128_u0,key_expand,bfs_h2
_17034,aes_key_expand_128_u0,key_expand,bfs_h2
_17035,aes_cipher_top,top,bfs_h5
_17036,aes_cipher_top,top,bfs_h4
_17037,aes_key_expand_128_u0,key_expand,bfs_h2
_17038,aes_key_expand_128_u0,key_expand,bfs_h2
_17039,aes_cipher_top,top,bfs_h5
_17040,aes_cipher_top,top,bfs_h4
_17041,aes_key_expand_128_u0,key_expand,bfs_h2
_17042,aes_key_expand_128_u0,key_expand,bfs_h2
_17043,aes_cipher_top,top,bfs_h3
_17044,aes_key_expand_128_u0,key_expand,bfs_h2
_17045,aes_cipher_top,top,bfs_h3
_17046,aes_key_expand_128_u0,key_expand,bfs_h2
_17047,aes_cipher_top,top,bfs_h3
_17048,aes_key_expand_128_u0,key_expand,bfs_h2
_17049,aes_cipher_top,top,bfs_h3
_17050,aes_cipher_top,top,bfs_h5
_17051,aes_key_expand_128_u0,key_expand,bfs_h2
_17052,aes_key_expand_128_u0/aes_sbox_u3,kexp_sbox,bfs_h3
_17053,aes_cipher_top,top,bfs_h4
_17054,aes_cipher_top,top,bfs_h4
_17055,aes_cipher_top,top,bfs_h5
_17056,aes_cipher_top,top,bfs_h5
_17057,aes_key_expand_128_u0,key_expand,bfs_h2
_17058,aes_key_expand_128_u0/aes_sbox_u3,kexp_sbox,bfs_h3
_17059,aes_cipher_top,top,bfs_h3
_17060,aes_cipher_top,top,bfs_h4
_17061,aes_cipher_top,top,bfs_h5
_17062,aes_cipher_top,top,bfs_h4
_17063,aes_key_expand_128_u0,key_expand,bfs_h2
_17064,aes_key_expand_128_u0/aes_sbox_u3,kexp_sbox,bfs_h1
_17065,aes_key_expand_128_u0/aes_sbox_u3,kexp_sbox,bfs_h2
_17066,aes_key_expand_128_u0/aes_sbox_u3,kexp_sbox,bfs_h3
_17067,aes_key_expand_128_u0/aes_sbox_u3,kexp_sbox,bfs_h4
_17068,aes_cipher_top,top,bfs_h8
_17069,aes_key_expand_128_u0,key_expand,bfs_h2
_17070,aes_key_expand_128_u0,key_expand,bfs_h2
_17071,aes_key_expand_128_u0/aes_sbox_u3,kexp_sbox,bfs_h3
_17072,aes_key_expand_128_u0/aes_sbox_u3,kexp_sbox,bfs_h3
_17073,aes_key_expand_128_u0/aes_sbox_u3,kexp_sbox,bfs_h4
_17074,aes_key_expand_128_u0/aes_sbox_u2,kexp_sbox,bfs_h4
_17075,aes_cipher_top,top,bfs_h7
_17076,aes_cipher_top,top,bfs_h6
_17077,aes_key_expand_128_u0,key_expand,bfs_h2
_17078,aes_key_expand_128_u0,key_expand,bfs_h2
_17079,aes_key_expand_128_u0/aes_sbox_u3,kexp_sbox,bfs_h5
_17080,aes_sbox_us33,main_sbox,bfs_h4
_17081,aes_key_expand_128_u0,key_expand,bfs_h2
_17082,aes_sbox_us33,main_sbox,bfs_h2
_17083,aes_sbox_us33,main_sbox,bfs_h4
_17084,aes_sbox_us33,main_sbox,bfs_h3
_17085,aes_sbox_us33,main_sbox,bfs_h4
_17086,aes_key_expand_128_u0,key_expand,bfs_h2
_17087,aes_key_expand_128_u0,key_expand,bfs_h2
_17088,aes_sbox_us33,main_sbox,bfs_h4
_17089,aes_cipher_top,top,bfs_h6
_17090,aes_cipher_top,top,bfs_h7
_17091,aes_key_expand_128_u0,key_expand,bfs_h2
_17092,aes_key_expand_128_u0,key_expand,bfs_h2
_17093,aes_cipher_top,top,bfs_h6
_17094,aes_key_expand_128_u0/aes_sbox_u2,kexp_sbox,bfs_h5
_17095,aes_key_expand_128_u0/aes_sbox_u2,kexp_sbox,bfs_h4
_17096,aes_key_expand_128_u0,key_expand,bfs_h2
_17097,aes_cipher_top,top,bfs_h5
_17098,aes_key_expand_128_u0,key_expand,bfs_h2
_17099,aes_key_expand_128_u0/aes_sbox_u2,kexp_sbox,bfs_h3
_17100,aes_cipher_top,top,bfs_h4
_17101,aes_cipher_top,top,bfs_h4
_17102,aes_key_expand_128_u0,key_expand,bfs_h2
_17103,aes_key_expand_128_u0,key_expand,bfs_h2
_17104,aes_key_expand_128_u0/aes_sbox_u2,kexp_sbox,bfs_h1
_17105,aes_sbox_us20,main_sbox,bfs_h2
_17106,aes_key_expand_128_u0/aes_sbox_u2,kexp_sbox,bfs_h2
_17107,aes_key_expand_128_u0/aes_sbox_u2,kexp_sbox,bfs_h3
_17108,aes_key_expand_128_u0/aes_sbox_u2,kexp_sbox,bfs_h4
_17109,aes_key_expand_128_u0/aes_sbox_u1,kexp_sbox,bfs_h5
_17110,aes_cipher_top,top,bfs_h4
_17111,aes_key_expand_128_u0/aes_sbox_u2,kexp_sbox,bfs_h2
_17112,aes_key_expand_128_u0/aes_sbox_u2,kexp_sbox,bfs_h1
_17113,aes_key_expand_128_u0/aes_sbox_u2,kexp_sbox,bfs_h2
_17114,aes_key_expand_128_u0/aes_sbox_u2,kexp_sbox,bfs_h3
_17115,aes_key_expand_128_u0/aes_sbox_u2,kexp_sbox,bfs_h4
_17116,aes_cipher_top,top,bfs_h6
_17117,aes_key_expand_128_u0,key_expand,bfs_h2
_17118,aes_key_expand_128_u0,key_expand,bfs_h2
_17119,aes_key_expand_128_u0/aes_sbox_u2,kexp_sbox,bfs_h3
_17120,aes_key_expand_128_u0/aes_sbox_u2,kexp_sbox,bfs_h3
_17121,aes_key_expand_128_u0/aes_sbox_u2,kexp_sbox,bfs_h4
_17122,aes_key_expand_128_u0/aes_sbox_u2,kexp_sbox,bfs_h4
_17123,aes_key_expand_128_u0/aes_sbox_u1,kexp_sbox,bfs_h5
_17124,aes_key_expand_128_u0/aes_sbox_u1,kexp_sbox,bfs_h5
_17125,aes_key_expand_128_u0,key_expand,bfs_h2
_17126,aes_key_expand_128_u0,key_expand,bfs_h2
_17127,aes_sbox_us33,main_sbox,bfs_h4
_17128,aes_sbox_us33,main_sbox,bfs_h4
_17129,aes_key_expand_128_u0/aes_sbox_u1,kexp_sbox,bfs_h5
_17130,aes_key_expand_128_u0,key_expand,bfs_h2
_17131,aes_key_expand_128_u0,key_expand,bfs_h2
_17132,aes_cipher_top,top,bfs_h6
_17133,aes_cipher_top,top,bfs_h6
_17134,aes_cipher_top,top,bfs_h7
_17135,aes_key_expand_128_u0,key_expand,bfs_h2
_17136,aes_key_expand_128_u0,key_expand,bfs_h2
_17137,aes_key_expand_128_u0/aes_sbox_u3,kexp_sbox,bfs_h5
_17138,aes_key_expand_128_u0/aes_sbox_u3,kexp_sbox,bfs_h5
_17139,aes_key_expand_128_u0/aes_sbox_u1,kexp_sbox,bfs_h5
_17140,aes_key_expand_128_u0,key_expand,bfs_h2
_17141,aes_key_expand_128_u0,key_expand,bfs_h2
_17142,aes_sbox_us33,main_sbox,bfs_h4
_17143,aes_cipher_top,top,bfs_h6
_17144,aes_key_expand_128_u0,key_expand,bfs_h2
_17145,aes_key_expand_128_u0,key_expand,bfs_h2
_17146,aes_cipher_top,top,bfs_h5
_17147,aes_key_expand_128_u0,key_expand,bfs_h2
_17148,aes_key_expand_128_u0/aes_rcon_r0,rcon,bfs_h2
_17149,aes_cipher_top,top,bfs_h6
_17150,aes_cipher_top,top,bfs_h4
_17151,aes_cipher_top,top,bfs_h4
_17152,aes_cipher_top,top,bfs_h5
_17153,aes_cipher_top,top,bfs_h6
_17154,aes_key_expand_128_u0,key_expand,bfs_h2
_17155,aes_key_expand_128_u0/aes_rcon_r0,rcon,bfs_h2
_17156,aes_key_expand_128_u0/aes_rcon_r0,rcon,bfs_h2
_17157,aes_cipher_top,top,bfs_h4
_17158,aes_cipher_top,top,bfs_h5
_17159,aes_cipher_top,top,bfs_h6
_17160,aes_key_expand_128_u0/aes_sbox_u2,kexp_sbox,bfs_h4
_17161,aes_cipher_top,top,bfs_h8
_17162,aes_key_expand_128_u0/aes_rcon_r0,rcon,bfs_h1
_17163,aes_key_expand_128_u0/aes_rcon_r0,rcon,bfs_h2
_17164,aes_key_expand_128_u0,key_expand,bfs_h2
_17165,aes_key_expand_128_u0/aes_rcon_r0,rcon,bfs_h2
_17166,aes_cipher_top,top,bfs_h5
_17167,aes_key_expand_128_u0/aes_rcon_r0,rcon,bfs_h2
_17168,aes_key_expand_128_u0/aes_sbox_u2,kexp_sbox,bfs_h4
_17169,aes_cipher_top,top,bfs_h8
_17170,aes_cipher_top,top,bfs_h8
_17171,aes_key_expand_128_u0/aes_rcon_r0,rcon,bfs_h2
_17172,aes_key_expand_128_u0/aes_rcon_r0,rcon,bfs_h1
_17173,aes_key_expand_128_u0,key_expand,bfs_h2
_17174,aes_cipher_top,top,unassigned
_17175,aes_key_expand_128_u0/aes_rcon_r0,rcon,bfs_h2
_17176,aes_key_expand_128_u0/aes_rcon_r0,rcon,bfs_h2
_17177,aes_cipher_top,top,unassigned
_17178,aes_key_expand_128_u0/aes_sbox_u2,kexp_sbox,bfs_h4
_17179,aes_key_expand_128_u0/aes_sbox_u3,kexp_sbox,bfs_h5
_17180,aes_cipher_top,top,unassigned
_17181,aes_key_expand_128_u0,key_expand,bfs_h2
_17182,aes_key_expand_128_u0,key_expand,bfs_h2
_17183,aes_cipher_top,top,bfs_h6
_17184,aes_key_expand_128_u0/aes_sbox_u2,kexp_sbox,bfs_h4
_17185,aes_key_expand_128_u0/aes_sbox_u3,kexp_sbox,bfs_h5
_17186,aes_cipher_top,top,unassigned
_17187,aes_key_expand_128_u0,key_expand,bfs_h2
_17188,aes_key_expand_128_u0,key_expand,bfs_h2
_17189,aes_cipher_top,top,bfs_h6
_17190,aes_sbox_us33,main_sbox,bfs_h4
_17191,aes_key_expand_128_u0/aes_sbox_u3,kexp_sbox,bfs_h5
_17192,aes_cipher_top,top,unassigned
_17193,aes_key_expand_128_u0,key_expand,bfs_h2
_17194,aes_key_expand_128_u0,key_expand,bfs_h2
_17195,aes_cipher_top,top,bfs_h6
_17196,aes_cipher_top,top,bfs_h6
_17197,aes_key_expand_128_u0/aes_sbox_u3,kexp_sbox,bfs_h5
_17198,aes_key_expand_128_u0,key_expand,bfs_h2
_17199,aes_key_expand_128_u0,key_expand,bfs_h2
_17200,aes_cipher_top,top,bfs_h4
_17201,aes_cipher_top,top,bfs_h4
_17202,aes_key_expand_128_u0,key_expand,bfs_h2
_17203,aes_key_expand_128_u0,key_expand,bfs_h2
_17204,aes_key_expand_128_u0/aes_sbox_u1,kexp_sbox,bfs_h5
_17205,aes_cipher_top,top,bfs_h6
_17206,aes_key_expand_128_u0/aes_sbox_u1,kexp_sbox,bfs_h5
_17207,aes_key_expand_128_u0/aes_sbox_u2,kexp_sbox,bfs_h4
_17208,aes_key_expand_128_u0/aes_sbox_u2,kexp_sbox,bfs_h5
_17209,aes_cipher_top,top,bfs_h7
_17210,aes_cipher_top,top,bfs_h7
_17211,aes_key_expand_128_u0/aes_sbox_u1,kexp_sbox,bfs_h5
_17212,aes_key_expand_128_u0/aes_sbox_u1,kexp_sbox,bfs_h5
_17213,aes_cipher_top,top,unassigned
_17214,aes_key_expand_128_u0/aes_sbox_u1,kexp_sbox,bfs_h5
_17215,aes_cipher_top,top,unassigned
_17216,aes_key_expand_128_u0/aes_sbox_u1,kexp_sbox,bfs_h5
_17217,aes_cipher_top,top,unassigned
_17218,aes_cipher_top,top,bfs_h8
_17219,aes_cipher_top,top,unassigned
_17220,aes_key_expand_128_u0/aes_sbox_u1,kexp_sbox,bfs_h5
_17221,aes_key_expand_128_u0/aes_sbox_u1,kexp_sbox,bfs_h5
_17222,aes_key_expand_128_u0/aes_sbox_u1,kexp_sbox,bfs_h4
_17223,aes_key_expand_128_u0/aes_sbox_u1,kexp_sbox,bfs_h5
_17224,aes_key_expand_128_u0,key_expand,bfs_h2
_17225,aes_cipher_top,top,unassigned
_17226,aes_key_expand_128_u0/aes_sbox_u1,kexp_sbox,bfs_h5
_17227,aes_key_expand_128_u0/aes_sbox_u1,kexp_sbox,bfs_h5
_17228,aes_key_expand_128_u0/aes_sbox_u1,kexp_sbox,bfs_h5
_17229,aes_key_expand_128_u0/aes_sbox_u1,kexp_sbox,bfs_h5
_17230,aes_key_expand_128_u0,key_expand,bfs_h2
_17231,aes_key_expand_128_u0/aes_sbox_u1,kexp_sbox,bfs_h5
_17232,aes_key_expand_128_u0/aes_sbox_u1,kexp_sbox,bfs_h4
_17233,aes_key_expand_128_u0/aes_sbox_u1,kexp_sbox,bfs_h5
_17234,aes_cipher_top,top,bfs_h7
_17235,aes_key_expand_128_u0/aes_sbox_u1,kexp_sbox,bfs_h5
_17236,aes_key_expand_128_u0/aes_sbox_u1,kexp_sbox,bfs_h5
_17237,aes_cipher_top,top,bfs_h8
_17238,aes_key_expand_128_u0/aes_sbox_u1,kexp_sbox,bfs_h5
_17239,aes_cipher_top,top,bfs_h7
_17240,aes_key_expand_128_u0/aes_sbox_u1,kexp_sbox,bfs_h5
_17241,aes_key_expand_128_u0,key_expand,bfs_h2
_17242,aes_cipher_top,top,bfs_h8
_17243,aes_key_expand_128_u0/aes_sbox_u1,kexp_sbox,bfs_h5
_17244,aes_key_expand_128_u0/aes_sbox_u1,kexp_sbox,bfs_h4
_17245,aes_key_expand_128_u0/aes_sbox_u1,kexp_sbox,bfs_h4
_17246,aes_cipher_top,top,bfs_h7
_17247,aes_cipher_top,top,bfs_h6
_17248,aes_key_expand_128_u0/aes_sbox_u1,kexp_sbox,bfs_h5
_17249,aes_cipher_top,top,unassigned
_17250,aes_cipher_top,top,unassigned
_17251,aes_key_expand_128_u0,key_expand,bfs_h2
_17252,aes_cipher_top,top,bfs_h8
_17253,aes_cipher_top,top,bfs_h8
_17254,aes_key_expand_128_u0/aes_sbox_u1,kexp_sbox,bfs_h5
_17255,aes_key_expand_128_u0/aes_sbox_u1,kexp_sbox,bfs_h5
_17256,aes_cipher_top,top,unassigned
_17257,aes_key_expand_128_u0,key_expand,bfs_h2
_17258,aes_key_expand_128_u0/aes_sbox_u1,kexp_sbox,bfs_h3
_17259,aes_key_expand_128_u0/aes_sbox_u1,kexp_sbox,bfs_h5
_17260,aes_key_expand_128_u0/aes_sbox_u1,kexp_sbox,bfs_h4
_17261,aes_cipher_top,top,unassigned
_17262,aes_key_expand_128_u0/aes_sbox_u2,kexp_sbox,bfs_h4
_17263,aes_key_expand_128_u0/aes_sbox_u1,kexp_sbox,bfs_h5
_17264,aes_cipher_top,top,bfs_h6
_17265,aes_key_expand_128_u0/aes_sbox_u1,kexp_sbox,bfs_h5
_17266,aes_key_expand_128_u0/aes_sbox_u1,kexp_sbox,bfs_h5
_17267,aes_key_expand_128_u0/aes_sbox_u1,kexp_sbox,bfs_h4
_17268,aes_key_expand_128_u0,key_expand,bfs_h2
_17269,aes_key_expand_128_u0/aes_sbox_u1,kexp_sbox,bfs_h5
_17270,aes_cipher_top,top,bfs_h6
_17271,aes_key_expand_128_u0/aes_sbox_u1,kexp_sbox,bfs_h5
_17272,aes_key_expand_128_u0/aes_sbox_u1,kexp_sbox,bfs_h5
_17273,aes_key_expand_128_u0/aes_sbox_u1,kexp_sbox,bfs_h5
_17274,aes_key_expand_128_u0/aes_sbox_u1,kexp_sbox,bfs_h5
_17275,aes_cipher_top,top,bfs_h8
_17276,aes_key_expand_128_u0/aes_sbox_u1,kexp_sbox,bfs_h5
_17277,aes_key_expand_128_u0/aes_sbox_u1,kexp_sbox,bfs_h5
_17278,aes_key_expand_128_u0/aes_sbox_u1,kexp_sbox,bfs_h4
_17279,aes_key_expand_128_u0/aes_sbox_u1,kexp_sbox,bfs_h4
_17280,aes_key_expand_128_u0/aes_sbox_u1,kexp_sbox,bfs_h5
_17281,aes_key_expand_128_u0/aes_sbox_u1,kexp_sbox,bfs_h5
_17282,aes_key_expand_128_u0/aes_sbox_u1,kexp_sbox,bfs_h5
_17283,aes_key_expand_128_u0/aes_sbox_u1,kexp_sbox,bfs_h4
_17284,aes_key_expand_128_u0/aes_sbox_u1,kexp_sbox,bfs_h5
_17285,aes_key_expand_128_u0/aes_sbox_u1,kexp_sbox,bfs_h5
_17286,aes_key_expand_128_u0/aes_sbox_u1,kexp_sbox,bfs_h5
_17287,aes_key_expand_128_u0,key_expand,bfs_h2
_17288,aes_cipher_top,top,bfs_h8
_17289,aes_cipher_top,top,unassigned
_17290,aes_key_expand_128_u0/aes_sbox_u1,kexp_sbox,bfs_h5
_17291,aes_key_expand_128_u0,key_expand,bfs_h2
_17292,aes_key_expand_128_u0/aes_sbox_u1,kexp_sbox,bfs_h4
_17293,aes_key_expand_128_u0/aes_sbox_u1,kexp_sbox,bfs_h3
_17294,aes_key_expand_128_u0/aes_sbox_u1,kexp_sbox,bfs_h4
_17295,aes_key_expand_128_u0/aes_sbox_u1,kexp_sbox,bfs_h3
_17296,aes_key_expand_128_u0/aes_sbox_u1,kexp_sbox,bfs_h2
_17297,aes_cipher_top,top,bfs_h7
_17298,aes_cipher_top,top,bfs_h8
_17299,aes_key_expand_128_u0/aes_sbox_u1,kexp_sbox,bfs_h5
_17300,aes_key_expand_128_u0/aes_sbox_u1,kexp_sbox,bfs_h5
_17301,aes_key_expand_128_u0,key_expand,bfs_h2
_17302,aes_key_expand_128_u0/aes_sbox_u1,kexp_sbox,bfs_h5
_17303,aes_key_expand_128_u0/aes_sbox_u1,kexp_sbox,bfs_h5
_17304,aes_key_expand_128_u0/aes_sbox_u1,kexp_sbox,bfs_h5
_17305,aes_key_expand_128_u0/aes_sbox_u1,kexp_sbox,bfs_h5
_17306,aes_key_expand_128_u0/aes_sbox_u1,kexp_sbox,bfs_h4
_17307,aes_key_expand_128_u0/aes_sbox_u1,kexp_sbox,bfs_h4
_17308,aes_key_expand_128_u0/aes_sbox_u1,kexp_sbox,bfs_h5
_17309,aes_key_expand_128_u0/aes_sbox_u1,kexp_sbox,bfs_h4
_17310,aes_key_expand_128_u0/aes_sbox_u1,kexp_sbox,bfs_h5
_17311,aes_key_expand_128_u0/aes_sbox_u1,kexp_sbox,bfs_h5
_17312,aes_key_expand_128_u0/aes_sbox_u1,kexp_sbox,bfs_h4
_17313,aes_key_expand_128_u0/aes_sbox_u1,kexp_sbox,bfs_h5
_17314,aes_key_expand_128_u0/aes_sbox_u1,kexp_sbox,bfs_h5
_17315,aes_key_expand_128_u0/aes_sbox_u1,kexp_sbox,bfs_h5
_17316,aes_key_expand_128_u0/aes_sbox_u1,kexp_sbox,bfs_h5
_17317,aes_cipher_top,top,unassigned
_17318,aes_key_expand_128_u0/aes_sbox_u1,kexp_sbox,bfs_h5
_17319,aes_key_expand_128_u0,key_expand,bfs_h2
_17320,aes_key_expand_128_u0/aes_sbox_u1,kexp_sbox,bfs_h3
_17321,aes_key_expand_128_u0/aes_sbox_u1,kexp_sbox,bfs_h4
_17322,aes_key_expand_128_u0/aes_sbox_u1,kexp_sbox,bfs_h4
_17323,aes_key_expand_128_u0/aes_sbox_u1,kexp_sbox,bfs_h5
_17324,aes_cipher_top,top,unassigned
_17325,aes_key_expand_128_u0/aes_sbox_u1,kexp_sbox,bfs_h5
_17326,aes_key_expand_128_u0/aes_sbox_u1,kexp_sbox,bfs_h5
_17327,aes_key_expand_128_u0/aes_sbox_u1,kexp_sbox,bfs_h4
_17328,aes_key_expand_128_u0/aes_sbox_u1,kexp_sbox,bfs_h4
_17329,aes_key_expand_128_u0/aes_sbox_u1,kexp_sbox,bfs_h5
_17330,aes_key_expand_128_u0/aes_sbox_u1,kexp_sbox,bfs_h5
_17331,aes_key_expand_128_u0/aes_sbox_u1,kexp_sbox,bfs_h5
_17332,aes_cipher_top,top,bfs_h8
_17333,aes_cipher_top,top,unassigned
_17334,aes_key_expand_128_u0/aes_sbox_u1,kexp_sbox,bfs_h5
_17335,aes_key_expand_128_u0/aes_sbox_u1,kexp_sbox,bfs_h5
_17336,aes_key_expand_128_u0/aes_sbox_u1,kexp_sbox,bfs_h5
_17337,aes_cipher_top,top,unassigned
_17338,aes_key_expand_128_u0/aes_sbox_u1,kexp_sbox,bfs_h5
_17339,aes_key_expand_128_u0/aes_sbox_u1,kexp_sbox,bfs_h4
_17340,aes_key_expand_128_u0/aes_sbox_u1,kexp_sbox,bfs_h5
_17341,aes_key_expand_128_u0/aes_sbox_u1,kexp_sbox,bfs_h4
_17342,aes_key_expand_128_u0/aes_sbox_u1,kexp_sbox,bfs_h3
_17343,aes_key_expand_128_u0/aes_sbox_u1,kexp_sbox,bfs_h2
_17344,aes_key_expand_128_u0/aes_sbox_u1,kexp_sbox,bfs_h1
_17345,aes_cipher_top,top,bfs_h8
_17346,aes_cipher_top,top,unassigned
_17347,aes_key_expand_128_u0/aes_sbox_u1,kexp_sbox,bfs_h5
_17348,aes_key_expand_128_u0/aes_sbox_u1,kexp_sbox,bfs_h5
_17349,aes_key_expand_128_u0/aes_sbox_u1,kexp_sbox,bfs_h5
_17350,aes_key_expand_128_u0/aes_sbox_u1,kexp_sbox,bfs_h5
_17351,aes_cipher_top,top,bfs_h6
_17352,aes_cipher_top,top,bfs_h7
_17353,aes_key_expand_128_u0/aes_sbox_u1,kexp_sbox,bfs_h5
_17354,aes_key_expand_128_u0/aes_sbox_u1,kexp_sbox,bfs_h5
_17355,aes_key_expand_128_u0/aes_sbox_u1,kexp_sbox,bfs_h5
_17356,aes_key_expand_128_u0,key_expand,bfs_h2
_17357,aes_key_expand_128_u0,key_expand,bfs_h2
_17358,aes_cipher_top,top,bfs_h5
_17359,aes_cipher_top,top,unassigned
_17360,aes_key_expand_128_u0/aes_sbox_u1,kexp_sbox,bfs_h5
_17361,aes_key_expand_128_u0/aes_sbox_u1,kexp_sbox,bfs_h4
_17362,aes_key_expand_128_u0/aes_sbox_u1,kexp_sbox,bfs_h4
_17363,aes_key_expand_128_u0/aes_sbox_u1,kexp_sbox,bfs_h4
_17364,aes_key_expand_128_u0/aes_sbox_u1,kexp_sbox,bfs_h4
_17365,aes_key_expand_128_u0,key_expand,bfs_h2
_17366,aes_key_expand_128_u0/aes_sbox_u1,kexp_sbox,bfs_h4
_17367,aes_key_expand_128_u0/aes_sbox_u1,kexp_sbox,bfs_h5
_17368,aes_key_expand_128_u0/aes_sbox_u1,kexp_sbox,bfs_h5
_17369,aes_key_expand_128_u0,key_expand,bfs_h2
_17370,aes_key_expand_128_u0,key_expand,bfs_h2
_17371,aes_key_expand_128_u0,key_expand,bfs_h2
_17372,aes_key_expand_128_u0/aes_sbox_u1,kexp_sbox,bfs_h5
_17373,aes_key_expand_128_u0,key_expand,bfs_h2
_17374,aes_key_expand_128_u0/aes_sbox_u1,kexp_sbox,bfs_h3
_17375,aes_key_expand_128_u0/aes_sbox_u1,kexp_sbox,bfs_h4
_17376,aes_key_expand_128_u0/aes_sbox_u1,kexp_sbox,bfs_h5
_17377,aes_cipher_top,top,bfs_h8
_17378,aes_key_expand_128_u0/aes_sbox_u1,kexp_sbox,bfs_h4
_17379,aes_key_expand_128_u0/aes_sbox_u1,kexp_sbox,bfs_h3
_17380,aes_key_expand_128_u0/aes_sbox_u1,kexp_sbox,bfs_h5
_17381,aes_key_expand_128_u0/aes_sbox_u1,kexp_sbox,bfs_h5
_17382,aes_key_expand_128_u0/aes_sbox_u1,kexp_sbox,bfs_h5
_17383,aes_key_expand_128_u0/aes_sbox_u1,kexp_sbox,bfs_h4
_17384,aes_cipher_top,top,unassigned
_17385,aes_key_expand_128_u0/aes_sbox_u1,kexp_sbox,bfs_h5
_17386,aes_key_expand_128_u0/aes_sbox_u1,kexp_sbox,bfs_h5
_17387,aes_key_expand_128_u0/aes_sbox_u1,kexp_sbox,bfs_h4
_17388,aes_key_expand_128_u0/aes_sbox_u1,kexp_sbox,bfs_h4
_17389,aes_key_expand_128_u0/aes_sbox_u1,kexp_sbox,bfs_h3
_17390,aes_key_expand_128_u0/aes_sbox_u1,kexp_sbox,bfs_h3
_17391,aes_key_expand_128_u0/aes_sbox_u1,kexp_sbox,bfs_h2
_17392,aes_key_expand_128_u0/aes_sbox_u1,kexp_sbox,bfs_h5
_17393,aes_key_expand_128_u0/aes_sbox_u1,kexp_sbox,bfs_h4
_17394,aes_key_expand_128_u0/aes_sbox_u1,kexp_sbox,bfs_h5
_17395,aes_key_expand_128_u0/aes_sbox_u1,kexp_sbox,bfs_h4
_17396,aes_key_expand_128_u0/aes_sbox_u1,kexp_sbox,bfs_h5
_17397,aes_key_expand_128_u0/aes_sbox_u1,kexp_sbox,bfs_h5
_17398,aes_key_expand_128_u0/aes_sbox_u1,kexp_sbox,bfs_h4
_17399,aes_key_expand_128_u0/aes_sbox_u1,kexp_sbox,bfs_h5
_17400,aes_cipher_top,top,bfs_h7
_17401,aes_key_expand_128_u0/aes_sbox_u1,kexp_sbox,bfs_h5
_17402,aes_key_expand_128_u0/aes_sbox_u1,kexp_sbox,bfs_h5
_17403,aes_key_expand_128_u0,key_expand,bfs_h2
_17404,aes_key_expand_128_u0/aes_sbox_u1,kexp_sbox,bfs_h5
_17405,aes_key_expand_128_u0/aes_sbox_u1,kexp_sbox,bfs_h4
_17406,aes_key_expand_128_u0/aes_sbox_u1,kexp_sbox,bfs_h4
_17407,aes_key_expand_128_u0/aes_sbox_u1,kexp_sbox,bfs_h5
_17408,aes_key_expand_128_u0/aes_sbox_u1,kexp_sbox,bfs_h5
_17409,aes_key_expand_128_u0/aes_sbox_u1,kexp_sbox,bfs_h5
_17410,aes_key_expand_128_u0/aes_sbox_u1,kexp_sbox,bfs_h4
_17411,aes_key_expand_128_u0/aes_sbox_u1,kexp_sbox,bfs_h3
_17412,aes_cipher_top,top,bfs_h7
_17413,aes_cipher_top,top,bfs_h8
_17414,aes_key_expand_128_u0/aes_sbox_u1,kexp_sbox,bfs_h5
_17415,aes_key_expand_128_u0/aes_sbox_u1,kexp_sbox,bfs_h4
_17416,aes_key_expand_128_u0/aes_sbox_u1,kexp_sbox,bfs_h5
_17417,aes_key_expand_128_u0/aes_sbox_u1,kexp_sbox,bfs_h5
_17418,aes_key_expand_128_u0/aes_sbox_u1,kexp_sbox,bfs_h5
_17419,aes_key_expand_128_u0,key_expand,bfs_h2
_17420,aes_key_expand_128_u0/aes_sbox_u1,kexp_sbox,bfs_h3
_17421,aes_key_expand_128_u0/aes_sbox_u1,kexp_sbox,bfs_h2
_17422,aes_key_expand_128_u0/aes_sbox_u1,kexp_sbox,bfs_h1
_17423,aes_key_expand_128_u0/aes_sbox_u1,kexp_sbox,bfs_h5
_17424,aes_key_expand_128_u0/aes_sbox_u1,kexp_sbox,bfs_h5
_17425,aes_key_expand_128_u0/aes_sbox_u1,kexp_sbox,bfs_h5
_17426,aes_key_expand_128_u0/aes_sbox_u1,kexp_sbox,bfs_h5
_17427,aes_key_expand_128_u0/aes_sbox_u1,kexp_sbox,bfs_h4
_17428,aes_cipher_top,top,unassigned
_17429,aes_key_expand_128_u0/aes_sbox_u1,kexp_sbox,bfs_h5
_17430,aes_key_expand_128_u0/aes_sbox_u1,kexp_sbox,bfs_h5
_17431,aes_key_expand_128_u0/aes_sbox_u1,kexp_sbox,bfs_h5
_17432,aes_key_expand_128_u0/aes_sbox_u1,kexp_sbox,bfs_h5
_17433,aes_key_expand_128_u0/aes_sbox_u1,kexp_sbox,bfs_h4
_17434,aes_key_expand_128_u0/aes_sbox_u1,kexp_sbox,bfs_h3
_17435,aes_key_expand_128_u0/aes_sbox_u1,kexp_sbox,bfs_h5
_17436,aes_key_expand_128_u0/aes_sbox_u1,kexp_sbox,bfs_h5
_17437,aes_key_expand_128_u0/aes_sbox_u1,kexp_sbox,bfs_h5
_17438,aes_key_expand_128_u0/aes_sbox_u1,kexp_sbox,bfs_h5
_17439,aes_key_expand_128_u0/aes_sbox_u1,kexp_sbox,bfs_h5
_17440,aes_key_expand_128_u0/aes_sbox_u1,kexp_sbox,bfs_h5
_17441,aes_key_expand_128_u0/aes_sbox_u1,kexp_sbox,bfs_h5
_17442,aes_key_expand_128_u0/aes_sbox_u1,kexp_sbox,bfs_h5
_17443,aes_cipher_top,top,unassigned
_17444,aes_key_expand_128_u0,key_expand,bfs_h2
_17445,aes_key_expand_128_u0/aes_sbox_u1,kexp_sbox,bfs_h2
_17446,aes_key_expand_128_u0/aes_sbox_u1,kexp_sbox,bfs_h5
_17447,aes_key_expand_128_u0/aes_sbox_u1,kexp_sbox,bfs_h5
_17448,aes_key_expand_128_u0/aes_sbox_u1,kexp_sbox,bfs_h5
_17449,aes_key_expand_128_u0/aes_sbox_u1,kexp_sbox,bfs_h4
_17450,aes_key_expand_128_u0/aes_sbox_u1,kexp_sbox,bfs_h5
_17451,aes_key_expand_128_u0,key_expand,bfs_h2
_17452,aes_key_expand_128_u0/aes_sbox_u1,kexp_sbox,bfs_h5
_17453,aes_key_expand_128_u0/aes_sbox_u1,kexp_sbox,bfs_h4
_17454,aes_key_expand_128_u0/aes_sbox_u1,kexp_sbox,bfs_h3
_17455,aes_key_expand_128_u0,key_expand,bfs_h2
_17456,aes_cipher_top,top,bfs_h7
_17457,aes_key_expand_128_u0/aes_sbox_u1,kexp_sbox,bfs_h5
_17458,aes_cipher_top,top,unassigned
_17459,aes_key_expand_128_u0/aes_sbox_u1,kexp_sbox,bfs_h5
_17460,aes_key_expand_128_u0/aes_sbox_u1,kexp_sbox,bfs_h4
_17461,aes_key_expand_128_u0/aes_sbox_u1,kexp_sbox,bfs_h4
_17462,aes_key_expand_128_u0/aes_sbox_u1,kexp_sbox,bfs_h4
_17463,aes_key_expand_128_u0,key_expand,bfs_h2
_17464,aes_key_expand_128_u0/aes_sbox_u1,kexp_sbox,bfs_h5
_17465,aes_key_expand_128_u0/aes_sbox_u1,kexp_sbox,bfs_h5
_17466,aes_key_expand_128_u0/aes_sbox_u1,kexp_sbox,bfs_h4
_17467,aes_key_expand_128_u0/aes_sbox_u1,kexp_sbox,bfs_h5
_17468,aes_key_expand_128_u0/aes_sbox_u1,kexp_sbox,bfs_h5
_17469,aes_key_expand_128_u0/aes_sbox_u1,kexp_sbox,bfs_h5
_17470,aes_key_expand_128_u0/aes_sbox_u1,kexp_sbox,bfs_h4
_17471,aes_key_expand_128_u0/aes_sbox_u1,kexp_sbox,bfs_h3
_17472,aes_key_expand_128_u0/aes_sbox_u1,kexp_sbox,bfs_h5
_17473,aes_cipher_top,top,unassigned
_17474,aes_key_expand_128_u0/aes_sbox_u1,kexp_sbox,bfs_h5
_17475,aes_cipher_top,top,unassigned
_17476,aes_key_expand_128_u0/aes_sbox_u1,kexp_sbox,bfs_h5
_17477,aes_key_expand_128_u0/aes_sbox_u1,kexp_sbox,bfs_h5
_17478,aes_cipher_top,top,unassigned
_17479,aes_key_expand_128_u0,key_expand,bfs_h2
_17480,aes_key_expand_128_u0,key_expand,bfs_h2
_17481,aes_cipher_top,top,unassigned
_17482,aes_cipher_top,top,unassigned
_17483,aes_key_expand_128_u0/aes_sbox_u1,kexp_sbox,bfs_h5
_17484,aes_cipher_top,top,unassigned
_17485,aes_key_expand_128_u0/aes_sbox_u1,kexp_sbox,bfs_h5
_17486,aes_key_expand_128_u0/aes_sbox_u1,kexp_sbox,bfs_h4
_17487,aes_key_expand_128_u0/aes_sbox_u1,kexp_sbox,bfs_h5
_17488,aes_key_expand_128_u0/aes_sbox_u1,kexp_sbox,bfs_h5
_17489,aes_key_expand_128_u0/aes_sbox_u1,kexp_sbox,bfs_h5
_17490,aes_key_expand_128_u0/aes_sbox_u1,kexp_sbox,bfs_h5
_17491,aes_key_expand_128_u0/aes_sbox_u1,kexp_sbox,bfs_h5
_17492,aes_key_expand_128_u0/aes_sbox_u1,kexp_sbox,bfs_h4
_17493,aes_key_expand_128_u0/aes_sbox_u1,kexp_sbox,bfs_h3
_17494,aes_key_expand_128_u0/aes_sbox_u1,kexp_sbox,bfs_h2
_17495,aes_key_expand_128_u0/aes_sbox_u1,kexp_sbox,bfs_h1
_17496,aes_key_expand_128_u0/aes_sbox_u1,kexp_sbox,bfs_h4
_17497,aes_key_expand_128_u0/aes_sbox_u1,kexp_sbox,bfs_h5
_17498,aes_key_expand_128_u0,key_expand,bfs_h2
_17499,aes_key_expand_128_u0/aes_sbox_u1,kexp_sbox,bfs_h5
_17500,aes_cipher_top,top,bfs_h8
_17501,aes_key_expand_128_u0,key_expand,bfs_h2
_17502,aes_cipher_top,top,bfs_h7
_17503,aes_key_expand_128_u0/aes_sbox_u1,kexp_sbox,bfs_h5
_17504,aes_cipher_top,top,bfs_h8
_17505,aes_key_expand_128_u0/aes_sbox_u1,kexp_sbox,bfs_h5
_17506,aes_key_expand_128_u0/aes_sbox_u1,kexp_sbox,bfs_h4
_17507,aes_key_expand_128_u0/aes_sbox_u1,kexp_sbox,bfs_h3
_17508,aes_key_expand_128_u0/aes_sbox_u1,kexp_sbox,bfs_h4
_17509,aes_cipher_top,top,unassigned
_17510,aes_cipher_top,top,unassigned
_17511,aes_key_expand_128_u0/aes_sbox_u1,kexp_sbox,bfs_h5
_17512,aes_key_expand_128_u0/aes_sbox_u1,kexp_sbox,bfs_h4
_17513,aes_key_expand_128_u0/aes_sbox_u1,kexp_sbox,bfs_h4
_17514,aes_key_expand_128_u0/aes_sbox_u1,kexp_sbox,bfs_h5
_17515,aes_key_expand_128_u0/aes_sbox_u1,kexp_sbox,bfs_h5
_17516,aes_key_expand_128_u0/aes_sbox_u1,kexp_sbox,bfs_h5
_17517,aes_cipher_top,top,unassigned
_17518,aes_key_expand_128_u0/aes_sbox_u1,kexp_sbox,bfs_h4
_17519,aes_key_expand_128_u0/aes_sbox_u1,kexp_sbox,bfs_h3
_17520,aes_key_expand_128_u0/aes_sbox_u1,kexp_sbox,bfs_h2
_17521,aes_key_expand_128_u0/aes_sbox_u1,kexp_sbox,bfs_h4
_17522,aes_key_expand_128_u0/aes_sbox_u1,kexp_sbox,bfs_h5
_17523,aes_key_expand_128_u0/aes_sbox_u1,kexp_sbox,bfs_h5
_17524,aes_cipher_top,top,unassigned
_17525,aes_cipher_top,top,bfs_h8
_17526,aes_key_expand_128_u0/aes_sbox_u1,kexp_sbox,bfs_h5
_17527,aes_key_expand_128_u0/aes_sbox_u1,kexp_sbox,bfs_h5
_17528,aes_key_expand_128_u0/aes_sbox_u1,kexp_sbox,bfs_h5
_17529,aes_key_expand_128_u0/aes_sbox_u1,kexp_sbox,bfs_h5
_17530,aes_key_expand_128_u0/aes_sbox_u1,kexp_sbox,bfs_h5
_17531,aes_key_expand_128_u0/aes_sbox_u1,kexp_sbox,bfs_h5
_17532,aes_key_expand_128_u0/aes_sbox_u1,kexp_sbox,bfs_h5
_17533,aes_key_expand_128_u0/aes_sbox_u1,kexp_sbox,bfs_h4
_17534,aes_key_expand_128_u0,key_expand,bfs_h2
_17535,aes_key_expand_128_u0/aes_sbox_u1,kexp_sbox,bfs_h5
_17536,aes_key_expand_128_u0/aes_sbox_u1,kexp_sbox,bfs_h5
_17537,aes_key_expand_128_u0/aes_sbox_u1,kexp_sbox,bfs_h4
_17538,aes_key_expand_128_u0/aes_sbox_u1,kexp_sbox,bfs_h5
_17539,aes_key_expand_128_u0/aes_sbox_u1,kexp_sbox,bfs_h5
_17540,aes_key_expand_128_u0/aes_sbox_u1,kexp_sbox,bfs_h5
_17541,aes_key_expand_128_u0/aes_sbox_u1,kexp_sbox,bfs_h5
_17542,aes_key_expand_128_u0,key_expand,bfs_h2
_17543,aes_key_expand_128_u0/aes_sbox_u1,kexp_sbox,bfs_h5
_17544,aes_key_expand_128_u0/aes_sbox_u1,kexp_sbox,bfs_h5
_17545,aes_key_expand_128_u0/aes_sbox_u1,kexp_sbox,bfs_h4
_17546,aes_key_expand_128_u0/aes_sbox_u1,kexp_sbox,bfs_h3
_17547,aes_key_expand_128_u0,key_expand,bfs_h2
_17548,aes_key_expand_128_u0/aes_sbox_u1,kexp_sbox,bfs_h1
_17549,aes_cipher_top,top,bfs_h8
_17550,aes_cipher_top,top,bfs_h7
_17551,aes_key_expand_128_u0/aes_sbox_u1,kexp_sbox,bfs_h4
_17552,aes_key_expand_128_u0/aes_sbox_u1,kexp_sbox,bfs_h5
_17553,aes_key_expand_128_u0/aes_sbox_u1,kexp_sbox,bfs_h5
_17554,aes_key_expand_128_u0,key_expand,bfs_h2
_17555,aes_key_expand_128_u0,key_expand,bfs_h2
_17556,aes_key_expand_128_u0/aes_sbox_u1,kexp_sbox,bfs_h5
_17557,aes_key_expand_128_u0/aes_sbox_u1,kexp_sbox,bfs_h4
_17558,aes_key_expand_128_u0/aes_sbox_u1,kexp_sbox,bfs_h4
_17559,aes_key_expand_128_u0/aes_sbox_u1,kexp_sbox,bfs_h4
_17560,aes_key_expand_128_u0/aes_sbox_u1,kexp_sbox,bfs_h3
_17561,aes_key_expand_128_u0/aes_sbox_u1,kexp_sbox,bfs_h4
_17562,aes_key_expand_128_u0,key_expand,bfs_h2
_17563,aes_key_expand_128_u0/aes_sbox_u1,kexp_sbox,bfs_h4
_17564,aes_key_expand_128_u0/aes_sbox_u1,kexp_sbox,bfs_h3
_17565,aes_key_expand_128_u0,key_expand,bfs_h2
_17566,aes_key_expand_128_u0/aes_sbox_u1,kexp_sbox,bfs_h3
_17567,aes_cipher_top,top,unassigned
_17568,aes_key_expand_128_u0/aes_sbox_u1,kexp_sbox,bfs_h4
_17569,aes_cipher_top,top,unassigned
_17570,aes_key_expand_128_u0,key_expand,bfs_h2
_17571,aes_key_expand_128_u0/aes_sbox_u1,kexp_sbox,bfs_h5
_17572,aes_key_expand_128_u0/aes_sbox_u1,kexp_sbox,bfs_h4
_17573,aes_key_expand_128_u0,key_expand,bfs_h2
_17574,aes_key_expand_128_u0,key_expand,bfs_h2
_17575,aes_key_expand_128_u0/aes_sbox_u1,kexp_sbox,bfs_h2
_17576,aes_key_expand_128_u0/aes_sbox_u1,kexp_sbox,bfs_h5
_17577,aes_key_expand_128_u0/aes_sbox_u1,kexp_sbox,bfs_h4
_17578,aes_key_expand_128_u0/aes_sbox_u1,kexp_sbox,bfs_h3
_17579,aes_key_expand_128_u0/aes_sbox_u1,kexp_sbox,bfs_h4
_17580,aes_key_expand_128_u0/aes_sbox_u1,kexp_sbox,bfs_h3
_17581,aes_cipher_top,top,unassigned
_17582,aes_key_expand_128_u0,key_expand,bfs_h2
_17583,aes_key_expand_128_u0/aes_sbox_u1,kexp_sbox,bfs_h4
_17584,aes_key_expand_128_u0/aes_sbox_u1,kexp_sbox,bfs_h5
_17585,aes_key_expand_128_u0/aes_sbox_u1,kexp_sbox,bfs_h4
_17586,aes_key_expand_128_u0/aes_sbox_u1,kexp_sbox,bfs_h3
_17587,aes_key_expand_128_u0/aes_sbox_u1,kexp_sbox,bfs_h5
_17588,aes_key_expand_128_u0/aes_sbox_u1,kexp_sbox,bfs_h4
_17589,aes_cipher_top,top,unassigned
_17590,aes_key_expand_128_u0/aes_sbox_u1,kexp_sbox,bfs_h5
_17591,aes_key_expand_128_u0/aes_sbox_u1,kexp_sbox,bfs_h5
_17592,aes_key_expand_128_u0/aes_sbox_u1,kexp_sbox,bfs_h5
_17593,aes_key_expand_128_u0/aes_sbox_u1,kexp_sbox,bfs_h4
_17594,aes_key_expand_128_u0/aes_sbox_u1,kexp_sbox,bfs_h4
_17595,aes_key_expand_128_u0/aes_sbox_u1,kexp_sbox,bfs_h5
_17596,aes_key_expand_128_u0/aes_sbox_u1,kexp_sbox,bfs_h4
_17597,aes_key_expand_128_u0/aes_sbox_u1,kexp_sbox,bfs_h3
_17598,aes_key_expand_128_u0,key_expand,bfs_h2
_17599,aes_key_expand_128_u0/aes_sbox_u1,kexp_sbox,bfs_h2
_17600,aes_key_expand_128_u0/aes_sbox_u1,kexp_sbox,bfs_h1
_17601,aes_key_expand_128_u0,key_expand,bfs_h2
_17602,aes_key_expand_128_u0/aes_sbox_u1,kexp_sbox,bfs_h5
_17603,aes_key_expand_128_u0/aes_sbox_u1,kexp_sbox,bfs_h4
_17604,aes_key_expand_128_u0,key_expand,bfs_h2
_17605,aes_cipher_top,top,bfs_h7
_17606,aes_key_expand_128_u0/aes_sbox_u1,kexp_sbox,bfs_h4
_17607,aes_key_expand_128_u0/aes_sbox_u1,kexp_sbox,bfs_h5
_17608,aes_key_expand_128_u0/aes_sbox_u1,kexp_sbox,bfs_h5
_17609,aes_key_expand_128_u0/aes_sbox_u1,kexp_sbox,bfs_h5
_17610,aes_key_expand_128_u0/aes_sbox_u1,kexp_sbox,bfs_h4
_17611,aes_key_expand_128_u0/aes_sbox_u1,kexp_sbox,bfs_h3
_17612,aes_key_expand_128_u0/aes_sbox_u1,kexp_sbox,bfs_h5
_17613,aes_key_expand_128_u0/aes_sbox_u1,kexp_sbox,bfs_h5
_17614,aes_key_expand_128_u0,key_expand,bfs_h2
_17615,aes_key_expand_128_u0/aes_sbox_u1,kexp_sbox,bfs_h5
_17616,aes_key_expand_128_u0/aes_sbox_u1,kexp_sbox,bfs_h4
_17617,aes_key_expand_128_u0/aes_sbox_u1,kexp_sbox,bfs_h4
_17618,aes_key_expand_128_u0/aes_sbox_u1,kexp_sbox,bfs_h5
_17619,aes_key_expand_128_u0/aes_sbox_u1,kexp_sbox,bfs_h4
_17620,aes_key_expand_128_u0/aes_sbox_u1,kexp_sbox,bfs_h4
_17621,aes_key_expand_128_u0/aes_sbox_u1,kexp_sbox,bfs_h3
_17622,aes_key_expand_128_u0/aes_sbox_u1,kexp_sbox,bfs_h2
_17623,aes_key_expand_128_u0/aes_sbox_u1,kexp_sbox,bfs_h5
_17624,aes_cipher_top,top,unassigned
_17625,aes_key_expand_128_u0/aes_sbox_u1,kexp_sbox,bfs_h5
_17626,aes_key_expand_128_u0/aes_sbox_u1,kexp_sbox,bfs_h4
_17627,aes_key_expand_128_u0/aes_sbox_u1,kexp_sbox,bfs_h5
_17628,aes_key_expand_128_u0/aes_sbox_u1,kexp_sbox,bfs_h4
_17629,aes_key_expand_128_u0/aes_sbox_u1,kexp_sbox,bfs_h4
_17630,aes_key_expand_128_u0/aes_sbox_u1,kexp_sbox,bfs_h4
_17631,aes_cipher_top,top,bfs_h8
_17632,aes_key_expand_128_u0/aes_sbox_u1,kexp_sbox,bfs_h5
_17633,aes_key_expand_128_u0/aes_sbox_u1,kexp_sbox,bfs_h4
_17634,aes_key_expand_128_u0/aes_sbox_u1,kexp_sbox,bfs_h3
_17635,aes_key_expand_128_u0/aes_sbox_u1,kexp_sbox,bfs_h4
_17636,aes_key_expand_128_u0/aes_sbox_u1,kexp_sbox,bfs_h5
_17637,aes_key_expand_128_u0/aes_sbox_u1,kexp_sbox,bfs_h5
_17638,aes_key_expand_128_u0/aes_sbox_u1,kexp_sbox,bfs_h5
_17639,aes_cipher_top,top,unassigned
_17640,aes_key_expand_128_u0/aes_sbox_u1,kexp_sbox,bfs_h4
_17641,aes_key_expand_128_u0/aes_sbox_u1,kexp_sbox,bfs_h5
_17642,aes_key_expand_128_u0/aes_sbox_u1,kexp_sbox,bfs_h5
_17643,aes_key_expand_128_u0/aes_sbox_u1,kexp_sbox,bfs_h5
_17644,aes_key_expand_128_u0/aes_sbox_u1,kexp_sbox,bfs_h5
_17645,aes_cipher_top,top,unassigned
_17646,aes_key_expand_128_u0/aes_sbox_u1,kexp_sbox,bfs_h5
_17647,aes_key_expand_128_u0,key_expand,bfs_h2
_17648,aes_key_expand_128_u0,key_expand,bfs_h2
_17649,aes_key_expand_128_u0/aes_sbox_u1,kexp_sbox,bfs_h1
_17650,aes_key_expand_128_u0/aes_sbox_u1,kexp_sbox,bfs_h4
_17651,aes_key_expand_128_u0/aes_sbox_u1,kexp_sbox,bfs_h5
_17652,aes_key_expand_128_u0/aes_sbox_u1,kexp_sbox,bfs_h4
_17653,aes_key_expand_128_u0/aes_sbox_u1,kexp_sbox,bfs_h3
_17654,aes_key_expand_128_u0/aes_sbox_u1,kexp_sbox,bfs_h4
_17655,aes_key_expand_128_u0/aes_sbox_u1,kexp_sbox,bfs_h4
_17656,aes_key_expand_128_u0,key_expand,bfs_h2
_17657,aes_key_expand_128_u0/aes_sbox_u1,kexp_sbox,bfs_h5
_17658,aes_key_expand_128_u0/aes_sbox_u1,kexp_sbox,bfs_h4
_17659,aes_key_expand_128_u0/aes_sbox_u1,kexp_sbox,bfs_h3
_17660,aes_key_expand_128_u0/aes_sbox_u1,kexp_sbox,bfs_h2
_17661,aes_key_expand_128_u0,key_expand,bfs_h2
_17662,aes_key_expand_128_u0/aes_sbox_u1,kexp_sbox,bfs_h5
_17663,aes_key_expand_128_u0/aes_sbox_u1,kexp_sbox,bfs_h4
_17664,aes_key_expand_128_u0/aes_sbox_u1,kexp_sbox,bfs_h4
_17665,aes_key_expand_128_u0/aes_sbox_u1,kexp_sbox,bfs_h3
_17666,aes_key_expand_128_u0/aes_sbox_u1,kexp_sbox,bfs_h5
_17667,aes_key_expand_128_u0/aes_sbox_u1,kexp_sbox,bfs_h5
_17668,aes_key_expand_128_u0/aes_sbox_u1,kexp_sbox,bfs_h4
_17669,aes_key_expand_128_u0/aes_sbox_u1,kexp_sbox,bfs_h4
_17670,aes_key_expand_128_u0/aes_sbox_u1,kexp_sbox,bfs_h3
_17671,aes_key_expand_128_u0,key_expand,bfs_h2
_17672,aes_cipher_top,top,unassigned
_17673,aes_key_expand_128_u0/aes_sbox_u1,kexp_sbox,bfs_h5
_17674,aes_key_expand_128_u0/aes_sbox_u1,kexp_sbox,bfs_h5
_17675,aes_key_expand_128_u0/aes_sbox_u1,kexp_sbox,bfs_h5
_17676,aes_key_expand_128_u0/aes_sbox_u1,kexp_sbox,bfs_h4
_17677,aes_key_expand_128_u0/aes_sbox_u1,kexp_sbox,bfs_h5
_17678,aes_key_expand_128_u0/aes_sbox_u1,kexp_sbox,bfs_h5
_17679,aes_key_expand_128_u0/aes_sbox_u1,kexp_sbox,bfs_h5
_17680,aes_key_expand_128_u0/aes_sbox_u1,kexp_sbox,bfs_h5
_17681,aes_key_expand_128_u0/aes_sbox_u1,kexp_sbox,bfs_h4
_17682,aes_key_expand_128_u0/aes_sbox_u1,kexp_sbox,bfs_h3
_17683,aes_key_expand_128_u0/aes_sbox_u1,kexp_sbox,bfs_h4
_17684,aes_key_expand_128_u0/aes_sbox_u1,kexp_sbox,bfs_h4
_17685,aes_key_expand_128_u0/aes_sbox_u1,kexp_sbox,bfs_h5
_17686,aes_key_expand_128_u0/aes_sbox_u1,kexp_sbox,bfs_h5
_17687,aes_key_expand_128_u0/aes_sbox_u1,kexp_sbox,bfs_h4
_17688,aes_key_expand_128_u0/aes_sbox_u1,kexp_sbox,bfs_h3
_17689,aes_key_expand_128_u0/aes_sbox_u1,kexp_sbox,bfs_h5
_17690,aes_key_expand_128_u0/aes_sbox_u1,kexp_sbox,bfs_h5
_17691,aes_key_expand_128_u0/aes_sbox_u1,kexp_sbox,bfs_h5
_17692,aes_key_expand_128_u0/aes_sbox_u1,kexp_sbox,bfs_h5
_17693,aes_key_expand_128_u0/aes_sbox_u1,kexp_sbox,bfs_h4
_17694,aes_cipher_top,top,unassigned
_17695,aes_key_expand_128_u0,key_expand,bfs_h2
_17696,aes_key_expand_128_u0/aes_sbox_u1,kexp_sbox,bfs_h2
_17697,aes_key_expand_128_u0/aes_sbox_u1,kexp_sbox,bfs_h1
_17698,aes_key_expand_128_u0/aes_sbox_u1,kexp_sbox,bfs_h4
_17699,aes_cipher_top,top,bfs_h7
_17700,aes_key_expand_128_u0/aes_sbox_u1,kexp_sbox,bfs_h5
_17701,aes_key_expand_128_u0/aes_sbox_u1,kexp_sbox,bfs_h4
_17702,aes_key_expand_128_u0/aes_sbox_u1,kexp_sbox,bfs_h3
_17703,aes_key_expand_128_u0/aes_sbox_u1,kexp_sbox,bfs_h5
_17704,aes_key_expand_128_u0/aes_sbox_u1,kexp_sbox,bfs_h5
_17705,aes_key_expand_128_u0/aes_sbox_u1,kexp_sbox,bfs_h4
_17706,aes_key_expand_128_u0/aes_sbox_u1,kexp_sbox,bfs_h4
_17707,aes_key_expand_128_u0/aes_sbox_u1,kexp_sbox,bfs_h4
_17708,aes_key_expand_128_u0/aes_sbox_u1,kexp_sbox,bfs_h3
_17709,aes_key_expand_128_u0/aes_sbox_u1,kexp_sbox,bfs_h2
_17710,aes_key_expand_128_u0/aes_sbox_u1,kexp_sbox,bfs_h5
_17711,aes_key_expand_128_u0,key_expand,bfs_h2
_17712,aes_key_expand_128_u0/aes_sbox_u1,kexp_sbox,bfs_h4
_17713,aes_key_expand_128_u0/aes_sbox_u1,kexp_sbox,bfs_h5
_17714,aes_key_expand_128_u0,key_expand,bfs_h2
_17715,aes_key_expand_128_u0/aes_sbox_u1,kexp_sbox,bfs_h3
_17716,aes_key_expand_128_u0/aes_sbox_u1,kexp_sbox,bfs_h4
_17717,aes_key_expand_128_u0/aes_sbox_u1,kexp_sbox,bfs_h3
_17718,aes_key_expand_128_u0,key_expand,bfs_h2
_17719,aes_key_expand_128_u0,key_expand,bfs_h2
_17720,aes_key_expand_128_u0,key_expand,bfs_h2
_17721,aes_key_expand_128_u0,key_expand,bfs_h2
_17722,aes_key_expand_128_u0,key_expand,bfs_h2
_17723,aes_key_expand_128_u0/aes_sbox_u1,kexp_sbox,bfs_h5
_17724,aes_key_expand_128_u0,key_expand,bfs_h2
_17725,aes_key_expand_128_u0/aes_sbox_u1,kexp_sbox,bfs_h5
_17726,aes_key_expand_128_u0/aes_sbox_u1,kexp_sbox,bfs_h5
_17727,aes_key_expand_128_u0/aes_sbox_u1,kexp_sbox,bfs_h5
_17728,aes_key_expand_128_u0/aes_sbox_u1,kexp_sbox,bfs_h5
_17729,aes_key_expand_128_u0/aes_sbox_u1,kexp_sbox,bfs_h5
_17730,aes_cipher_top,top,unassigned
_17731,aes_key_expand_128_u0,key_expand,bfs_h2
_17732,aes_key_expand_128_u0/aes_sbox_u1,kexp_sbox,bfs_h2
_17733,aes_key_expand_128_u0,key_expand,bfs_h2
_17734,aes_key_expand_128_u0/aes_sbox_u1,kexp_sbox,bfs_h5
_17735,aes_key_expand_128_u0/aes_sbox_u1,kexp_sbox,bfs_h5
_17736,aes_key_expand_128_u0,key_expand,bfs_h2
_17737,aes_key_expand_128_u0/aes_sbox_u1,kexp_sbox,bfs_h5
_17738,aes_key_expand_128_u0/aes_sbox_u1,kexp_sbox,bfs_h5
_17739,aes_key_expand_128_u0,key_expand,bfs_h2
_17740,aes_key_expand_128_u0,key_expand,bfs_h2
_17741,aes_key_expand_128_u0,key_expand,bfs_h2
_17742,aes_key_expand_128_u0,key_expand,bfs_h2
_17743,aes_key_expand_128_u0/aes_sbox_u1,kexp_sbox,bfs_h1
_17744,aes_key_expand_128_u0,key_expand,bfs_h2
_17745,aes_cipher_top,top,bfs_h7
_17746,aes_cipher_top,top,bfs_h7
_17747,aes_cipher_top,top,bfs_h4
_17748,aes_key_expand_128_u0,key_expand,bfs_h2
_17749,aes_key_expand_128_u0,key_expand,bfs_h2
_17750,aes_key_expand_128_u0/aes_sbox_u2,kexp_sbox,bfs_h5
_17751,aes_cipher_top,top,bfs_h7
_17752,aes_cipher_top,top,bfs_h8
_17753,aes_cipher_top,top,bfs_h8
_17754,aes_key_expand_128_u0,key_expand,bfs_h2
_17755,aes_cipher_top,top,bfs_h8
_17756,aes_cipher_top,top,bfs_h6
_17757,aes_cipher_top,top,bfs_h7
_17758,aes_cipher_top,top,bfs_h7
_17759,aes_cipher_top,top,bfs_h7
_17760,aes_key_expand_128_u0/aes_sbox_u2,kexp_sbox,bfs_h5
_17761,aes_key_expand_128_u0,key_expand,bfs_h2
_17762,aes_cipher_top,top,bfs_h7
_17763,aes_cipher_top,top,bfs_h8
_17764,aes_key_expand_128_u0,key_expand,bfs_h2
_17765,aes_cipher_top,top,bfs_h7
_17766,aes_cipher_top,top,bfs_h7
_17767,aes_cipher_top,top,bfs_h6
_17768,aes_cipher_top,top,bfs_h6
_17769,aes_key_expand_128_u0,key_expand,bfs_h2
_17770,aes_cipher_top,top,bfs_h5
_17771,aes_cipher_top,top,bfs_h5
_17772,aes_cipher_top,top,bfs_h4
_17773,aes_cipher_top,top,bfs_h5
_17774,aes_cipher_top,top,bfs_h6
_17775,aes_sbox_us33,main_sbox,bfs_h4
_17776,aes_key_expand_128_u0/aes_sbox_u2,kexp_sbox,bfs_h5
_17777,aes_key_expand_128_u0/aes_sbox_u2,kexp_sbox,bfs_h5
_17778,aes_key_expand_128_u0,key_expand,bfs_h2
_17779,aes_key_expand_128_u0/aes_sbox_u2,kexp_sbox,bfs_h3
_17780,aes_key_expand_128_u0/aes_sbox_u3,kexp_sbox,bfs_h4
_17781,aes_key_expand_128_u0/aes_sbox_u3,kexp_sbox,bfs_h5
_17782,aes_cipher_top,top,bfs_h8
_17783,aes_cipher_top,top,bfs_h8
_17784,aes_cipher_top,top,bfs_h8
_17785,aes_cipher_top,top,bfs_h7
_17786,aes_cipher_top,top,bfs_h7
_17787,aes_cipher_top,top,bfs_h7
_17788,aes_key_expand_128_u0,key_expand,bfs_h2
_17789,aes_cipher_top,top,bfs_h7
_17790,aes_cipher_top,top,bfs_h7
_17791,aes_key_expand_128_u0/aes_sbox_u2,kexp_sbox,bfs_h5
_17792,aes_key_expand_128_u0/aes_sbox_u2,kexp_sbox,bfs_h5
_17793,aes_cipher_top,top,bfs_h6
_17794,aes_key_expand_128_u0/aes_sbox_u2,kexp_sbox,bfs_h5
_17795,aes_cipher_top,top,bfs_h7
_17796,aes_key_expand_128_u0,key_expand,bfs_h2
_17797,aes_cipher_top,top,bfs_h8
_17798,aes_key_expand_128_u0/aes_sbox_u2,kexp_sbox,bfs_h5
_17799,aes_key_expand_128_u0/aes_sbox_u2,kexp_sbox,bfs_h5
_17800,aes_key_expand_128_u0/aes_sbox_u2,kexp_sbox,bfs_h4
_17801,aes_key_expand_128_u0/aes_sbox_u2,kexp_sbox,bfs_h3
_17802,aes_cipher_top,top,bfs_h7
_17803,aes_cipher_top,top,bfs_h6
_17804,aes_cipher_top,top,bfs_h5
_17805,aes_key_expand_128_u0/aes_sbox_u2,kexp_sbox,bfs_h5
_17806,aes_cipher_top,top,bfs_h7
_17807,aes_cipher_top,top,bfs_h8
_17808,aes_cipher_top,top,bfs_h8
_17809,aes_cipher_top,top,bfs_h7
_17810,aes_cipher_top,top,bfs_h8
_17811,aes_key_expand_128_u0/aes_sbox_u2,kexp_sbox,bfs_h4
_17812,aes_key_expand_128_u0/aes_sbox_u3,kexp_sbox,bfs_h4
_17813,aes_cipher_top,top,bfs_h8
_17814,aes_key_expand_128_u0,key_expand,bfs_h2
_17815,aes_cipher_top,top,bfs_h7
_17816,aes_cipher_top,top,bfs_h8
_17817,aes_cipher_top,top,bfs_h8
_17818,aes_cipher_top,top,bfs_h8
_17819,aes_key_expand_128_u0,key_expand,bfs_h2
_17820,aes_cipher_top,top,unassigned
_17821,aes_cipher_top,top,bfs_h5
_17822,aes_cipher_top,top,bfs_h6
_17823,aes_key_expand_128_u0/aes_sbox_u2,kexp_sbox,bfs_h4
_17824,aes_cipher_top,top,bfs_h7
_17825,aes_cipher_top,top,bfs_h7
_17826,aes_cipher_top,top,bfs_h7
_17827,aes_cipher_top,top,bfs_h8
_17828,aes_key_expand_128_u0/aes_sbox_u2,kexp_sbox,bfs_h5
_17829,aes_key_expand_128_u0/aes_sbox_u2,kexp_sbox,bfs_h5
_17830,aes_key_expand_128_u0/aes_sbox_u2,kexp_sbox,bfs_h5
_17831,aes_key_expand_128_u0/aes_sbox_u2,kexp_sbox,bfs_h5
_17832,aes_key_expand_128_u0/aes_sbox_u2,kexp_sbox,bfs_h4
_17833,aes_key_expand_128_u0/aes_sbox_u2,kexp_sbox,bfs_h3
_17834,aes_key_expand_128_u0/aes_sbox_u2,kexp_sbox,bfs_h4
_17835,aes_key_expand_128_u0/aes_sbox_u2,kexp_sbox,bfs_h3
_17836,aes_key_expand_128_u0/aes_sbox_u2,kexp_sbox,bfs_h3
_17837,aes_key_expand_128_u0/aes_sbox_u2,kexp_sbox,bfs_h2
_17838,aes_key_expand_128_u0,key_expand,bfs_h2
_17839,aes_cipher_top,top,bfs_h6
_17840,aes_cipher_top,top,bfs_h7
_17841,aes_cipher_top,top,bfs_h8
_17842,aes_cipher_top,top,bfs_h7
_17843,aes_cipher_top,top,bfs_h7
_17844,aes_cipher_top,top,bfs_h7
_17845,aes_cipher_top,top,bfs_h7
_17846,aes_cipher_top,top,bfs_h7
_17847,aes_cipher_top,top,bfs_h7
_17848,aes_cipher_top,top,bfs_h7
_17849,aes_cipher_top,top,bfs_h8
_17850,aes_cipher_top,top,bfs_h8
_17851,aes_cipher_top,top,bfs_h8
_17852,aes_cipher_top,top,bfs_h7
_17853,aes_key_expand_128_u0,key_expand,bfs_h2
_17854,aes_key_expand_128_u0,key_expand,bfs_h2
_17855,aes_cipher_top,top,bfs_h7
_17856,aes_key_expand_128_u0/aes_sbox_u2,kexp_sbox,bfs_h5
_17857,aes_cipher_top,top,bfs_h7
_17858,aes_key_expand_128_u0/aes_sbox_u2,kexp_sbox,bfs_h5
_17859,aes_key_expand_128_u0/aes_sbox_u2,kexp_sbox,bfs_h5
_17860,aes_key_expand_128_u0/aes_sbox_u2,kexp_sbox,bfs_h4
_17861,aes_cipher_top,top,bfs_h8
_17862,aes_key_expand_128_u0/aes_sbox_u2,kexp_sbox,bfs_h5
_17863,aes_key_expand_128_u0/aes_sbox_u2,kexp_sbox,bfs_h5
_17864,aes_key_expand_128_u0/aes_sbox_u2,kexp_sbox,bfs_h4
_17865,aes_key_expand_128_u0/aes_sbox_u2,kexp_sbox,bfs_h3
_17866,aes_cipher_top,top,bfs_h6
_17867,aes_cipher_top,top,bfs_h6
_17868,aes_key_expand_128_u0/aes_sbox_u2,kexp_sbox,bfs_h5
_17869,aes_key_expand_128_u0,key_expand,bfs_h2
_17870,aes_key_expand_128_u0/aes_sbox_u2,kexp_sbox,bfs_h5
_17871,aes_key_expand_128_u0/aes_sbox_u2,kexp_sbox,bfs_h5
_17872,aes_key_expand_128_u0/aes_sbox_u2,kexp_sbox,bfs_h4
_17873,aes_cipher_top,top,bfs_h8
_17874,aes_cipher_top,top,bfs_h8
_17875,aes_key_expand_128_u0/aes_sbox_u2,kexp_sbox,bfs_h5
_17876,aes_key_expand_128_u0/aes_sbox_u2,kexp_sbox,bfs_h5
_17877,aes_key_expand_128_u0/aes_sbox_u2,kexp_sbox,bfs_h4
_17878,aes_key_expand_128_u0/aes_sbox_u2,kexp_sbox,bfs_h3
_17879,aes_cipher_top,top,bfs_h8
_17880,aes_cipher_top,top,bfs_h6
_17881,aes_key_expand_128_u0/aes_sbox_u2,kexp_sbox,bfs_h5
_17882,aes_cipher_top,top,bfs_h8
_17883,aes_cipher_top,top,bfs_h7
_17884,aes_cipher_top,top,bfs_h7
_17885,aes_cipher_top,top,bfs_h8
_17886,aes_key_expand_128_u0/aes_sbox_u3,kexp_sbox,bfs_h4
_17887,aes_cipher_top,top,bfs_h7
_17888,aes_cipher_top,top,bfs_h6
_17889,aes_key_expand_128_u0/aes_sbox_u2,kexp_sbox,bfs_h5
_17890,aes_cipher_top,top,unassigned
_17891,aes_key_expand_128_u0,key_expand,bfs_h2
_17892,aes_key_expand_128_u0/aes_sbox_u2,kexp_sbox,bfs_h2
_17893,aes_key_expand_128_u0/aes_sbox_u2,kexp_sbox,bfs_h1
_17894,aes_cipher_top,top,bfs_h7
_17895,aes_key_expand_128_u0,key_expand,bfs_h2
_17896,aes_key_expand_128_u0/aes_sbox_u2,kexp_sbox,bfs_h5
_17897,aes_key_expand_128_u0/aes_sbox_u2,kexp_sbox,bfs_h4
_17898,aes_cipher_top,top,bfs_h8
_17899,aes_key_expand_128_u0,key_expand,bfs_h2
_17900,aes_key_expand_128_u0/aes_sbox_u2,kexp_sbox,bfs_h5
_17901,aes_key_expand_128_u0,key_expand,bfs_h2
_17902,aes_key_expand_128_u0/aes_sbox_u2,kexp_sbox,bfs_h5
_17903,aes_key_expand_128_u0/aes_sbox_u2,kexp_sbox,bfs_h4
_17904,aes_key_expand_128_u0/aes_sbox_u2,kexp_sbox,bfs_h3
_17905,aes_cipher_top,top,bfs_h7
_17906,aes_cipher_top,top,bfs_h7
_17907,aes_key_expand_128_u0/aes_sbox_u2,kexp_sbox,bfs_h5
_17908,aes_cipher_top,top,bfs_h8
_17909,aes_key_expand_128_u0,key_expand,bfs_h2
_17910,aes_key_expand_128_u0,key_expand,bfs_h2
_17911,aes_cipher_top,top,bfs_h7
_17912,aes_cipher_top,top,bfs_h8
_17913,aes_cipher_top,top,bfs_h8
_17914,aes_key_expand_128_u0/aes_sbox_u2,kexp_sbox,bfs_h5
_17915,aes_key_expand_128_u0,key_expand,bfs_h2
_17916,aes_key_expand_128_u0,key_expand,bfs_h2
_17917,aes_key_expand_128_u0/aes_sbox_u2,kexp_sbox,bfs_h2
_17918,aes_cipher_top,top,bfs_h7
_17919,aes_cipher_top,top,bfs_h6
_17920,aes_cipher_top,top,bfs_h7
_17921,aes_cipher_top,top,bfs_h8
_17922,aes_key_expand_128_u0/aes_sbox_u2,kexp_sbox,bfs_h4
_17923,aes_cipher_top,top,bfs_h7
_17924,aes_cipher_top,top,bfs_h7
_17925,aes_key_expand_128_u0/aes_sbox_u2,kexp_sbox,bfs_h4
_17926,aes_key_expand_128_u0/aes_sbox_u2,kexp_sbox,bfs_h4
_17927,aes_key_expand_128_u0/aes_sbox_u2,kexp_sbox,bfs_h3
_17928,aes_cipher_top,top,bfs_h6
_17929,aes_key_expand_128_u0/aes_sbox_u2,kexp_sbox,bfs_h4
_17930,aes_cipher_top,top,bfs_h7
_17931,aes_cipher_top,top,bfs_h8
_17932,aes_key_expand_128_u0/aes_sbox_u2,kexp_sbox,bfs_h4
_17933,aes_key_expand_128_u0/aes_sbox_u2,kexp_sbox,bfs_h3
_17934,aes_key_expand_128_u0/aes_sbox_u2,kexp_sbox,bfs_h2
_17935,aes_cipher_top,top,bfs_h7
_17936,aes_key_expand_128_u0,key_expand,bfs_h2
_17937,aes_key_expand_128_u0/aes_sbox_u2,kexp_sbox,bfs_h4
_17938,aes_key_expand_128_u0/aes_sbox_u2,kexp_sbox,bfs_h4
_17939,aes_key_expand_128_u0/aes_sbox_u2,kexp_sbox,bfs_h5
_17940,aes_cipher_top,top,bfs_h7
_17941,aes_cipher_top,top,bfs_h8
_17942,aes_key_expand_128_u0/aes_sbox_u2,kexp_sbox,bfs_h4
_17943,aes_key_expand_128_u0/aes_sbox_u2,kexp_sbox,bfs_h3
_17944,aes_cipher_top,top,bfs_h5
_17945,aes_key_expand_128_u0/aes_sbox_u2,kexp_sbox,bfs_h5
_17946,aes_key_expand_128_u0/aes_sbox_u2,kexp_sbox,bfs_h4
_17947,aes_cipher_top,top,bfs_h7
_17948,aes_cipher_top,top,bfs_h7
_17949,aes_key_expand_128_u0/aes_sbox_u2,kexp_sbox,bfs_h4
_17950,aes_key_expand_128_u0/aes_sbox_u2,kexp_sbox,bfs_h4
_17951,aes_key_expand_128_u0,key_expand,bfs_h2
_17952,aes_key_expand_128_u0/aes_sbox_u2,kexp_sbox,bfs_h2
_17953,aes_cipher_top,top,bfs_h8
_17954,aes_cipher_top,top,bfs_h7
_17955,aes_cipher_top,top,bfs_h8
_17956,aes_cipher_top,top,bfs_h8
_17957,aes_cipher_top,top,bfs_h7
_17958,aes_cipher_top,top,bfs_h8
_17959,aes_key_expand_128_u0/aes_sbox_u2,kexp_sbox,bfs_h5
_17960,aes_key_expand_128_u0/aes_sbox_u2,kexp_sbox,bfs_h5
_17961,aes_key_expand_128_u0/aes_sbox_u2,kexp_sbox,bfs_h5
_17962,aes_cipher_top,top,bfs_h8
_17963,aes_key_expand_128_u0,key_expand,bfs_h2
_17964,aes_cipher_top,top,bfs_h7
_17965,aes_cipher_top,top,bfs_h8
_17966,aes_key_expand_128_u0,key_expand,bfs_h2
_17967,aes_key_expand_128_u0/aes_sbox_u2,kexp_sbox,bfs_h1
_17968,aes_key_expand_128_u0/aes_sbox_u2,kexp_sbox,bfs_h5
_17969,aes_key_expand_128_u0,key_expand,bfs_h2
_17970,aes_key_expand_128_u0/aes_sbox_u2,kexp_sbox,bfs_h5
_17971,aes_cipher_top,top,bfs_h7
_17972,aes_cipher_top,top,bfs_h7
_17973,aes_cipher_top,top,bfs_h6
_17974,aes_cipher_top,top,bfs_h7
_17975,aes_cipher_top,top,bfs_h8
_17976,aes_cipher_top,top,bfs_h8
_17977,aes_cipher_top,top,bfs_h7
_17978,aes_key_expand_128_u0/aes_sbox_u2,kexp_sbox,bfs_h5
_17979,aes_key_expand_128_u0/aes_sbox_u2,kexp_sbox,bfs_h5
_17980,aes_key_expand_128_u0,key_expand,bfs_h2
_17981,aes_cipher_top,top,bfs_h8
_17982,aes_cipher_top,top,bfs_h7
_17983,aes_cipher_top,top,bfs_h8
_17984,aes_key_expand_128_u0/aes_sbox_u2,kexp_sbox,bfs_h5
_17985,aes_cipher_top,top,bfs_h7
_17986,aes_key_expand_128_u0,key_expand,bfs_h2
_17987,aes_key_expand_128_u0/aes_sbox_u2,kexp_sbox,bfs_h4
_17988,aes_key_expand_128_u0,key_expand,bfs_h2
_17989,aes_cipher_top,top,unassigned
_17990,aes_cipher_top,top,bfs_h8
_17991,aes_cipher_top,top,unassigned
_17992,aes_cipher_top,top,bfs_h8
_17993,aes_cipher_top,top,bfs_h7
_17994,aes_cipher_top,top,bfs_h7
_17995,aes_cipher_top,top,bfs_h8
_17996,aes_sbox_us33,main_sbox,bfs_h4
_17997,aes_key_expand_128_u0/aes_sbox_u2,kexp_sbox,bfs_h5
_17998,aes_key_expand_128_u0/aes_sbox_u2,kexp_sbox,bfs_h4
_17999,aes_cipher_top,top,unassigned
_18000,aes_key_expand_128_u0/aes_sbox_u2,kexp_sbox,bfs_h4
_18001,aes_key_expand_128_u0,key_expand,bfs_h2
_18002,aes_cipher_top,top,bfs_h7
_18003,aes_key_expand_128_u0,key_expand,bfs_h2
_18004,aes_cipher_top,top,bfs_h7
_18005,aes_key_expand_128_u0/aes_sbox_u2,kexp_sbox,bfs_h5
_18006,aes_cipher_top,top,bfs_h6
_18007,aes_cipher_top,top,bfs_h8
_18008,aes_cipher_top,top,bfs_h6
_18009,aes_cipher_top,top,bfs_h7
_18010,aes_key_expand_128_u0/aes_sbox_u2,kexp_sbox,bfs_h5
_18011,aes_cipher_top,top,bfs_h7
_18012,aes_cipher_top,top,bfs_h6
_18013,aes_cipher_top,top,bfs_h7
_18014,aes_cipher_top,top,bfs_h8
_18015,aes_key_expand_128_u0/aes_sbox_u2,kexp_sbox,bfs_h5
_18016,aes_cipher_top,top,bfs_h8
_18017,aes_cipher_top,top,bfs_h8
_18018,aes_key_expand_128_u0/aes_sbox_u2,kexp_sbox,bfs_h5
_18019,aes_cipher_top,top,unassigned
_18020,aes_key_expand_128_u0,key_expand,bfs_h2
_18021,aes_cipher_top,top,bfs_h6
_18022,aes_key_expand_128_u0/aes_sbox_u2,kexp_sbox,bfs_h5
_18023,aes_key_expand_128_u0/aes_sbox_u2,kexp_sbox,bfs_h5
_18024,aes_key_expand_128_u0/aes_sbox_u2,kexp_sbox,bfs_h5
_18025,aes_cipher_top,top,bfs_h7
_18026,aes_key_expand_128_u0/aes_sbox_u2,kexp_sbox,bfs_h5
_18027,aes_key_expand_128_u0/aes_sbox_u2,kexp_sbox,bfs_h4
_18028,aes_cipher_top,top,bfs_h8
_18029,aes_cipher_top,top,bfs_h7
_18030,aes_cipher_top,top,bfs_h8
_18031,aes_key_expand_128_u0,key_expand,bfs_h2
_18032,aes_cipher_top,top,bfs_h6
_18033,aes_cipher_top,top,bfs_h6
_18034,aes_cipher_top,top,bfs_h7
_18035,aes_key_expand_128_u0,key_expand,bfs_h2
_18036,aes_key_expand_128_u0/aes_sbox_u2,kexp_sbox,bfs_h3
_18037,aes_key_expand_128_u0/aes_sbox_u2,kexp_sbox,bfs_h2
_18038,aes_key_expand_128_u0/aes_sbox_u2,kexp_sbox,bfs_h1
_18039,aes_cipher_top,top,bfs_h6
_18040,aes_cipher_top,top,bfs_h6
_18041,aes_cipher_top,top,bfs_h7
_18042,aes_cipher_top,top,unassigned
_18043,aes_key_expand_128_u0/aes_sbox_u2,kexp_sbox,bfs_h5
_18044,aes_key_expand_128_u0/aes_sbox_u2,kexp_sbox,bfs_h5
_18045,aes_cipher_top,top,bfs_h8
_18046,aes_key_expand_128_u0/aes_sbox_u2,kexp_sbox,bfs_h5
_18047,aes_key_expand_128_u0/aes_sbox_u2,kexp_sbox,bfs_h5
_18048,aes_key_expand_128_u0/aes_sbox_u2,kexp_sbox,bfs_h5
_18049,aes_cipher_top,top,unassigned
_18050,aes_cipher_top,top,bfs_h7
_18051,aes_key_expand_128_u0,key_expand,bfs_h2
_18052,aes_cipher_top,top,bfs_h7
_18053,aes_cipher_top,top,bfs_h7
_18054,aes_cipher_top,top,bfs_h7
_18055,aes_key_expand_128_u0/aes_sbox_u2,kexp_sbox,bfs_h5
_18056,aes_cipher_top,top,bfs_h8
_18057,aes_cipher_top,top,bfs_h8
_18058,aes_cipher_top,top,unassigned
_18059,aes_cipher_top,top,bfs_h8
_18060,aes_key_expand_128_u0/aes_sbox_u2,kexp_sbox,bfs_h5
_18061,aes_cipher_top,top,bfs_h6
_18062,aes_key_expand_128_u0/aes_sbox_u2,kexp_sbox,bfs_h5
_18063,aes_key_expand_128_u0/aes_sbox_u2,kexp_sbox,bfs_h4
_18064,aes_cipher_top,top,bfs_h6
_18065,aes_cipher_top,top,bfs_h7
_18066,aes_cipher_top,top,bfs_h7
_18067,aes_key_expand_128_u0,key_expand,bfs_h2
_18068,aes_key_expand_128_u0/aes_sbox_u2,kexp_sbox,bfs_h5
_18069,aes_key_expand_128_u0,key_expand,bfs_h2
_18070,aes_cipher_top,top,bfs_h7
_18071,aes_key_expand_128_u0/aes_sbox_u2,kexp_sbox,bfs_h5
_18072,aes_key_expand_128_u0/aes_sbox_u2,kexp_sbox,bfs_h4
_18073,aes_key_expand_128_u0/aes_sbox_u2,kexp_sbox,bfs_h3
_18074,aes_key_expand_128_u0,key_expand,bfs_h2
_18075,aes_cipher_top,top,bfs_h6
_18076,aes_cipher_top,top,bfs_h6
_18077,aes_cipher_top,top,bfs_h8
_18078,aes_key_expand_128_u0/aes_sbox_u2,kexp_sbox,bfs_h5
_18079,aes_key_expand_128_u0/aes_sbox_u2,kexp_sbox,bfs_h5
_18080,aes_cipher_top,top,bfs_h7
_18081,aes_cipher_top,top,bfs_h8
_18082,aes_cipher_top,top,bfs_h8
_18083,aes_key_expand_128_u0/aes_sbox_u2,kexp_sbox,bfs_h5
_18084,aes_cipher_top,top,bfs_h7
_18085,aes_key_expand_128_u0,key_expand,bfs_h2
_18086,aes_cipher_top,top,bfs_h8
_18087,aes_cipher_top,top,bfs_h7
_18088,aes_key_expand_128_u0/aes_sbox_u2,kexp_sbox,bfs_h4
_18089,aes_key_expand_128_u0,key_expand,bfs_h2
_18090,aes_key_expand_128_u0/aes_sbox_u2,kexp_sbox,bfs_h5
_18091,aes_key_expand_128_u0,key_expand,bfs_h2
_18092,aes_key_expand_128_u0/aes_sbox_u2,kexp_sbox,bfs_h4
_18093,aes_cipher_top,top,bfs_h7
_18094,aes_cipher_top,top,bfs_h8
_18095,aes_key_expand_128_u0/aes_sbox_u2,kexp_sbox,bfs_h5
_18096,aes_key_expand_128_u0/aes_sbox_u2,kexp_sbox,bfs_h5
_18097,aes_key_expand_128_u0/aes_sbox_u2,kexp_sbox,bfs_h4
_18098,aes_key_expand_128_u0/aes_sbox_u2,kexp_sbox,bfs_h3
_18099,aes_key_expand_128_u0/aes_sbox_u2,kexp_sbox,bfs_h2
_18100,aes_key_expand_128_u0/aes_sbox_u2,kexp_sbox,bfs_h1
_18101,aes_cipher_top,top,bfs_h6
_18102,aes_key_expand_128_u0/aes_sbox_u3,kexp_sbox,bfs_h5
_18103,aes_key_expand_128_u0/aes_sbox_u2,kexp_sbox,bfs_h4
_18104,aes_cipher_top,top,bfs_h7
_18105,aes_cipher_top,top,bfs_h7
_18106,aes_key_expand_128_u0,key_expand,bfs_h2
_18107,aes_cipher_top,top,bfs_h7
_18108,aes_cipher_top,top,bfs_h7
_18109,aes_cipher_top,top,bfs_h7
_18110,aes_cipher_top,top,bfs_h7
_18111,aes_cipher_top,top,bfs_h8
_18112,aes_key_expand_128_u0,key_expand,bfs_h2
_18113,aes_key_expand_128_u0,key_expand,bfs_h2
_18114,aes_key_expand_128_u0/aes_sbox_u2,kexp_sbox,bfs_h4
_18115,aes_key_expand_128_u0/aes_sbox_u2,kexp_sbox,bfs_h3
_18116,aes_cipher_top,top,bfs_h8
_18117,aes_key_expand_128_u0/aes_sbox_u2,kexp_sbox,bfs_h5
_18118,aes_key_expand_128_u0/aes_sbox_u2,kexp_sbox,bfs_h4
_18119,aes_key_expand_128_u0,key_expand,bfs_h2
_18120,aes_key_expand_128_u0/aes_sbox_u2,kexp_sbox,bfs_h4
_18121,aes_key_expand_128_u0,key_expand,bfs_h2
_18122,aes_key_expand_128_u0/aes_sbox_u2,kexp_sbox,bfs_h2
_18123,aes_key_expand_128_u0/aes_sbox_u2,kexp_sbox,bfs_h4
_18124,aes_key_expand_128_u0/aes_sbox_u2,kexp_sbox,bfs_h3
_18125,aes_key_expand_128_u0/aes_sbox_u2,kexp_sbox,bfs_h4
_18126,aes_key_expand_128_u0/aes_sbox_u2,kexp_sbox,bfs_h3
_18127,aes_key_expand_128_u0,key_expand,bfs_h2
_18128,aes_key_expand_128_u0/aes_sbox_u2,kexp_sbox,bfs_h4
_18129,aes_cipher_top,top,bfs_h8
_18130,aes_cipher_top,top,unassigned
_18131,aes_key_expand_128_u0/aes_sbox_u2,kexp_sbox,bfs_h4
_18132,aes_key_expand_128_u0/aes_sbox_u2,kexp_sbox,bfs_h3
_18133,aes_cipher_top,top,bfs_h8
_18134,aes_key_expand_128_u0/aes_sbox_u2,kexp_sbox,bfs_h5
_18135,aes_cipher_top,top,bfs_h7
_18136,aes_cipher_top,top,bfs_h7
_18137,aes_key_expand_128_u0/aes_sbox_u2,kexp_sbox,bfs_h5
_18138,aes_cipher_top,top,bfs_h8
_18139,aes_cipher_top,top,bfs_h7
_18140,aes_cipher_top,top,bfs_h5
_18141,aes_cipher_top,top,bfs_h6
_18142,aes_key_expand_128_u0/aes_sbox_u2,kexp_sbox,bfs_h4
_18143,aes_key_expand_128_u0,key_expand,bfs_h2
_18144,aes_key_expand_128_u0/aes_sbox_u2,kexp_sbox,bfs_h2
_18145,aes_key_expand_128_u0/aes_sbox_u2,kexp_sbox,bfs_h1
_18146,aes_cipher_top,top,bfs_h7
_18147,aes_key_expand_128_u0/aes_sbox_u2,kexp_sbox,bfs_h5
_18148,aes_key_expand_128_u0/aes_sbox_u2,kexp_sbox,bfs_h5
_18149,aes_key_expand_128_u0/aes_sbox_u2,kexp_sbox,bfs_h5
_18150,aes_cipher_top,top,bfs_h7
_18151,aes_key_expand_128_u0/aes_sbox_u2,kexp_sbox,bfs_h5
_18152,aes_cipher_top,top,bfs_h7
_18153,aes_key_expand_128_u0/aes_sbox_u2,kexp_sbox,bfs_h5
_18154,aes_cipher_top,top,bfs_h6
_18155,aes_key_expand_128_u0/aes_sbox_u2,kexp_sbox,bfs_h5
_18156,aes_key_expand_128_u0,key_expand,bfs_h2
_18157,aes_key_expand_128_u0/aes_sbox_u2,kexp_sbox,bfs_h5
_18158,aes_cipher_top,top,bfs_h6
_18159,aes_cipher_top,top,bfs_h7
_18160,aes_key_expand_128_u0/aes_sbox_u2,kexp_sbox,bfs_h4
_18161,aes_key_expand_128_u0/aes_sbox_u2,kexp_sbox,bfs_h5
_18162,aes_cipher_top,top,bfs_h7
_18163,aes_key_expand_128_u0,key_expand,bfs_h2
_18164,aes_key_expand_128_u0/aes_sbox_u2,kexp_sbox,bfs_h4
_18165,aes_key_expand_128_u0/aes_sbox_u2,kexp_sbox,bfs_h4
_18166,aes_key_expand_128_u0/aes_sbox_u2,kexp_sbox,bfs_h3
_18167,aes_key_expand_128_u0/aes_sbox_u2,kexp_sbox,bfs_h2
_18168,aes_key_expand_128_u0/aes_sbox_u2,kexp_sbox,bfs_h5
_18169,aes_cipher_top,top,bfs_h8
_18170,aes_key_expand_128_u0/aes_sbox_u2,kexp_sbox,bfs_h5
_18171,aes_key_expand_128_u0/aes_sbox_u2,kexp_sbox,bfs_h5
_18172,aes_key_expand_128_u0/aes_sbox_u2,kexp_sbox,bfs_h5
_18173,aes_key_expand_128_u0/aes_sbox_u2,kexp_sbox,bfs_h4
_18174,aes_key_expand_128_u0/aes_sbox_u2,kexp_sbox,bfs_h5
_18175,aes_key_expand_128_u0/aes_sbox_u2,kexp_sbox,bfs_h5
_18176,aes_cipher_top,top,bfs_h7
_18177,aes_key_expand_128_u0,key_expand,bfs_h2
_18178,aes_key_expand_128_u0/aes_sbox_u2,kexp_sbox,bfs_h5
_18179,aes_key_expand_128_u0/aes_sbox_u2,kexp_sbox,bfs_h5
_18180,aes_key_expand_128_u0/aes_sbox_u2,kexp_sbox,bfs_h4
_18181,aes_key_expand_128_u0/aes_sbox_u2,kexp_sbox,bfs_h3
_18182,aes_cipher_top,top,bfs_h7
_18183,aes_cipher_top,top,bfs_h6
_18184,aes_key_expand_128_u0/aes_sbox_u2,kexp_sbox,bfs_h5
_18185,aes_cipher_top,top,bfs_h8
_18186,aes_key_expand_128_u0/aes_sbox_u2,kexp_sbox,bfs_h5
_18187,aes_key_expand_128_u0/aes_sbox_u2,kexp_sbox,bfs_h5
_18188,aes_key_expand_128_u0/aes_sbox_u2,kexp_sbox,bfs_h4
_18189,aes_key_expand_128_u0/aes_sbox_u2,kexp_sbox,bfs_h5
_18190,aes_key_expand_128_u0,key_expand,bfs_h2
_18191,aes_cipher_top,top,bfs_h6
_18192,aes_cipher_top,top,bfs_h7
_18193,aes_key_expand_128_u0,key_expand,bfs_h2
_18194,aes_key_expand_128_u0,key_expand,bfs_h2
_18195,aes_key_expand_128_u0,key_expand,bfs_h2
_18196,aes_key_expand_128_u0/aes_sbox_u2,kexp_sbox,bfs_h1
_18197,aes_cipher_top,top,bfs_h7
_18198,aes_cipher_top,top,bfs_h8
_18199,aes_cipher_top,top,bfs_h8
_18200,aes_cipher_top,top,unassigned
_18201,aes_key_expand_128_u0/aes_sbox_u2,kexp_sbox,bfs_h4
_18202,aes_cipher_top,top,bfs_h8
_18203,aes_key_expand_128_u0/aes_sbox_u2,kexp_sbox,bfs_h5
_18204,aes_key_expand_128_u0/aes_sbox_u2,kexp_sbox,bfs_h5
_18205,aes_key_expand_128_u0,key_expand,bfs_h2
_18206,aes_key_expand_128_u0/aes_sbox_u2,kexp_sbox,bfs_h5
_18207,aes_key_expand_128_u0/aes_sbox_u2,kexp_sbox,bfs_h5
_18208,aes_key_expand_128_u0/aes_sbox_u2,kexp_sbox,bfs_h4
_18209,aes_key_expand_128_u0/aes_sbox_u2,kexp_sbox,bfs_h3
_18210,aes_key_expand_128_u0/aes_sbox_u2,kexp_sbox,bfs_h5
_18211,aes_key_expand_128_u0/aes_sbox_u2,kexp_sbox,bfs_h5
_18212,aes_key_expand_128_u0/aes_sbox_u2,kexp_sbox,bfs_h4
_18213,aes_key_expand_128_u0,key_expand,bfs_h2
_18214,aes_key_expand_128_u0/aes_sbox_u2,kexp_sbox,bfs_h5
_18215,aes_key_expand_128_u0,key_expand,bfs_h2
_18216,aes_key_expand_128_u0/aes_sbox_u2,kexp_sbox,bfs_h5
_18217,aes_key_expand_128_u0/aes_sbox_u2,kexp_sbox,bfs_h5
_18218,aes_cipher_top,top,bfs_h6
_18219,aes_key_expand_128_u0/aes_sbox_u2,kexp_sbox,bfs_h5
_18220,aes_key_expand_128_u0/aes_sbox_u2,kexp_sbox,bfs_h4
_18221,aes_key_expand_128_u0/aes_sbox_u2,kexp_sbox,bfs_h3
_18222,aes_key_expand_128_u0/aes_sbox_u2,kexp_sbox,bfs_h2
_18223,aes_cipher_top,top,bfs_h7
_18224,aes_cipher_top,top,bfs_h7
_18225,aes_cipher_top,top,bfs_h7
_18226,aes_key_expand_128_u0/aes_sbox_u2,kexp_sbox,bfs_h4
_18227,aes_cipher_top,top,bfs_h7
_18228,aes_cipher_top,top,bfs_h8
_18229,aes_key_expand_128_u0/aes_sbox_u2,kexp_sbox,bfs_h5
_18230,aes_key_expand_128_u0/aes_sbox_u2,kexp_sbox,bfs_h5
_18231,aes_key_expand_128_u0/aes_sbox_u2,kexp_sbox,bfs_h5
_18232,aes_key_expand_128_u0/aes_sbox_u2,kexp_sbox,bfs_h4
_18233,aes_key_expand_128_u0/aes_sbox_u2,kexp_sbox,bfs_h3
_18234,aes_key_expand_128_u0/aes_sbox_u2,kexp_sbox,bfs_h5
_18235,aes_cipher_top,top,bfs_h7
_18236,aes_key_expand_128_u0/aes_sbox_u2,kexp_sbox,bfs_h4
_18237,aes_cipher_top,top,bfs_h6
_18238,aes_cipher_top,top,bfs_h7
_18239,aes_cipher_top,top,bfs_h7
_18240,aes_key_expand_128_u0/aes_sbox_u2,kexp_sbox,bfs_h5
_18241,aes_key_expand_128_u0/aes_sbox_u2,kexp_sbox,bfs_h5
_18242,aes_key_expand_128_u0/aes_sbox_u2,kexp_sbox,bfs_h5
_18243,aes_key_expand_128_u0/aes_sbox_u2,kexp_sbox,bfs_h4
_18244,aes_key_expand_128_u0/aes_sbox_u2,kexp_sbox,bfs_h4
_18245,aes_key_expand_128_u0/aes_sbox_u2,kexp_sbox,bfs_h3
_18246,aes_key_expand_128_u0/aes_sbox_u2,kexp_sbox,bfs_h2
_18247,aes_key_expand_128_u0/aes_sbox_u2,kexp_sbox,bfs_h1
_18248,aes_key_expand_128_u0/aes_sbox_u2,kexp_sbox,bfs_h5
_18249,aes_key_expand_128_u0,key_expand,bfs_h2
_18250,aes_key_expand_128_u0/aes_sbox_u2,kexp_sbox,bfs_h4
_18251,aes_key_expand_128_u0/aes_sbox_u2,kexp_sbox,bfs_h5
_18252,aes_key_expand_128_u0,key_expand,bfs_h2
_18253,aes_key_expand_128_u0/aes_sbox_u2,kexp_sbox,bfs_h3
_18254,aes_key_expand_128_u0,key_expand,bfs_h2
_18255,aes_key_expand_128_u0,key_expand,bfs_h2
_18256,aes_key_expand_128_u0/aes_sbox_u2,kexp_sbox,bfs_h4
_18257,aes_key_expand_128_u0/aes_sbox_u2,kexp_sbox,bfs_h5
_18258,aes_key_expand_128_u0,key_expand,bfs_h2
_18259,aes_key_expand_128_u0/aes_sbox_u2,kexp_sbox,bfs_h3
_18260,aes_key_expand_128_u0/aes_sbox_u2,kexp_sbox,bfs_h2
_18261,aes_cipher_top,top,bfs_h7
_18262,aes_cipher_top,top,bfs_h7
_18263,aes_cipher_top,top,bfs_h7
_18264,aes_key_expand_128_u0,key_expand,bfs_h2
_18265,aes_key_expand_128_u0/aes_sbox_u2,kexp_sbox,bfs_h5
_18266,aes_key_expand_128_u0/aes_sbox_u2,kexp_sbox,bfs_h5
_18267,aes_cipher_top,top,bfs_h8
_18268,aes_cipher_top,top,bfs_h8
_18269,aes_key_expand_128_u0/aes_sbox_u2,kexp_sbox,bfs_h5
_18270,aes_cipher_top,top,bfs_h8
_18271,aes_cipher_top,top,unassigned
_18272,aes_key_expand_128_u0,key_expand,bfs_h2
_18273,aes_cipher_top,top,bfs_h8
_18274,aes_key_expand_128_u0/aes_sbox_u2,kexp_sbox,bfs_h5
_18275,aes_cipher_top,top,unassigned
_18276,aes_key_expand_128_u0/aes_sbox_u2,kexp_sbox,bfs_h4
_18277,aes_key_expand_128_u0/aes_sbox_u2,kexp_sbox,bfs_h5
_18278,aes_key_expand_128_u0/aes_sbox_u2,kexp_sbox,bfs_h5
_18279,aes_cipher_top,top,bfs_h7
_18280,aes_cipher_top,top,bfs_h8
_18281,aes_key_expand_128_u0,key_expand,bfs_h2
_18282,aes_key_expand_128_u0/aes_sbox_u2,kexp_sbox,bfs_h4
_18283,aes_key_expand_128_u0,key_expand,bfs_h2
_18284,aes_key_expand_128_u0/aes_sbox_u2,kexp_sbox,bfs_h5
_18285,aes_key_expand_128_u0/aes_sbox_u2,kexp_sbox,bfs_h4
_18286,aes_key_expand_128_u0/aes_sbox_u2,kexp_sbox,bfs_h3
_18287,aes_key_expand_128_u0,key_expand,bfs_h2
_18288,aes_cipher_top,top,bfs_h7
_18289,aes_key_expand_128_u0/aes_sbox_u2,kexp_sbox,bfs_h5
_18290,aes_key_expand_128_u0,key_expand,bfs_h2
_18291,aes_key_expand_128_u0/aes_sbox_u2,kexp_sbox,bfs_h2
_18292,aes_key_expand_128_u0/aes_sbox_u2,kexp_sbox,bfs_h1
_18293,aes_key_expand_128_u0,key_expand,bfs_h2
_18294,aes_cipher_top,top,bfs_h4
_18295,aes_cipher_top,top,bfs_h4
_18296,aes_cipher_top,top,bfs_h5
_18297,aes_cipher_top,top,bfs_h6
_18298,aes_key_expand_128_u0,key_expand,bfs_h2
_18299,aes_cipher_top,top,bfs_h5
_18300,aes_key_expand_128_u0/aes_sbox_u3,kexp_sbox,bfs_h5
_18301,aes_cipher_top,top,bfs_h5
_18302,aes_cipher_top,top,bfs_h6
_18303,aes_key_expand_128_u0,key_expand,bfs_h2
_18304,aes_cipher_top,top,bfs_h6
_18305,aes_cipher_top,top,bfs_h7
_18306,aes_key_expand_128_u0/aes_sbox_u3,kexp_sbox,bfs_h4
_18307,aes_key_expand_128_u0/aes_sbox_u3,kexp_sbox,bfs_h4
_18308,aes_cipher_top,top,bfs_h8
_18309,aes_cipher_top,top,bfs_h8
_18310,aes_cipher_top,top,bfs_h8
_18311,aes_cipher_top,top,bfs_h8
_18312,aes_cipher_top,top,unassigned
_18313,aes_cipher_top,top,bfs_h8
_18314,aes_cipher_top,top,bfs_h7
_18315,aes_cipher_top,top,bfs_h8
_18316,aes_key_expand_128_u0/aes_sbox_u3,kexp_sbox,bfs_h5
_18317,aes_key_expand_128_u0,key_expand,bfs_h2
_18318,aes_cipher_top,top,unassigned
_18319,aes_cipher_top,top,bfs_h8
_18320,aes_cipher_top,top,bfs_h8
_18321,aes_cipher_top,top,bfs_h8
_18322,aes_key_expand_128_u0/aes_sbox_u3,kexp_sbox,bfs_h5
_18323,aes_key_expand_128_u0/aes_sbox_u3,kexp_sbox,bfs_h5
_18324,aes_cipher_top,top,bfs_h8
_18325,aes_cipher_top,top,bfs_h8
_18326,aes_cipher_top,top,unassigned
_18327,aes_key_expand_128_u0/aes_sbox_u3,kexp_sbox,bfs_h4
_18328,aes_key_expand_128_u0/aes_sbox_u3,kexp_sbox,bfs_h4
_18329,aes_key_expand_128_u0/aes_sbox_u3,kexp_sbox,bfs_h4
_18330,aes_cipher_top,top,bfs_h7
_18331,aes_cipher_top,top,bfs_h8
_18332,aes_cipher_top,top,unassigned
_18333,aes_key_expand_128_u0/aes_sbox_u3,kexp_sbox,bfs_h5
_18334,aes_cipher_top,top,bfs_h7
_18335,aes_cipher_top,top,bfs_h7
_18336,aes_cipher_top,top,bfs_h8
_18337,aes_cipher_top,top,bfs_h8
_18338,aes_key_expand_128_u0/aes_sbox_u3,kexp_sbox,bfs_h5
_18339,aes_key_expand_128_u0/aes_sbox_u3,kexp_sbox,bfs_h5
_18340,aes_cipher_top,top,bfs_h8
_18341,aes_key_expand_128_u0/aes_sbox_u3,kexp_sbox,bfs_h5
_18342,aes_cipher_top,top,unassigned
_18343,aes_cipher_top,top,unassigned
_18344,aes_key_expand_128_u0/aes_sbox_u3,kexp_sbox,bfs_h4
_18345,aes_key_expand_128_u0/aes_sbox_u3,kexp_sbox,bfs_h4
_18346,aes_key_expand_128_u0/aes_sbox_u3,kexp_sbox,bfs_h3
_18347,aes_cipher_top,top,bfs_h6
_18348,aes_cipher_top,top,bfs_h7
_18349,aes_cipher_top,top,bfs_h8
_18350,aes_cipher_top,top,bfs_h7
_18351,aes_cipher_top,top,bfs_h8
_18352,aes_cipher_top,top,unassigned
_18353,aes_key_expand_128_u0/aes_sbox_u3,kexp_sbox,bfs_h5
_18354,aes_cipher_top,top,bfs_h7
_18355,aes_cipher_top,top,bfs_h8
_18356,aes_key_expand_128_u0,key_expand,bfs_h2
_18357,aes_cipher_top,top,bfs_h7
_18358,aes_cipher_top,top,bfs_h8
_18359,aes_cipher_top,top,unassigned
_18360,aes_key_expand_128_u0/aes_sbox_u3,kexp_sbox,bfs_h5
_18361,aes_key_expand_128_u0/aes_sbox_u3,kexp_sbox,bfs_h5
_18362,aes_key_expand_128_u0/aes_sbox_u3,kexp_sbox,bfs_h4
_18363,aes_key_expand_128_u0,key_expand,bfs_h2
_18364,aes_cipher_top,top,bfs_h8
_18365,aes_cipher_top,top,bfs_h7
_18366,aes_cipher_top,top,bfs_h8
_18367,aes_cipher_top,top,bfs_h7
_18368,aes_key_expand_128_u0,key_expand,bfs_h2
_18369,aes_cipher_top,top,bfs_h8
_18370,aes_cipher_top,top,bfs_h8
_18371,aes_key_expand_128_u0/aes_sbox_u3,kexp_sbox,bfs_h4
_18372,aes_cipher_top,top,bfs_h8
_18373,aes_cipher_top,top,unassigned
_18374,aes_cipher_top,top,bfs_h8
_18375,aes_cipher_top,top,unassigned
_18376,aes_cipher_top,top,bfs_h8
_18377,aes_cipher_top,top,unassigned
_18378,aes_key_expand_128_u0/aes_sbox_u3,kexp_sbox,bfs_h5
_18379,aes_key_expand_128_u0/aes_sbox_u3,kexp_sbox,bfs_h4
_18380,aes_key_expand_128_u0/aes_sbox_u3,kexp_sbox,bfs_h4
_18381,aes_key_expand_128_u0,key_expand,bfs_h2
_18382,aes_key_expand_128_u0/aes_sbox_u3,kexp_sbox,bfs_h3
_18383,aes_key_expand_128_u0/aes_sbox_u3,kexp_sbox,bfs_h2
_18384,aes_key_expand_128_u0,key_expand,bfs_h2
_18385,aes_cipher_top,top,bfs_h7
_18386,aes_cipher_top,top,bfs_h8
_18387,aes_cipher_top,top,bfs_h8
_18388,aes_cipher_top,top,unassigned
_18389,aes_key_expand_128_u0,key_expand,bfs_h2
_18390,aes_cipher_top,top,unassigned
_18391,aes_cipher_top,top,unassigned
_18392,aes_cipher_top,top,bfs_h8
_18393,aes_key_expand_128_u0,key_expand,bfs_h2
_18394,aes_cipher_top,top,unassigned
_18395,aes_cipher_top,top,bfs_h8
_18396,aes_cipher_top,top,bfs_h8
_18397,aes_cipher_top,top,unassigned
_18398,aes_key_expand_128_u0,key_expand,bfs_h2
_18399,aes_key_expand_128_u0,key_expand,bfs_h2
_18400,aes_cipher_top,top,bfs_h7
_18401,aes_cipher_top,top,bfs_h7
_18402,aes_cipher_top,top,bfs_h8
_18403,aes_cipher_top,top,unassigned
_18404,aes_cipher_top,top,unassigned
_18405,aes_cipher_top,top,bfs_h7
_18406,aes_cipher_top,top,bfs_h8
_18407,aes_cipher_top,top,bfs_h8
_18408,aes_cipher_top,top,unassigned
_18409,aes_cipher_top,top,bfs_h7
_18410,aes_cipher_top,top,bfs_h8
_18411,aes_key_expand_128_u0,key_expand,bfs_h2
_18412,aes_cipher_top,top,bfs_h8
_18413,aes_cipher_top,top,unassigned
_18414,aes_cipher_top,top,unassigned
_18415,aes_key_expand_128_u0/aes_sbox_u3,kexp_sbox,bfs_h5
_18416,aes_key_expand_128_u0,key_expand,bfs_h2
_18417,aes_key_expand_128_u0/aes_sbox_u3,kexp_sbox,bfs_h4
_18418,aes_cipher_top,top,bfs_h7
_18419,aes_cipher_top,top,unassigned
_18420,aes_cipher_top,top,bfs_h8
_18421,aes_cipher_top,top,bfs_h8
_18422,aes_cipher_top,top,unassigned
_18423,aes_cipher_top,top,bfs_h7
_18424,aes_cipher_top,top,bfs_h8
_18425,aes_cipher_top,top,bfs_h8
_18426,aes_cipher_top,top,bfs_h8
_18427,aes_key_expand_128_u0/aes_sbox_u3,kexp_sbox,bfs_h5
_18428,aes_cipher_top,top,bfs_h8
_18429,aes_cipher_top,top,unassigned
_18430,aes_cipher_top,top,bfs_h8
_18431,aes_cipher_top,top,bfs_h7
_18432,aes_cipher_top,top,bfs_h8
_18433,aes_key_expand_128_u0,key_expand,bfs_h2
_18434,aes_cipher_top,top,bfs_h8
_18435,aes_cipher_top,top,bfs_h8
_18436,aes_key_expand_128_u0/aes_sbox_u3,kexp_sbox,bfs_h4
_18437,aes_key_expand_128_u0/aes_sbox_u3,kexp_sbox,bfs_h4
_18438,aes_cipher_top,top,bfs_h6
_18439,aes_cipher_top,top,bfs_h8
_18440,aes_cipher_top,top,bfs_h7
_18441,aes_cipher_top,top,bfs_h8
_18442,aes_cipher_top,top,bfs_h7
_18443,aes_cipher_top,top,bfs_h8
_18444,aes_cipher_top,top,unassigned
_18445,aes_cipher_top,top,bfs_h7
_18446,aes_key_expand_128_u0/aes_sbox_u3,kexp_sbox,bfs_h5
_18447,aes_cipher_top,top,unassigned
_18448,aes_key_expand_128_u0,key_expand,bfs_h2
_18449,aes_key_expand_128_u0/aes_sbox_u3,kexp_sbox,bfs_h3
_18450,aes_key_expand_128_u0/aes_sbox_u3,kexp_sbox,bfs_h3
_18451,aes_key_expand_128_u0/aes_sbox_u3,kexp_sbox,bfs_h2
_18452,aes_key_expand_128_u0/aes_sbox_u3,kexp_sbox,bfs_h1
_18453,aes_cipher_top,top,bfs_h8
_18454,aes_key_expand_128_u0/aes_sbox_u3,kexp_sbox,bfs_h5
_18455,aes_cipher_top,top,bfs_h8
_18456,aes_key_expand_128_u0/aes_sbox_u3,kexp_sbox,bfs_h5
_18457,aes_cipher_top,top,bfs_h8
_18458,aes_cipher_top,top,bfs_h8
_18459,aes_cipher_top,top,unassigned
_18460,aes_cipher_top,top,unassigned
_18461,aes_cipher_top,top,unassigned
_18462,aes_key_expand_128_u0,key_expand,bfs_h2
_18463,aes_key_expand_128_u0/aes_sbox_u3,kexp_sbox,bfs_h5
_18464,aes_key_expand_128_u0/aes_sbox_u3,kexp_sbox,bfs_h5
_18465,aes_key_expand_128_u0,key_expand,bfs_h2
_18466,aes_key_expand_128_u0/aes_sbox_u3,kexp_sbox,bfs_h5
_18467,aes_key_expand_128_u0/aes_sbox_u3,kexp_sbox,bfs_h4
_18468,aes_key_expand_128_u0/aes_sbox_u3,kexp_sbox,bfs_h5
_18469,aes_cipher_top,top,bfs_h8
_18470,aes_key_expand_128_u0/aes_sbox_u3,kexp_sbox,bfs_h5
_18471,aes_key_expand_128_u0,key_expand,bfs_h2
_18472,aes_key_expand_128_u0/aes_sbox_u3,kexp_sbox,bfs_h3
_18473,aes_key_expand_128_u0/aes_sbox_u3,kexp_sbox,bfs_h2
_18474,aes_key_expand_128_u0,key_expand,bfs_h2
_18475,aes_cipher_top,top,unassigned
_18476,aes_cipher_top,top,bfs_h8
_18477,aes_key_expand_128_u0,key_expand,bfs_h2
_18478,aes_cipher_top,top,bfs_h8
_18479,aes_cipher_top,top,bfs_h8
_18480,aes_cipher_top,top,bfs_h8
_18481,aes_cipher_top,top,unassigned
_18482,aes_key_expand_128_u0,key_expand,bfs_h2
_18483,aes_cipher_top,top,bfs_h7
_18484,aes_key_expand_128_u0/aes_sbox_u3,kexp_sbox,bfs_h5
_18485,aes_key_expand_128_u0/aes_sbox_u3,kexp_sbox,bfs_h4
_18486,aes_key_expand_128_u0,key_expand,bfs_h2
_18487,aes_key_expand_128_u0/aes_sbox_u3,kexp_sbox,bfs_h5
_18488,aes_key_expand_128_u0/aes_sbox_u3,kexp_sbox,bfs_h4
_18489,aes_key_expand_128_u0/aes_sbox_u3,kexp_sbox,bfs_h3
_18490,aes_key_expand_128_u0/aes_sbox_u3,kexp_sbox,bfs_h3
_18491,aes_key_expand_128_u0/aes_sbox_u3,kexp_sbox,bfs_h5
_18492,aes_cipher_top,top,bfs_h7
_18493,aes_cipher_top,top,bfs_h8
_18494,aes_key_expand_128_u0/aes_sbox_u3,kexp_sbox,bfs_h5
_18495,aes_key_expand_128_u0,key_expand,bfs_h2
_18496,aes_key_expand_128_u0/aes_sbox_u3,kexp_sbox,bfs_h2
_18497,aes_cipher_top,top,bfs_h8
_18498,aes_cipher_top,top,bfs_h8
_18499,aes_cipher_top,top,unassigned
_18500,aes_cipher_top,top,bfs_h8
_18501,aes_cipher_top,top,unassigned
_18502,aes_key_expand_128_u0,key_expand,bfs_h2
_18503,aes_key_expand_128_u0/aes_sbox_u3,kexp_sbox,bfs_h5
_18504,aes_key_expand_128_u0/aes_sbox_u3,kexp_sbox,bfs_h5
_18505,aes_key_expand_128_u0/aes_sbox_u3,kexp_sbox,bfs_h5
_18506,aes_key_expand_128_u0,key_expand,bfs_h2
_18507,aes_cipher_top,top,bfs_h8
_18508,aes_cipher_top,top,bfs_h8
_18509,aes_cipher_top,top,bfs_h8
_18510,aes_key_expand_128_u0/aes_sbox_u3,kexp_sbox,bfs_h5
_18511,aes_cipher_top,top,bfs_h8
_18512,aes_cipher_top,top,bfs_h8
_18513,aes_cipher_top,top,unassigned
_18514,aes_key_expand_128_u0/aes_sbox_u3,kexp_sbox,bfs_h5
_18515,aes_key_expand_128_u0/aes_sbox_u3,kexp_sbox,bfs_h4
_18516,aes_key_expand_128_u0/aes_sbox_u3,kexp_sbox,bfs_h3
_18517,aes_cipher_top,top,bfs_h8
_18518,aes_cipher_top,top,bfs_h8
_18519,aes_cipher_top,top,unassigned
_18520,aes_cipher_top,top,bfs_h8
_18521,aes_key_expand_128_u0/aes_sbox_u3,kexp_sbox,bfs_h5
_18522,aes_key_expand_128_u0/aes_sbox_u3,kexp_sbox,bfs_h4
_18523,aes_cipher_top,top,unassigned
_18524,aes_cipher_top,top,bfs_h7
_18525,aes_cipher_top,top,bfs_h8
_18526,aes_cipher_top,top,unassigned
_18527,aes_key_expand_128_u0/aes_sbox_u3,kexp_sbox,bfs_h4
_18528,aes_cipher_top,top,bfs_h8
_18529,aes_key_expand_128_u0/aes_sbox_u3,kexp_sbox,bfs_h5
_18530,aes_key_expand_128_u0/aes_sbox_u3,kexp_sbox,bfs_h5
_18531,aes_cipher_top,top,unassigned
_18532,aes_key_expand_128_u0,key_expand,bfs_h2
_18533,aes_key_expand_128_u0/aes_sbox_u3,kexp_sbox,bfs_h2
_18534,aes_key_expand_128_u0/aes_sbox_u3,kexp_sbox,bfs_h1
_18535,aes_cipher_top,top,bfs_h8
_18536,aes_cipher_top,top,bfs_h8
_18537,aes_cipher_top,top,unassigned
_18538,aes_key_expand_128_u0/aes_sbox_u3,kexp_sbox,bfs_h4
_18539,aes_cipher_top,top,unassigned
_18540,aes_key_expand_128_u0,key_expand,bfs_h2
_18541,aes_cipher_top,top,bfs_h8
_18542,aes_cipher_top,top,bfs_h8
_18543,aes_key_expand_128_u0/aes_sbox_u3,kexp_sbox,bfs_h4
_18544,aes_key_expand_128_u0/aes_sbox_u3,kexp_sbox,bfs_h3
_18545,aes_key_expand_128_u0/aes_sbox_u3,kexp_sbox,bfs_h5
_18546,aes_cipher_top,top,unassigned
_18547,aes_cipher_top,top,unassigned
_18548,aes_key_expand_128_u0/aes_sbox_u3,kexp_sbox,bfs_h5
_18549,aes_key_expand_128_u0/aes_sbox_u3,kexp_sbox,bfs_h4
_18550,aes_cipher_top,top,bfs_h8
_18551,aes_cipher_top,top,bfs_h7
_18552,aes_cipher_top,top,bfs_h8
_18553,aes_cipher_top,top,bfs_h8
_18554,aes_cipher_top,top,bfs_h8
_18555,aes_key_expand_128_u0/aes_sbox_u3,kexp_sbox,bfs_h4
_18556,aes_key_expand_128_u0/aes_sbox_u3,kexp_sbox,bfs_h3
_18557,aes_key_expand_128_u0/aes_sbox_u3,kexp_sbox,bfs_h2
_18558,aes_key_expand_128_u0/aes_sbox_u3,kexp_sbox,bfs_h5
_18559,aes_cipher_top,top,bfs_h8
_18560,aes_key_expand_128_u0/aes_sbox_u3,kexp_sbox,bfs_h4
_18561,aes_key_expand_128_u0/aes_sbox_u3,kexp_sbox,bfs_h5
_18562,aes_key_expand_128_u0/aes_sbox_u3,kexp_sbox,bfs_h5
_18563,aes_key_expand_128_u0/aes_sbox_u3,kexp_sbox,bfs_h4
_18564,aes_key_expand_128_u0/aes_sbox_u3,kexp_sbox,bfs_h3
_18565,aes_cipher_top,top,bfs_h8
_18566,aes_key_expand_128_u0/aes_sbox_u3,kexp_sbox,bfs_h5
_18567,aes_cipher_top,top,unassigned
_18568,aes_cipher_top,top,bfs_h8
_18569,aes_cipher_top,top,bfs_h8
_18570,aes_cipher_top,top,unassigned
_18571,aes_cipher_top,top,unassigned
_18572,aes_key_expand_128_u0,key_expand,bfs_h2
_18573,aes_key_expand_128_u0/aes_sbox_u3,kexp_sbox,bfs_h2
_18574,aes_cipher_top,top,unassigned
_18575,aes_cipher_top,top,bfs_h8
_18576,aes_key_expand_128_u0/aes_sbox_u3,kexp_sbox,bfs_h5
_18577,aes_key_expand_128_u0/aes_sbox_u3,kexp_sbox,bfs_h5
_18578,aes_cipher_top,top,bfs_h8
_18579,aes_key_expand_128_u0,key_expand,bfs_h2
_18580,aes_key_expand_128_u0,key_expand,bfs_h2
_18581,aes_key_expand_128_u0/aes_sbox_u3,kexp_sbox,bfs_h5
_18582,aes_cipher_top,top,bfs_h8
_18583,aes_key_expand_128_u0/aes_sbox_u3,kexp_sbox,bfs_h4
_18584,aes_key_expand_128_u0/aes_sbox_u3,kexp_sbox,bfs_h5
_18585,aes_cipher_top,top,bfs_h8
_18586,aes_key_expand_128_u0/aes_sbox_u3,kexp_sbox,bfs_h4
_18587,aes_key_expand_128_u0/aes_sbox_u3,kexp_sbox,bfs_h3
_18588,aes_cipher_top,top,unassigned
_18589,aes_key_expand_128_u0/aes_sbox_u3,kexp_sbox,bfs_h5
_18590,aes_cipher_top,top,unassigned
_18591,aes_key_expand_128_u0/aes_sbox_u3,kexp_sbox,bfs_h5
_18592,aes_key_expand_128_u0/aes_sbox_u3,kexp_sbox,bfs_h4
_18593,aes_cipher_top,top,unassigned
_18594,aes_key_expand_128_u0/aes_sbox_u3,kexp_sbox,bfs_h5
_18595,aes_cipher_top,top,bfs_h8
_18596,aes_cipher_top,top,bfs_h8
_18597,aes_key_expand_128_u0/aes_sbox_u3,kexp_sbox,bfs_h5
_18598,aes_key_expand_128_u0/aes_sbox_u3,kexp_sbox,bfs_h4
_18599,aes_key_expand_128_u0/aes_sbox_u3,kexp_sbox,bfs_h3
_18600,aes_key_expand_128_u0/aes_sbox_u3,kexp_sbox,bfs_h2
_18601,aes_key_expand_128_u0/aes_sbox_u3,kexp_sbox,bfs_h1
_18602,aes_cipher_top,top,bfs_h8
_18603,aes_cipher_top,top,bfs_h8
_18604,aes_key_expand_128_u0/aes_sbox_u3,kexp_sbox,bfs_h5
_18605,aes_key_expand_128_u0/aes_sbox_u3,kexp_sbox,bfs_h5
_18606,aes_key_expand_128_u0/aes_sbox_u3,kexp_sbox,bfs_h4
_18607,aes_cipher_top,top,unassigned
_18608,aes_cipher_top,top,unassigned
_18609,aes_cipher_top,top,unassigned
_18610,aes_cipher_top,top,unassigned
_18611,aes_key_expand_128_u0,key_expand,bfs_h2
_18612,aes_key_expand_128_u0/aes_sbox_u3,kexp_sbox,bfs_h3
_18613,aes_cipher_top,top,unassigned
_18614,aes_key_expand_128_u0/aes_sbox_u3,kexp_sbox,bfs_h5
_18615,aes_cipher_top,top,bfs_h8
_18616,aes_cipher_top,top,bfs_h8
_18617,aes_key_expand_128_u0/aes_sbox_u3,kexp_sbox,bfs_h4
_18618,aes_cipher_top,top,bfs_h8
_18619,aes_cipher_top,top,unassigned
_18620,aes_cipher_top,top,bfs_h8
_18621,aes_cipher_top,top,bfs_h8
_18622,aes_key_expand_128_u0/aes_sbox_u3,kexp_sbox,bfs_h4
_18623,aes_key_expand_128_u0/aes_sbox_u3,kexp_sbox,bfs_h4
_18624,aes_key_expand_128_u0/aes_sbox_u3,kexp_sbox,bfs_h3
_18625,aes_key_expand_128_u0/aes_sbox_u3,kexp_sbox,bfs_h2
_18626,aes_cipher_top,top,bfs_h8
_18627,aes_cipher_top,top,bfs_h7
_18628,aes_cipher_top,top,bfs_h7
_18629,aes_cipher_top,top,bfs_h8
_18630,aes_cipher_top,top,bfs_h8
_18631,aes_key_expand_128_u0/aes_sbox_u3,kexp_sbox,bfs_h5
_18632,aes_cipher_top,top,unassigned
_18633,aes_key_expand_128_u0,key_expand,bfs_h2
_18634,aes_cipher_top,top,bfs_h8
_18635,aes_cipher_top,top,unassigned
_18636,aes_cipher_top,top,bfs_h8
_18637,aes_cipher_top,top,unassigned
_18638,aes_cipher_top,top,bfs_h8
_18639,aes_key_expand_128_u0/aes_sbox_u3,kexp_sbox,bfs_h5
_18640,aes_key_expand_128_u0,key_expand,bfs_h2
_18641,aes_key_expand_128_u0,key_expand,bfs_h2
_18642,aes_cipher_top,top,bfs_h8
_18643,aes_key_expand_128_u0,key_expand,bfs_h2
_18644,aes_cipher_top,top,bfs_h8
_18645,aes_cipher_top,top,bfs_h8
_18646,aes_cipher_top,top,unassigned
_18647,aes_cipher_top,top,bfs_h8
_18648,aes_cipher_top,top,bfs_h8
_18649,aes_cipher_top,top,unassigned
_18650,aes_key_expand_128_u0,key_expand,bfs_h2
_18651,aes_cipher_top,top,unassigned
_18652,aes_key_expand_128_u0/aes_sbox_u3,kexp_sbox,bfs_h5
_18653,aes_cipher_top,top,bfs_h8
_18654,aes_key_expand_128_u0/aes_sbox_u3,kexp_sbox,bfs_h5
_18655,aes_key_expand_128_u0/aes_sbox_u3,kexp_sbox,bfs_h4
_18656,aes_key_expand_128_u0/aes_sbox_u3,kexp_sbox,bfs_h3
_18657,aes_key_expand_128_u0/aes_sbox_u3,kexp_sbox,bfs_h2
_18658,aes_key_expand_128_u0/aes_sbox_u3,kexp_sbox,bfs_h1
_18659,aes_key_expand_128_u0,key_expand,bfs_h2
_18660,aes_cipher_top,top,bfs_h8
_18661,aes_key_expand_128_u0,key_expand,bfs_h2
_18662,aes_key_expand_128_u0/aes_sbox_u3,kexp_sbox,bfs_h5
_18663,aes_key_expand_128_u0/aes_sbox_u3,kexp_sbox,bfs_h4
_18664,aes_key_expand_128_u0/aes_sbox_u3,kexp_sbox,bfs_h3
_18665,aes_key_expand_128_u0/aes_sbox_u3,kexp_sbox,bfs_h5
_18666,aes_cipher_top,top,bfs_h8
_18667,aes_cipher_top,top,unassigned
_18668,aes_cipher_top,top,bfs_h8
_18669,aes_key_expand_128_u0/aes_sbox_u3,kexp_sbox,bfs_h5
_18670,aes_key_expand_128_u0,key_expand,bfs_h2
_18671,aes_key_expand_128_u0/aes_sbox_u3,kexp_sbox,bfs_h2
_18672,aes_cipher_top,top,bfs_h8
_18673,aes_key_expand_128_u0/aes_sbox_u3,kexp_sbox,bfs_h4
_18674,aes_cipher_top,top,unassigned
_18675,aes_key_expand_128_u0/aes_sbox_u3,kexp_sbox,bfs_h4
_18676,aes_key_expand_128_u0/aes_sbox_u3,kexp_sbox,bfs_h3
_18677,aes_key_expand_128_u0/aes_sbox_u3,kexp_sbox,bfs_h4
_18678,aes_key_expand_128_u0/aes_sbox_u3,kexp_sbox,bfs_h4
_18679,aes_cipher_top,top,bfs_h8
_18680,aes_key_expand_128_u0,key_expand,bfs_h2
_18681,aes_key_expand_128_u0/aes_sbox_u3,kexp_sbox,bfs_h3
_18682,aes_key_expand_128_u0/aes_sbox_u3,kexp_sbox,bfs_h3
_18683,aes_key_expand_128_u0/aes_sbox_u3,kexp_sbox,bfs_h2
_18684,aes_key_expand_128_u0/aes_sbox_u3,kexp_sbox,bfs_h5
_18685,aes_cipher_top,top,bfs_h7
_18686,aes_cipher_top,top,unassigned
_18687,aes_key_expand_128_u0/aes_sbox_u3,kexp_sbox,bfs_h5
_18688,aes_key_expand_128_u0/aes_sbox_u3,kexp_sbox,bfs_h4
_18689,aes_cipher_top,top,bfs_h8
_18690,aes_key_expand_128_u0/aes_sbox_u3,kexp_sbox,bfs_h5
_18691,aes_key_expand_128_u0/aes_sbox_u3,kexp_sbox,bfs_h4
_18692,aes_cipher_top,top,bfs_h8
_18693,aes_key_expand_128_u0/aes_sbox_u3,kexp_sbox,bfs_h5
_18694,aes_key_expand_128_u0/aes_sbox_u3,kexp_sbox,bfs_h5
_18695,aes_key_expand_128_u0/aes_sbox_u3,kexp_sbox,bfs_h4
_18696,aes_key_expand_128_u0/aes_sbox_u3,kexp_sbox,bfs_h3
_18697,aes_cipher_top,top,bfs_h8
_18698,aes_cipher_top,top,unassigned
_18699,aes_cipher_top,top,bfs_h8
_18700,aes_key_expand_128_u0/aes_sbox_u3,kexp_sbox,bfs_h5
_18701,aes_key_expand_128_u0/aes_sbox_u3,kexp_sbox,bfs_h4
_18702,aes_key_expand_128_u0/aes_sbox_u3,kexp_sbox,bfs_h5
_18703,aes_cipher_top,top,bfs_h8
_18704,aes_key_expand_128_u0/aes_sbox_u3,kexp_sbox,bfs_h5
_18705,aes_cipher_top,top,bfs_h8
_18706,aes_cipher_top,top,unassigned
_18707,aes_key_expand_128_u0/aes_sbox_u3,kexp_sbox,bfs_h4
_18708,aes_key_expand_128_u0/aes_sbox_u3,kexp_sbox,bfs_h3
_18709,aes_key_expand_128_u0/aes_sbox_u3,kexp_sbox,bfs_h2
_18710,aes_key_expand_128_u0/aes_sbox_u3,kexp_sbox,bfs_h1
_18711,aes_key_expand_128_u0,key_expand,bfs_h2
_18712,aes_key_expand_128_u0/aes_sbox_u3,kexp_sbox,bfs_h5
_18713,aes_cipher_top,top,unassigned
_18714,aes_cipher_top,top,bfs_h8
_18715,aes_key_expand_128_u0/aes_sbox_u3,kexp_sbox,bfs_h5
_18716,aes_key_expand_128_u0,key_expand,bfs_h2
_18717,aes_key_expand_128_u0,key_expand,bfs_h2
_18718,aes_key_expand_128_u0,key_expand,bfs_h2
_18719,aes_cipher_top,top,bfs_h8
_18720,aes_key_expand_128_u0,key_expand,bfs_h2
_18721,aes_key_expand_128_u0/aes_sbox_u3,kexp_sbox,bfs_h5
_18722,aes_key_expand_128_u0/aes_sbox_u3,kexp_sbox,bfs_h5
_18723,aes_key_expand_128_u0/aes_sbox_u3,kexp_sbox,bfs_h4
_18724,aes_key_expand_128_u0/aes_sbox_u3,kexp_sbox,bfs_h3
_18725,aes_key_expand_128_u0/aes_sbox_u3,kexp_sbox,bfs_h2
_18726,aes_key_expand_128_u0,key_expand,bfs_h2
_18727,aes_cipher_top,top,unassigned
_18728,aes_key_expand_128_u0/aes_sbox_u3,kexp_sbox,bfs_h5
_18729,aes_cipher_top,top,bfs_h8
_18730,aes_cipher_top,top,unassigned
_18731,aes_key_expand_128_u0,key_expand,bfs_h2
_18732,aes_key_expand_128_u0,key_expand,bfs_h2
_18733,aes_key_expand_128_u0,key_expand,bfs_h2
_18734,aes_key_expand_128_u0/aes_sbox_u3,kexp_sbox,bfs_h5
_18735,aes_key_expand_128_u0/aes_sbox_u3,kexp_sbox,bfs_h4
_18736,aes_key_expand_128_u0/aes_sbox_u3,kexp_sbox,bfs_h3
_18737,aes_key_expand_128_u0/aes_sbox_u3,kexp_sbox,bfs_h2
_18738,aes_cipher_top,top,bfs_h8
_18739,aes_key_expand_128_u0/aes_sbox_u3,kexp_sbox,bfs_h4
_18740,aes_cipher_top,top,bfs_h8
_18741,aes_cipher_top,top,bfs_h8
_18742,aes_key_expand_128_u0/aes_sbox_u3,kexp_sbox,bfs_h4
_18743,aes_cipher_top,top,bfs_h7
_18744,aes_key_expand_128_u0/aes_sbox_u3,kexp_sbox,bfs_h4
_18745,aes_key_expand_128_u0/aes_sbox_u3,kexp_sbox,bfs_h5
_18746,aes_cipher_top,top,bfs_h8
_18747,aes_key_expand_128_u0/aes_sbox_u3,kexp_sbox,bfs_h4
_18748,aes_key_expand_128_u0/aes_sbox_u3,kexp_sbox,bfs_h3
_18749,aes_key_expand_128_u0,key_expand,bfs_h2
_18750,aes_cipher_top,top,unassigned
_18751,aes_cipher_top,top,bfs_h8
_18752,aes_cipher_top,top,bfs_h8
_18753,aes_key_expand_128_u0/aes_sbox_u3,kexp_sbox,bfs_h5
_18754,aes_cipher_top,top,unassigned
_18755,aes_key_expand_128_u0/aes_sbox_u3,kexp_sbox,bfs_h5
_18756,aes_cipher_top,top,bfs_h8
_18757,aes_cipher_top,top,unassigned
_18758,aes_key_expand_128_u0/aes_sbox_u3,kexp_sbox,bfs_h5
_18759,aes_key_expand_128_u0,key_expand,bfs_h2
_18760,aes_key_expand_128_u0/aes_sbox_u3,kexp_sbox,bfs_h2
_18761,aes_key_expand_128_u0/aes_sbox_u3,kexp_sbox,bfs_h1
_18762,aes_cipher_top,top,bfs_h8
_18763,aes_cipher_top,top,bfs_h8
_18764,aes_key_expand_128_u0/aes_sbox_u3,kexp_sbox,bfs_h5
_18765,aes_cipher_top,top,unassigned
_18766,aes_cipher_top,top,unassigned
_18767,aes_key_expand_128_u0/aes_sbox_u3,kexp_sbox,bfs_h5
_18768,aes_key_expand_128_u0,key_expand,bfs_h2
_18769,aes_key_expand_128_u0,key_expand,bfs_h2
_18770,aes_key_expand_128_u0/aes_sbox_u3,kexp_sbox,bfs_h5
_18771,aes_key_expand_128_u0/aes_sbox_u3,kexp_sbox,bfs_h4
_18772,aes_key_expand_128_u0/aes_sbox_u3,kexp_sbox,bfs_h3
_18773,aes_cipher_top,top,bfs_h8
_18774,aes_cipher_top,top,bfs_h8
_18775,aes_cipher_top,top,unassigned
_18776,aes_cipher_top,top,bfs_h8
_18777,aes_key_expand_128_u0,key_expand,bfs_h2
_18778,aes_cipher_top,top,unassigned
_18779,aes_cipher_top,top,unassigned
_18780,aes_key_expand_128_u0/aes_sbox_u3,kexp_sbox,bfs_h4
_18781,aes_key_expand_128_u0/aes_sbox_u3,kexp_sbox,bfs_h4
_18782,aes_cipher_top,top,bfs_h8
_18783,aes_key_expand_128_u0/aes_sbox_u3,kexp_sbox,bfs_h4
_18784,aes_key_expand_128_u0/aes_sbox_u3,kexp_sbox,bfs_h4
_18785,aes_key_expand_128_u0/aes_sbox_u3,kexp_sbox,bfs_h3
_18786,aes_key_expand_128_u0/aes_sbox_u3,kexp_sbox,bfs_h2
_18787,aes_cipher_top,top,unassigned
_18788,aes_key_expand_128_u0/aes_sbox_u3,kexp_sbox,bfs_h4
_18789,aes_key_expand_128_u0,key_expand,bfs_h2
_18790,aes_key_expand_128_u0/aes_sbox_u3,kexp_sbox,bfs_h4
_18791,aes_key_expand_128_u0/aes_sbox_u3,kexp_sbox,bfs_h5
_18792,aes_key_expand_128_u0/aes_sbox_u3,kexp_sbox,bfs_h4
_18793,aes_key_expand_128_u0/aes_sbox_u3,kexp_sbox,bfs_h3
_18794,aes_cipher_top,top,bfs_h8
_18795,aes_key_expand_128_u0/aes_sbox_u3,kexp_sbox,bfs_h5
_18796,aes_key_expand_128_u0,key_expand,bfs_h2
_18797,aes_cipher_top,top,bfs_h7
_18798,aes_cipher_top,top,bfs_h8
_18799,aes_cipher_top,top,unassigned
_18800,aes_key_expand_128_u0/aes_sbox_u3,kexp_sbox,bfs_h4
_18801,aes_key_expand_128_u0/aes_sbox_u3,kexp_sbox,bfs_h3
_18802,aes_cipher_top,top,bfs_h8
_18803,aes_cipher_top,top,bfs_h8
_18804,aes_key_expand_128_u0/aes_sbox_u3,kexp_sbox,bfs_h5
_18805,aes_cipher_top,top,bfs_h8
_18806,aes_cipher_top,top,unassigned
_18807,aes_key_expand_128_u0/aes_sbox_u3,kexp_sbox,bfs_h5
_18808,aes_key_expand_128_u0/aes_sbox_u3,kexp_sbox,bfs_h4
_18809,aes_cipher_top,top,bfs_h7
_18810,aes_cipher_top,top,unassigned
_18811,aes_cipher_top,top,bfs_h8
_18812,aes_cipher_top,top,bfs_h8
_18813,aes_cipher_top,top,unassigned
_18814,aes_key_expand_128_u0,key_expand,bfs_h2
_18815,aes_key_expand_128_u0/aes_sbox_u3,kexp_sbox,bfs_h3
_18816,aes_key_expand_128_u0/aes_sbox_u3,kexp_sbox,bfs_h2
_18817,aes_key_expand_128_u0/aes_sbox_u3,kexp_sbox,bfs_h1
_18818,aes_key_expand_128_u0,key_expand,bfs_h2
_18819,aes_key_expand_128_u0/aes_sbox_u3,kexp_sbox,bfs_h4
_18820,aes_key_expand_128_u0/aes_sbox_u3,kexp_sbox,bfs_h5
_18821,aes_key_expand_128_u0/aes_sbox_u3,kexp_sbox,bfs_h4
_18822,aes_key_expand_128_u0/aes_sbox_u3,kexp_sbox,bfs_h3
_18823,aes_key_expand_128_u0,key_expand,bfs_h2
_18824,aes_key_expand_128_u0/aes_sbox_u3,kexp_sbox,bfs_h5
_18825,aes_cipher_top,top,bfs_h8
_18826,aes_cipher_top,top,unassigned
_18827,aes_cipher_top,top,unassigned
_18828,aes_key_expand_128_u0,key_expand,bfs_h2
_18829,aes_key_expand_128_u0/aes_sbox_u3,kexp_sbox,bfs_h4
_18830,aes_key_expand_128_u0/aes_sbox_u3,kexp_sbox,bfs_h5
_18831,aes_key_expand_128_u0/aes_sbox_u3,kexp_sbox,bfs_h4
_18832,aes_key_expand_128_u0/aes_sbox_u3,kexp_sbox,bfs_h3
_18833,aes_key_expand_128_u0/aes_sbox_u3,kexp_sbox,bfs_h3
_18834,aes_cipher_top,top,bfs_h8
_18835,aes_cipher_top,top,bfs_h8
_18836,aes_key_expand_128_u0/aes_sbox_u3,kexp_sbox,bfs_h5
_18837,aes_key_expand_128_u0/aes_sbox_u3,kexp_sbox,bfs_h5
_18838,aes_key_expand_128_u0/aes_sbox_u3,kexp_sbox,bfs_h4
_18839,aes_key_expand_128_u0,key_expand,bfs_h2
_18840,aes_key_expand_128_u0/aes_sbox_u3,kexp_sbox,bfs_h2
_18841,aes_cipher_top,top,unassigned
_18842,aes_key_expand_128_u0/aes_sbox_u3,kexp_sbox,bfs_h5
_18843,aes_cipher_top,top,bfs_h7
_18844,aes_cipher_top,top,bfs_h8
_18845,aes_key_expand_128_u0/aes_sbox_u3,kexp_sbox,bfs_h5
_18846,aes_key_expand_128_u0,key_expand,bfs_h2
_18847,aes_cipher_top,top,bfs_h8
_18848,aes_cipher_top,top,bfs_h7
_18849,aes_key_expand_128_u0/aes_sbox_u3,kexp_sbox,bfs_h5
_18850,aes_cipher_top,top,bfs_h8
_18851,aes_key_expand_128_u0/aes_sbox_u3,kexp_sbox,bfs_h5
_18852,aes_key_expand_128_u0/aes_sbox_u3,kexp_sbox,bfs_h4
_18853,aes_key_expand_128_u0/aes_sbox_u3,kexp_sbox,bfs_h3
_18854,aes_key_expand_128_u0/aes_sbox_u3,kexp_sbox,bfs_h5
_18855,aes_key_expand_128_u0/aes_sbox_u3,kexp_sbox,bfs_h4
_18856,aes_cipher_top,top,bfs_h8
_18857,aes_cipher_top,top,bfs_h8
_18858,aes_key_expand_128_u0/aes_sbox_u3,kexp_sbox,bfs_h5
_18859,aes_key_expand_128_u0/aes_sbox_u3,kexp_sbox,bfs_h4
_18860,aes_cipher_top,top,bfs_h8
_18861,aes_cipher_top,top,bfs_h8
_18862,aes_cipher_top,top,bfs_h8
_18863,aes_key_expand_128_u0/aes_sbox_u3,kexp_sbox,bfs_h5
_18864,aes_cipher_top,top,unassigned
_18865,aes_cipher_top,top,unassigned
_18866,aes_key_expand_128_u0/aes_sbox_u3,kexp_sbox,bfs_h5
_18867,aes_key_expand_128_u0/aes_sbox_u3,kexp_sbox,bfs_h4
_18868,aes_key_expand_128_u0/aes_sbox_u3,kexp_sbox,bfs_h3
_18869,aes_key_expand_128_u0/aes_sbox_u3,kexp_sbox,bfs_h2
_18870,aes_key_expand_128_u0/aes_sbox_u3,kexp_sbox,bfs_h1
_18871,aes_cipher_top,top,bfs_h2
_18872,aes_cipher_top,top,bfs_h3
_18873,aes_cipher_top,top,bfs_h3
_18874,aes_cipher_top,top,bfs_h3
_18875,aes_cipher_top,top,bfs_h2
_18876,aes_cipher_top,top,bfs_h3
_18877,aes_cipher_top,top,bfs_h3
_18878,aes_cipher_top,top,bfs_h3
_18879,aes_sbox_us00,main_sbox,bfs_h2
_18880,aes_sbox_us10,main_sbox,bfs_h1
_18881,aes_sbox_us20,main_sbox,bfs_h2
_18882,aes_sbox_us10,main_sbox,bfs_h1
_18883,aes_sbox_us10,main_sbox,bfs_h2
_18884,aes_sbox_us20,main_sbox,bfs_h3
_18885,aes_cipher_top,top,bfs_h3
_18886,aes_key_expand_128_u0/aes_sbox_u0,kexp_sbox,bfs_h2
_18887,aes_cipher_top,top,bfs_h3
_18888,aes_cipher_top,top,bfs_h3
_18889,aes_cipher_top,top,bfs_h2
_18890,aes_cipher_top,top,bfs_h3
_18891,aes_sbox_us20,main_sbox,bfs_h3
_18892,aes_cipher_top,top,bfs_h3
_18893,aes_key_expand_128_u0/aes_sbox_u0,kexp_sbox,bfs_h2
_18894,aes_key_expand_128_u0/aes_sbox_u0,kexp_sbox,bfs_h3
_18895,aes_key_expand_128_u0/aes_sbox_u0,kexp_sbox,bfs_h3
_18896,aes_key_expand_128_u0/aes_sbox_u0,kexp_sbox,bfs_h4
_18897,aes_sbox_us30,main_sbox,bfs_h2
_18898,aes_sbox_us00,main_sbox,bfs_h2
_18899,aes_sbox_us30,main_sbox,bfs_h3
_18900,aes_sbox_us00,main_sbox,bfs_h2
_18901,aes_sbox_us30,main_sbox,bfs_h2
_18902,aes_sbox_us20,main_sbox,bfs_h1
_18903,aes_sbox_us20,main_sbox,bfs_h2
_18904,aes_sbox_us30,main_sbox,bfs_h3
_18905,aes_sbox_us30,main_sbox,bfs_h2
_18906,aes_sbox_us30,main_sbox,bfs_h3
_18907,aes_sbox_us20,main_sbox,bfs_h2
_18908,aes_cipher_top,top,bfs_h3
_18909,aes_key_expand_128_u0,key_expand,bfs_h2
_18910,aes_cipher_top,top,bfs_h3
_18911,aes_cipher_top,top,bfs_h3
_18912,aes_cipher_top,top,bfs_h2
_18913,aes_key_expand_128_u0,key_expand,bfs_h3
_18914,aes_key_expand_128_u0,key_expand,bfs_h3
_18915,aes_key_expand_128_u0,key_expand,bfs_h3
_18916,aes_key_expand_128_u0/aes_sbox_u0,kexp_sbox,bfs_h5
_18917,aes_key_expand_128_u0/aes_sbox_u0,kexp_sbox,bfs_h4
_18918,aes_sbox_us10,main_sbox,bfs_h2
_18919,aes_sbox_us10,main_sbox,bfs_h1
_18920,aes_sbox_us10,main_sbox,bfs_h2
_18921,aes_sbox_us10,main_sbox,bfs_h1
_18922,aes_sbox_us10,main_sbox,bfs_h2
_18923,aes_sbox_us20,main_sbox,bfs_h2
_18924,aes_sbox_us10,main_sbox,bfs_h3
_18925,aes_sbox_us10,main_sbox,bfs_h2
_18926,aes_sbox_us10,main_sbox,bfs_h2
_18927,aes_sbox_us20,main_sbox,bfs_h2
_18928,aes_sbox_us10,main_sbox,bfs_h3
_18929,aes_cipher_top,top,bfs_h3
_18930,aes_cipher_top,top,bfs_h2
_18931,aes_key_expand_128_u0/aes_sbox_u0,kexp_sbox,bfs_h3
_18932,aes_key_expand_128_u0/aes_sbox_u0,kexp_sbox,bfs_h2
_18933,aes_key_expand_128_u0/aes_sbox_u0,kexp_sbox,bfs_h2
_18934,aes_key_expand_128_u0/aes_sbox_u0,kexp_sbox,bfs_h3
_18935,aes_key_expand_128_u0/aes_sbox_u0,kexp_sbox,bfs_h4
_18936,aes_key_expand_128_u0/aes_sbox_u0,kexp_sbox,bfs_h5
_18937,aes_key_expand_128_u0,key_expand,bfs_h2
_18938,aes_key_expand_128_u0,key_expand,bfs_h2
_18939,aes_key_expand_128_u0,key_expand,bfs_h3
_18940,aes_key_expand_128_u0/aes_sbox_u0,kexp_sbox,bfs_h4
_18941,aes_key_expand_128_u0/aes_sbox_u0,kexp_sbox,bfs_h2
_18942,aes_key_expand_128_u0/aes_sbox_u0,kexp_sbox,bfs_h3
_18943,aes_key_expand_128_u0/aes_sbox_u0,kexp_sbox,bfs_h3
_18944,aes_key_expand_128_u0/aes_sbox_u0,kexp_sbox,bfs_h4
_18945,aes_key_expand_128_u0/aes_sbox_u0,kexp_sbox,bfs_h4
_18946,aes_key_expand_128_u0/aes_sbox_u0,kexp_sbox,bfs_h5
_18947,aes_key_expand_128_u0/aes_sbox_u0,kexp_sbox,bfs_h5
_18948,aes_sbox_us00,main_sbox,bfs_h1
_18949,aes_sbox_us10,main_sbox,bfs_h1
_18950,aes_sbox_us30,main_sbox,bfs_h1
_18951,aes_sbox_us00,main_sbox,bfs_h2
_18952,aes_cipher_top,top,bfs_h3
_18953,aes_cipher_top,top,bfs_h3
_18954,aes_cipher_top,top,bfs_h3
_18955,aes_cipher_top,top,bfs_h2
_18956,aes_cipher_top,top,bfs_h3
_18957,aes_key_expand_128_u0,key_expand,bfs_h2
_18958,aes_key_expand_128_u0,key_expand,bfs_h3
_18959,aes_sbox_us00,main_sbox,bfs_h3
_18960,aes_key_expand_128_u0/aes_sbox_u0,kexp_sbox,bfs_h5
_18961,aes_key_expand_128_u0/aes_sbox_u0,kexp_sbox,bfs_h5
_18962,aes_sbox_us00,main_sbox,bfs_h2
_18963,aes_sbox_us10,main_sbox,bfs_h1
_18964,aes_sbox_us20,main_sbox,bfs_h2
_18965,aes_sbox_us20,main_sbox,bfs_h1
_18966,aes_sbox_us10,main_sbox,bfs_h2
_18967,aes_sbox_us00,main_sbox,bfs_h2
_18968,aes_sbox_us00,main_sbox,bfs_h3
_18969,aes_cipher_top,top,bfs_h3
_18970,aes_cipher_top,top,bfs_h3
_18971,aes_cipher_top,top,bfs_h3
_18972,aes_cipher_top,top,bfs_h2
_18973,aes_cipher_top,top,bfs_h3
_18974,aes_key_expand_128_u0,key_expand,bfs_h2
_18975,aes_key_expand_128_u0,key_expand,bfs_h3
_18976,aes_key_expand_128_u0/aes_sbox_u0,kexp_sbox,bfs_h5
_18977,aes_key_expand_128_u0/aes_sbox_u0,kexp_sbox,bfs_h5
_18978,aes_sbox_us00,main_sbox,bfs_h1
_18979,aes_sbox_us10,main_sbox,bfs_h1
_18980,aes_sbox_us10,main_sbox,bfs_h1
_18981,aes_sbox_us20,main_sbox,bfs_h1
_18982,aes_sbox_us10,main_sbox,bfs_h2
_18983,aes_sbox_us10,main_sbox,bfs_h2
_18984,aes_cipher_top,top,bfs_h3
_18985,aes_sbox_us10,main_sbox,bfs_h2
_18986,aes_cipher_top,top,bfs_h3
_18987,aes_cipher_top,top,bfs_h2
_18988,aes_key_expand_128_u0,key_expand,bfs_h3
_18989,aes_key_expand_128_u0,key_expand,bfs_h2
_18990,aes_key_expand_128_u0,key_expand,bfs_h3
_18991,aes_sbox_us00,main_sbox,bfs_h5
_18992,aes_sbox_us00,main_sbox,bfs_h4
_18993,aes_key_expand_128_u0/aes_sbox_u0,kexp_sbox,bfs_h3
_18994,aes_key_expand_128_u0/aes_sbox_u0,kexp_sbox,bfs_h3
_18995,aes_key_expand_128_u0/aes_sbox_u0,kexp_sbox,bfs_h5
_18996,aes_key_expand_128_u0/aes_sbox_u0,kexp_sbox,bfs_h4
_18997,aes_key_expand_128_u0/aes_sbox_u0,kexp_sbox,bfs_h5
_18998,aes_key_expand_128_u0/aes_sbox_u0,kexp_sbox,bfs_h5
_18999,aes_sbox_us00,main_sbox,bfs_h5
_19000,aes_key_expand_128_u0/aes_sbox_u0,kexp_sbox,bfs_h4
_19001,aes_key_expand_128_u0/aes_sbox_u0,kexp_sbox,bfs_h3
_19002,aes_sbox_us00,main_sbox,bfs_h4
_19003,aes_cipher_top,top,bfs_h2
_19004,aes_cipher_top,top,bfs_h3
_19005,aes_sbox_us00,main_sbox,bfs_h1
_19006,aes_sbox_us00,main_sbox,bfs_h2
_19007,aes_sbox_us10,main_sbox,bfs_h1
_19008,aes_sbox_us30,main_sbox,bfs_h2
_19009,aes_sbox_us30,main_sbox,bfs_h2
_19010,aes_sbox_us00,main_sbox,bfs_h3
_19011,aes_sbox_us30,main_sbox,bfs_h2
_19012,aes_sbox_us00,main_sbox,bfs_h2
_19013,aes_cipher_top,top,bfs_h3
_19014,aes_key_expand_128_u0,key_expand,bfs_h3
_19015,aes_key_expand_128_u0,key_expand,bfs_h2
_19016,aes_key_expand_128_u0,key_expand,bfs_h3
_19017,aes_key_expand_128_u0,key_expand,bfs_h2
_19018,aes_key_expand_128_u0,key_expand,bfs_h3
_19019,aes_sbox_us00,main_sbox,bfs_h5
_19020,aes_sbox_us00,main_sbox,bfs_h4
_19021,aes_sbox_us00,main_sbox,bfs_h3
_19022,aes_sbox_us00,main_sbox,bfs_h3
_19023,aes_key_expand_128_u0,key_expand,bfs_h2
_19024,aes_key_expand_128_u0,key_expand,bfs_h3
_19025,aes_sbox_us00,main_sbox,bfs_h4
_19026,aes_key_expand_128_u0/aes_sbox_u0,kexp_sbox,bfs_h4
_19027,aes_key_expand_128_u0,key_expand,bfs_h2
_19028,aes_key_expand_128_u0,key_expand,bfs_h3
_19029,aes_key_expand_128_u0/aes_sbox_u0,kexp_sbox,bfs_h5
_19030,aes_sbox_us00,main_sbox,bfs_h5
_19031,aes_key_expand_128_u0/aes_sbox_u0,kexp_sbox,bfs_h4
_19032,aes_sbox_us00,main_sbox,bfs_h5
_19033,aes_sbox_us00,main_sbox,bfs_h5
_19034,aes_key_expand_128_u0/aes_sbox_u0,kexp_sbox,bfs_h4
_19035,aes_sbox_us00,main_sbox,bfs_h4
_19036,aes_key_expand_128_u0/aes_sbox_u0,kexp_sbox,bfs_h3
_19037,aes_key_expand_128_u0/aes_sbox_u0,kexp_sbox,bfs_h4
_19038,aes_key_expand_128_u0/aes_sbox_u0,kexp_sbox,bfs_h3
_19039,aes_key_expand_128_u0/aes_sbox_u0,kexp_sbox,bfs_h2
_19040,aes_key_expand_128_u0/aes_sbox_u0,kexp_sbox,bfs_h3
_19041,aes_key_expand_128_u0/aes_sbox_u0,kexp_sbox,bfs_h4
_19042,aes_key_expand_128_u0/aes_sbox_u0,kexp_sbox,bfs_h5
_19043,aes_key_expand_128_u0/aes_sbox_u0,kexp_sbox,bfs_h5
_19044,aes_sbox_us00,main_sbox,bfs_h5
_19045,aes_key_expand_128_u0/aes_sbox_u0,kexp_sbox,bfs_h5
_19046,aes_key_expand_128_u0/aes_sbox_u0,kexp_sbox,bfs_h4
_19047,aes_key_expand_128_u0/aes_sbox_u0,kexp_sbox,bfs_h5
_19048,aes_sbox_us00,main_sbox,bfs_h5
_19049,aes_key_expand_128_u0/aes_sbox_u0,kexp_sbox,bfs_h4
_19050,aes_key_expand_128_u0/aes_sbox_u0,kexp_sbox,bfs_h5
_19051,aes_sbox_us00,main_sbox,bfs_h5
_19052,aes_key_expand_128_u0/aes_sbox_u0,kexp_sbox,bfs_h5
_19053,aes_sbox_us00,main_sbox,bfs_h5
_19054,aes_key_expand_128_u0/aes_sbox_u0,kexp_sbox,bfs_h3
_19055,aes_key_expand_128_u0,key_expand,bfs_h3
_19056,aes_key_expand_128_u0/aes_sbox_u0,kexp_sbox,bfs_h5
_19057,aes_sbox_us00,main_sbox,bfs_h6
_19058,aes_sbox_us00,main_sbox,bfs_h4
_19059,aes_sbox_us00,main_sbox,bfs_h5
_19060,aes_sbox_us00,main_sbox,bfs_h4
_19061,aes_sbox_us00,main_sbox,bfs_h3
_19062,aes_sbox_us00,main_sbox,bfs_h1
_19063,aes_sbox_us30,main_sbox,bfs_h2
_19064,aes_sbox_us00,main_sbox,bfs_h2
_19065,aes_sbox_us20,main_sbox,bfs_h2
_19066,aes_sbox_us00,main_sbox,bfs_h3
_19067,aes_cipher_top,top,bfs_h3
_19068,aes_cipher_top,top,bfs_h3
_19069,aes_cipher_top,top,bfs_h3
_19070,aes_cipher_top,top,bfs_h2
_19071,aes_cipher_top,top,bfs_h3
_19072,aes_key_expand_128_u0,key_expand,bfs_h2
_19073,aes_sbox_us00,main_sbox,bfs_h3
_19074,aes_sbox_us00,main_sbox,bfs_h2
_19075,aes_key_expand_128_u0/aes_sbox_u0,kexp_sbox,bfs_h5
_19076,aes_key_expand_128_u0/aes_sbox_u0,kexp_sbox,bfs_h5
_19077,aes_key_expand_128_u0/aes_sbox_u0,kexp_sbox,bfs_h4
_19078,aes_sbox_us00,main_sbox,bfs_h4
_19079,aes_key_expand_128_u0,key_expand,bfs_h3
_19080,aes_sbox_us00,main_sbox,bfs_h4
_19081,aes_key_expand_128_u0/aes_sbox_u0,kexp_sbox,bfs_h4
_19082,aes_key_expand_128_u0/aes_sbox_u0,kexp_sbox,bfs_h5
_19083,aes_key_expand_128_u0/aes_sbox_u0,kexp_sbox,bfs_h4
_19084,aes_sbox_us00,main_sbox,bfs_h4
_19085,aes_key_expand_128_u0/aes_sbox_u0,kexp_sbox,bfs_h4
_19086,aes_key_expand_128_u0/aes_sbox_u0,kexp_sbox,bfs_h5
_19087,aes_sbox_us00,main_sbox,bfs_h5
_19088,aes_key_expand_128_u0/aes_sbox_u0,kexp_sbox,bfs_h4
_19089,aes_sbox_us00,main_sbox,bfs_h5
_19090,aes_sbox_us00,main_sbox,bfs_h5
_19091,aes_key_expand_128_u0,key_expand,bfs_h3
_19092,aes_sbox_us00,main_sbox,bfs_h5
_19093,aes_sbox_us00,main_sbox,bfs_h5
_19094,aes_sbox_us00,main_sbox,bfs_h4
_19095,aes_sbox_us00,main_sbox,bfs_h3
_19096,aes_key_expand_128_u0,key_expand,bfs_h3
_19097,aes_key_expand_128_u0/aes_sbox_u0,kexp_sbox,bfs_h4
_19098,aes_key_expand_128_u0/aes_sbox_u0,kexp_sbox,bfs_h5
_19099,aes_key_expand_128_u0/aes_sbox_u0,kexp_sbox,bfs_h3
_19100,aes_key_expand_128_u0/aes_sbox_u0,kexp_sbox,bfs_h4
_19101,aes_key_expand_128_u0/aes_sbox_u0,kexp_sbox,bfs_h4
_19102,aes_sbox_us00,main_sbox,bfs_h4
_19103,aes_key_expand_128_u0/aes_sbox_u0,kexp_sbox,bfs_h4
_19104,aes_key_expand_128_u0/aes_sbox_u0,kexp_sbox,bfs_h4
_19105,aes_sbox_us00,main_sbox,bfs_h5
_19106,aes_sbox_us00,main_sbox,bfs_h5
_19107,aes_key_expand_128_u0/aes_sbox_u0,kexp_sbox,bfs_h4
_19108,aes_key_expand_128_u0/aes_sbox_u0,kexp_sbox,bfs_h4
_19109,aes_sbox_us00,main_sbox,bfs_h5
_19110,aes_key_expand_128_u0,key_expand,bfs_h3
_19111,aes_sbox_us00,main_sbox,bfs_h5
_19112,aes_sbox_us00,main_sbox,bfs_h4
_19113,aes_sbox_us00,main_sbox,bfs_h4
_19114,aes_sbox_us00,main_sbox,bfs_h3
_19115,aes_sbox_us00,main_sbox,bfs_h3
_19116,aes_sbox_us00,main_sbox,bfs_h2
_19117,aes_sbox_us00,main_sbox,bfs_h5
_19118,aes_key_expand_128_u0/aes_sbox_u0,kexp_sbox,bfs_h4
_19119,aes_sbox_us00,main_sbox,bfs_h5
_19120,aes_sbox_us00,main_sbox,bfs_h5
_19121,aes_sbox_us00,main_sbox,bfs_h5
_19122,aes_sbox_us00,main_sbox,bfs_h5
_19123,aes_key_expand_128_u0,key_expand,bfs_h3
_19124,aes_key_expand_128_u0/aes_sbox_u0,kexp_sbox,bfs_h4
_19125,aes_key_expand_128_u0/aes_sbox_u0,kexp_sbox,bfs_h3
_19126,aes_key_expand_128_u0/aes_sbox_u0,kexp_sbox,bfs_h4
_19127,aes_sbox_us00,main_sbox,bfs_h5
_19128,aes_key_expand_128_u0/aes_sbox_u0,kexp_sbox,bfs_h5
_19129,aes_key_expand_128_u0/aes_sbox_u0,kexp_sbox,bfs_h4
_19130,aes_sbox_us00,main_sbox,bfs_h5
_19131,aes_sbox_us00,main_sbox,bfs_h4
_19132,aes_sbox_us00,main_sbox,bfs_h4
_19133,aes_sbox_us00,main_sbox,bfs_h3
_19134,aes_key_expand_128_u0,key_expand,bfs_h3
_19135,aes_sbox_us00,main_sbox,bfs_h4
_19136,aes_key_expand_128_u0/aes_sbox_u0,kexp_sbox,bfs_h4
_19137,aes_key_expand_128_u0/aes_sbox_u0,kexp_sbox,bfs_h5
_19138,aes_sbox_us00,main_sbox,bfs_h5
_19139,aes_sbox_us00,main_sbox,bfs_h4
_19140,aes_key_expand_128_u0/aes_sbox_u0,kexp_sbox,bfs_h5
_19141,aes_key_expand_128_u0/aes_sbox_u0,kexp_sbox,bfs_h4
_19142,aes_sbox_us00,main_sbox,bfs_h5
_19143,aes_sbox_us00,main_sbox,bfs_h4
_19144,aes_key_expand_128_u0/aes_sbox_u0,kexp_sbox,bfs_h4
_19145,aes_key_expand_128_u0/aes_sbox_u0,kexp_sbox,bfs_h4
_19146,aes_sbox_us00,main_sbox,bfs_h4
_19147,aes_sbox_us00,main_sbox,bfs_h3
_19148,aes_sbox_us00,main_sbox,bfs_h3
_19149,aes_sbox_us00,main_sbox,bfs_h2
_19150,aes_key_expand_128_u0/aes_sbox_u0,kexp_sbox,bfs_h5
_19151,aes_sbox_us00,main_sbox,bfs_h5
_19152,aes_sbox_us00,main_sbox,bfs_h4
_19153,aes_key_expand_128_u0/aes_sbox_u0,kexp_sbox,bfs_h4
_19154,aes_sbox_us00,main_sbox,bfs_h4
_19155,aes_sbox_us00,main_sbox,bfs_h4
_19156,aes_key_expand_128_u0/aes_sbox_u0,kexp_sbox,bfs_h3
_19157,aes_key_expand_128_u0/aes_sbox_u0,kexp_sbox,bfs_h4
_19158,aes_key_expand_128_u0/aes_sbox_u0,kexp_sbox,bfs_h4
_19159,aes_sbox_us00,main_sbox,bfs_h5
_19160,aes_sbox_us00,main_sbox,bfs_h5
_19161,aes_sbox_us00,main_sbox,bfs_h5
_19162,aes_key_expand_128_u0/aes_sbox_u0,kexp_sbox,bfs_h5
_19163,aes_key_expand_128_u0/aes_sbox_u0,kexp_sbox,bfs_h5
_19164,aes_sbox_us00,main_sbox,bfs_h5
_19165,aes_key_expand_128_u0,key_expand,bfs_h3
_19166,aes_sbox_us00,main_sbox,bfs_h3
_19167,aes_key_expand_128_u0/aes_sbox_u0,kexp_sbox,bfs_h5
_19168,aes_sbox_us00,main_sbox,bfs_h5
_19169,aes_key_expand_128_u0/aes_sbox_u0,kexp_sbox,bfs_h5
_19170,aes_key_expand_128_u0/aes_sbox_u0,kexp_sbox,bfs_h5
_19171,aes_key_expand_128_u0/aes_sbox_u0,kexp_sbox,bfs_h4
_19172,aes_sbox_us00,main_sbox,bfs_h5
_19173,aes_sbox_us00,main_sbox,bfs_h4
_19174,aes_sbox_us00,main_sbox,bfs_h4
_19175,aes_key_expand_128_u0/aes_sbox_u0,kexp_sbox,bfs_h4
_19176,aes_sbox_us00,main_sbox,bfs_h4
_19177,aes_sbox_us00,main_sbox,bfs_h3
_19178,aes_sbox_us00,main_sbox,bfs_h3
_19179,aes_sbox_us00,main_sbox,bfs_h2
_19180,aes_sbox_us00,main_sbox,bfs_h1
_19181,aes_sbox_us00,main_sbox,bfs_h5
_19182,aes_key_expand_128_u0/aes_sbox_u0,kexp_sbox,bfs_h4
_19183,aes_sbox_us00,main_sbox,bfs_h5
_19184,aes_key_expand_128_u0/aes_sbox_u0,kexp_sbox,bfs_h5
_19185,aes_key_expand_128_u0/aes_sbox_u0,kexp_sbox,bfs_h4
_19186,aes_sbox_us00,main_sbox,bfs_h5
_19187,aes_sbox_us00,main_sbox,bfs_h4
_19188,aes_sbox_us00,main_sbox,bfs_h4
_19189,aes_key_expand_128_u0/aes_sbox_u0,kexp_sbox,bfs_h4
_19190,aes_sbox_us00,main_sbox,bfs_h5
_19191,aes_sbox_us00,main_sbox,bfs_h4
_19192,aes_sbox_us00,main_sbox,bfs_h3
_19193,aes_key_expand_128_u0/aes_sbox_u0,kexp_sbox,bfs_h4
_19194,aes_key_expand_128_u0/aes_sbox_u0,kexp_sbox,bfs_h5
_19195,aes_sbox_us00,main_sbox,bfs_h5
_19196,aes_key_expand_128_u0/aes_sbox_u0,kexp_sbox,bfs_h4
_19197,aes_sbox_us00,main_sbox,bfs_h4
_19198,aes_key_expand_128_u0/aes_sbox_u0,kexp_sbox,bfs_h4
_19199,aes_key_expand_128_u0/aes_sbox_u0,kexp_sbox,bfs_h5
_19200,aes_key_expand_128_u0/aes_sbox_u0,kexp_sbox,bfs_h4
_19201,aes_sbox_us00,main_sbox,bfs_h5
_19202,aes_sbox_us00,main_sbox,bfs_h4
_19203,aes_sbox_us00,main_sbox,bfs_h3
_19204,aes_sbox_us00,main_sbox,bfs_h3
_19205,aes_sbox_us00,main_sbox,bfs_h2
_19206,aes_key_expand_128_u0/aes_sbox_u0,kexp_sbox,bfs_h5
_19207,aes_sbox_us00,main_sbox,bfs_h5
_19208,aes_sbox_us00,main_sbox,bfs_h5
_19209,aes_sbox_us00,main_sbox,bfs_h4
_19210,aes_sbox_us00,main_sbox,bfs_h5
_19211,aes_sbox_us00,main_sbox,bfs_h4
_19212,aes_key_expand_128_u0/aes_sbox_u0,kexp_sbox,bfs_h5
_19213,aes_sbox_us00,main_sbox,bfs_h5
_19214,aes_sbox_us00,main_sbox,bfs_h5
_19215,aes_key_expand_128_u0/aes_sbox_u0,kexp_sbox,bfs_h4
_19216,aes_key_expand_128_u0,key_expand,bfs_h3
_19217,aes_sbox_us00,main_sbox,bfs_h4
_19218,aes_sbox_us00,main_sbox,bfs_h5
_19219,aes_sbox_us00,main_sbox,bfs_h4
_19220,aes_sbox_us00,main_sbox,bfs_h3
_19221,aes_sbox_us00,main_sbox,bfs_h2
_19222,aes_sbox_us00,main_sbox,bfs_h5
_19223,aes_sbox_us00,main_sbox,bfs_h4
_19224,aes_key_expand_128_u0/aes_sbox_u0,kexp_sbox,bfs_h5
_19225,aes_sbox_us00,main_sbox,bfs_h5
_19226,aes_sbox_us00,main_sbox,bfs_h4
_19227,aes_key_expand_128_u0/aes_sbox_u0,kexp_sbox,bfs_h4
_19228,aes_sbox_us00,main_sbox,bfs_h5
_19229,aes_sbox_us00,main_sbox,bfs_h5
_19230,aes_key_expand_128_u0/aes_sbox_u0,kexp_sbox,bfs_h4
_19231,aes_sbox_us00,main_sbox,bfs_h5
_19232,aes_key_expand_128_u0/aes_sbox_u0,kexp_sbox,bfs_h5
_19233,aes_key_expand_128_u0/aes_sbox_u0,kexp_sbox,bfs_h4
_19234,aes_sbox_us00,main_sbox,bfs_h5
_19235,aes_sbox_us00,main_sbox,bfs_h5
_19236,aes_sbox_us00,main_sbox,bfs_h5
_19237,aes_sbox_us00,main_sbox,bfs_h5
_19238,aes_sbox_us00,main_sbox,bfs_h6
_19239,aes_sbox_us00,main_sbox,bfs_h6
_19240,aes_sbox_us00,main_sbox,bfs_h5
_19241,aes_sbox_us00,main_sbox,bfs_h4
_19242,aes_sbox_us00,main_sbox,bfs_h4
_19243,aes_sbox_us00,main_sbox,bfs_h3
_19244,aes_sbox_us00,main_sbox,bfs_h5
_19245,aes_sbox_us00,main_sbox,bfs_h4
_19246,aes_sbox_us00,main_sbox,bfs_h4
_19247,aes_sbox_us00,main_sbox,bfs_h4
_19248,aes_sbox_us00,main_sbox,bfs_h5
_19249,aes_sbox_us00,main_sbox,bfs_h5
_19250,aes_sbox_us00,main_sbox,bfs_h4
_19251,aes_sbox_us00,main_sbox,bfs_h3
_19252,aes_key_expand_128_u0/aes_sbox_u0,kexp_sbox,bfs_h5
_19253,aes_key_expand_128_u0/aes_sbox_u0,kexp_sbox,bfs_h4
_19254,aes_key_expand_128_u0/aes_sbox_u0,kexp_sbox,bfs_h5
_19255,aes_sbox_us00,main_sbox,bfs_h5
_19256,aes_sbox_us00,main_sbox,bfs_h4
_19257,aes_key_expand_128_u0/aes_sbox_u0,kexp_sbox,bfs_h5
_19258,aes_key_expand_128_u0/aes_sbox_u0,kexp_sbox,bfs_h4
_19259,aes_key_expand_128_u0/aes_sbox_u0,kexp_sbox,bfs_h4
_19260,aes_sbox_us00,main_sbox,bfs_h5
_19261,aes_sbox_us00,main_sbox,bfs_h5
_19262,aes_sbox_us00,main_sbox,bfs_h4
_19263,aes_sbox_us00,main_sbox,bfs_h3
_19264,aes_sbox_us00,main_sbox,bfs_h2
_19265,aes_sbox_us00,main_sbox,bfs_h1
_19266,aes_sbox_us00,main_sbox,bfs_h5
_19267,aes_sbox_us00,main_sbox,bfs_h5
_19268,aes_key_expand_128_u0/aes_sbox_u0,kexp_sbox,bfs_h4
_19269,aes_key_expand_128_u0/aes_sbox_u0,kexp_sbox,bfs_h4
_19270,aes_key_expand_128_u0/aes_sbox_u0,kexp_sbox,bfs_h5
_19271,aes_key_expand_128_u0/aes_sbox_u0,kexp_sbox,bfs_h4
_19272,aes_sbox_us00,main_sbox,bfs_h4
_19273,aes_sbox_us00,main_sbox,bfs_h4
_19274,aes_sbox_us00,main_sbox,bfs_h5
_19275,aes_key_expand_128_u0/aes_sbox_u0,kexp_sbox,bfs_h4
_19276,aes_sbox_us00,main_sbox,bfs_h5
_19277,aes_sbox_us00,main_sbox,bfs_h4
_19278,aes_key_expand_128_u0,key_expand,bfs_h3
_19279,aes_key_expand_128_u0/aes_sbox_u0,kexp_sbox,bfs_h5
_19280,aes_sbox_us00,main_sbox,bfs_h5
_19281,aes_sbox_us00,main_sbox,bfs_h4
_19282,aes_sbox_us00,main_sbox,bfs_h3
_19283,aes_sbox_us00,main_sbox,bfs_h3
_19284,aes_key_expand_128_u0/aes_sbox_u0,kexp_sbox,bfs_h4
_19285,aes_key_expand_128_u0/aes_sbox_u0,kexp_sbox,bfs_h5
_19286,aes_sbox_us00,main_sbox,bfs_h5
_19287,aes_sbox_us00,main_sbox,bfs_h5
_19288,aes_key_expand_128_u0/aes_sbox_u0,kexp_sbox,bfs_h4
_19289,aes_sbox_us00,main_sbox,bfs_h4
_19290,aes_sbox_us00,main_sbox,bfs_h4
_19291,aes_sbox_us00,main_sbox,bfs_h4
_19292,aes_key_expand_128_u0/aes_sbox_u0,kexp_sbox,bfs_h4
_19293,aes_sbox_us00,main_sbox,bfs_h5
_19294,aes_key_expand_128_u0/aes_sbox_u0,kexp_sbox,bfs_h5
_19295,aes_sbox_us00,main_sbox,bfs_h4
_19296,aes_sbox_us00,main_sbox,bfs_h5
_19297,aes_key_expand_128_u0/aes_sbox_u0,kexp_sbox,bfs_h5
_19298,aes_sbox_us00,main_sbox,bfs_h5
_19299,aes_sbox_us00,main_sbox,bfs_h5
_19300,aes_key_expand_128_u0,key_expand,bfs_h3
_19301,aes_sbox_us00,main_sbox,bfs_h3
_19302,aes_sbox_us00,main_sbox,bfs_h2
_19303,aes_key_expand_128_u0/aes_sbox_u0,kexp_sbox,bfs_h5
_19304,aes_sbox_us00,main_sbox,bfs_h5
_19305,aes_key_expand_128_u0/aes_sbox_u0,kexp_sbox,bfs_h4
_19306,aes_sbox_us00,main_sbox,bfs_h5
_19307,aes_sbox_us00,main_sbox,bfs_h4
_19308,aes_key_expand_128_u0/aes_sbox_u0,kexp_sbox,bfs_h5
_19309,aes_key_expand_128_u0/aes_sbox_u0,kexp_sbox,bfs_h4
_19310,aes_key_expand_128_u0/aes_sbox_u0,kexp_sbox,bfs_h5
_19311,aes_sbox_us00,main_sbox,bfs_h5
_19312,aes_key_expand_128_u0/aes_sbox_u0,kexp_sbox,bfs_h5
_19313,aes_sbox_us00,main_sbox,bfs_h4
_19314,aes_sbox_us00,main_sbox,bfs_h4
_19315,aes_sbox_us00,main_sbox,bfs_h4
_19316,aes_sbox_us00,main_sbox,bfs_h5
_19317,aes_key_expand_128_u0/aes_sbox_u0,kexp_sbox,bfs_h4
_19318,aes_key_expand_128_u0/aes_sbox_u0,kexp_sbox,bfs_h5
_19319,aes_sbox_us00,main_sbox,bfs_h5
_19320,aes_sbox_us00,main_sbox,bfs_h5
_19321,aes_key_expand_128_u0/aes_sbox_u0,kexp_sbox,bfs_h5
_19322,aes_sbox_us00,main_sbox,bfs_h5
_19323,aes_sbox_us00,main_sbox,bfs_h4
_19324,aes_sbox_us00,main_sbox,bfs_h3
_19325,aes_sbox_us00,main_sbox,bfs_h5
_19326,aes_sbox_us00,main_sbox,bfs_h4
_19327,aes_sbox_us00,main_sbox,bfs_h5
_19328,aes_sbox_us00,main_sbox,bfs_h5
_19329,aes_key_expand_128_u0/aes_sbox_u0,kexp_sbox,bfs_h4
_19330,aes_key_expand_128_u0/aes_sbox_u0,kexp_sbox,bfs_h5
_19331,aes_key_expand_128_u0/aes_sbox_u0,kexp_sbox,bfs_h5
_19332,aes_sbox_us00,main_sbox,bfs_h5
_19333,aes_sbox_us00,main_sbox,bfs_h4
_19334,aes_key_expand_128_u0/aes_sbox_u0,kexp_sbox,bfs_h5
_19335,aes_sbox_us00,main_sbox,bfs_h6
_19336,aes_sbox_us00,main_sbox,bfs_h5
_19337,aes_sbox_us00,main_sbox,bfs_h5
_19338,aes_sbox_us00,main_sbox,bfs_h5
_19339,aes_sbox_us00,main_sbox,bfs_h4
_19340,aes_sbox_us00,main_sbox,bfs_h4
_19341,aes_sbox_us00,main_sbox,bfs_h3
_19342,aes_sbox_us00,main_sbox,bfs_h2
_19343,aes_sbox_us00,main_sbox,bfs_h1
_19344,aes_sbox_us00,main_sbox,bfs_h5
_19345,aes_sbox_us00,main_sbox,bfs_h4
_19346,aes_sbox_us00,main_sbox,bfs_h4
_19347,aes_sbox_us00,main_sbox,bfs_h5
_19348,aes_sbox_us00,main_sbox,bfs_h4
_19349,aes_sbox_us00,main_sbox,bfs_h3
_19350,aes_sbox_us00,main_sbox,bfs_h5
_19351,aes_key_expand_128_u0/aes_sbox_u0,kexp_sbox,bfs_h5
_19352,aes_sbox_us00,main_sbox,bfs_h4
_19353,aes_key_expand_128_u0/aes_sbox_u0,kexp_sbox,bfs_h4
_19354,aes_sbox_us00,main_sbox,bfs_h5
_19355,aes_sbox_us00,main_sbox,bfs_h5
_19356,aes_sbox_us00,main_sbox,bfs_h4
_19357,aes_sbox_us00,main_sbox,bfs_h3
_19358,aes_sbox_us00,main_sbox,bfs_h2
_19359,aes_sbox_us00,main_sbox,bfs_h4
_19360,aes_sbox_us00,main_sbox,bfs_h3
_19361,aes_sbox_us00,main_sbox,bfs_h5
_19362,aes_sbox_us00,main_sbox,bfs_h5
_19363,aes_sbox_us00,main_sbox,bfs_h4
_19364,aes_sbox_us00,main_sbox,bfs_h5
_19365,aes_sbox_us00,main_sbox,bfs_h5
_19366,aes_key_expand_128_u0,key_expand,bfs_h3
_19367,aes_sbox_us00,main_sbox,bfs_h4
_19368,aes_sbox_us00,main_sbox,bfs_h5
_19369,aes_key_expand_128_u0,key_expand,bfs_h3
_19370,aes_sbox_us00,main_sbox,bfs_h4
_19371,aes_sbox_us00,main_sbox,bfs_h3
_19372,aes_sbox_us00,main_sbox,bfs_h2
_19373,aes_sbox_us00,main_sbox,bfs_h5
_19374,aes_sbox_us00,main_sbox,bfs_h4
_19375,aes_sbox_us00,main_sbox,bfs_h4
_19376,aes_key_expand_128_u0/aes_sbox_u0,kexp_sbox,bfs_h5
_19377,aes_sbox_us00,main_sbox,bfs_h5
_19378,aes_sbox_us00,main_sbox,bfs_h4
_19379,aes_key_expand_128_u0/aes_sbox_u0,kexp_sbox,bfs_h4
_19380,aes_sbox_us00,main_sbox,bfs_h5
_19381,aes_sbox_us00,main_sbox,bfs_h4
_19382,aes_sbox_us00,main_sbox,bfs_h4
_19383,aes_key_expand_128_u0/aes_sbox_u0,kexp_sbox,bfs_h5
_19384,aes_sbox_us00,main_sbox,bfs_h4
_19385,aes_key_expand_128_u0,key_expand,bfs_h3
_19386,aes_sbox_us00,main_sbox,bfs_h4
_19387,aes_sbox_us00,main_sbox,bfs_h3
_19388,aes_key_expand_128_u0/aes_sbox_u0,kexp_sbox,bfs_h5
_19389,aes_sbox_us00,main_sbox,bfs_h5
_19390,aes_sbox_us00,main_sbox,bfs_h5
_19391,aes_sbox_us00,main_sbox,bfs_h4
_19392,aes_sbox_us00,main_sbox,bfs_h4
_19393,aes_sbox_us00,main_sbox,bfs_h5
_19394,aes_key_expand_128_u0/aes_sbox_u0,kexp_sbox,bfs_h5
_19395,aes_sbox_us00,main_sbox,bfs_h5
_19396,aes_key_expand_128_u0/aes_sbox_u0,kexp_sbox,bfs_h4
_19397,aes_sbox_us00,main_sbox,bfs_h5
_19398,aes_sbox_us00,main_sbox,bfs_h5
_19399,aes_sbox_us00,main_sbox,bfs_h4
_19400,aes_sbox_us00,main_sbox,bfs_h3
_19401,aes_sbox_us00,main_sbox,bfs_h2
_19402,aes_sbox_us00,main_sbox,bfs_h1
_19403,aes_key_expand_128_u0/aes_sbox_u0,kexp_sbox,bfs_h4
_19404,aes_sbox_us00,main_sbox,bfs_h4
_19405,aes_sbox_us00,main_sbox,bfs_h3
_19406,aes_sbox_us00,main_sbox,bfs_h4
_19407,aes_sbox_us00,main_sbox,bfs_h4
_19408,aes_sbox_us00,main_sbox,bfs_h5
_19409,aes_sbox_us00,main_sbox,bfs_h4
_19410,aes_sbox_us00,main_sbox,bfs_h5
_19411,aes_sbox_us00,main_sbox,bfs_h4
_19412,aes_sbox_us00,main_sbox,bfs_h3
_19413,aes_sbox_us00,main_sbox,bfs_h2
_19414,aes_sbox_us00,main_sbox,bfs_h4
_19415,aes_sbox_us00,main_sbox,bfs_h5
_19416,aes_sbox_us00,main_sbox,bfs_h4
_19417,aes_sbox_us00,main_sbox,bfs_h4
_19418,aes_sbox_us00,main_sbox,bfs_h3
_19419,aes_sbox_us00,main_sbox,bfs_h4
_19420,aes_sbox_us00,main_sbox,bfs_h5
_19421,aes_sbox_us00,main_sbox,bfs_h4
_19422,aes_sbox_us00,main_sbox,bfs_h3
_19423,aes_sbox_us00,main_sbox,bfs_h2
_19424,aes_sbox_us00,main_sbox,bfs_h3
_19425,aes_sbox_us00,main_sbox,bfs_h5
_19426,aes_sbox_us00,main_sbox,bfs_h4
_19427,aes_sbox_us00,main_sbox,bfs_h3
_19428,aes_key_expand_128_u0/aes_sbox_u0,kexp_sbox,bfs_h5
_19429,aes_sbox_us00,main_sbox,bfs_h5
_19430,aes_sbox_us00,main_sbox,bfs_h5
_19431,aes_sbox_us00,main_sbox,bfs_h5
_19432,aes_key_expand_128_u0/aes_sbox_u0,kexp_sbox,bfs_h5
_19433,aes_sbox_us00,main_sbox,bfs_h5
_19434,aes_key_expand_128_u0,key_expand,bfs_h3
_19435,aes_sbox_us00,main_sbox,bfs_h2
_19436,aes_sbox_us00,main_sbox,bfs_h5
_19437,aes_sbox_us00,main_sbox,bfs_h4
_19438,aes_sbox_us00,main_sbox,bfs_h5
_19439,aes_sbox_us00,main_sbox,bfs_h5
_19440,aes_sbox_us00,main_sbox,bfs_h5
_19441,aes_sbox_us00,main_sbox,bfs_h4
_19442,aes_sbox_us00,main_sbox,bfs_h3
_19443,aes_sbox_us00,main_sbox,bfs_h5
_19444,aes_sbox_us00,main_sbox,bfs_h5
_19445,aes_sbox_us00,main_sbox,bfs_h4
_19446,aes_sbox_us00,main_sbox,bfs_h4
_19447,aes_sbox_us00,main_sbox,bfs_h4
_19448,aes_sbox_us00,main_sbox,bfs_h3
_19449,aes_sbox_us00,main_sbox,bfs_h3
_19450,aes_sbox_us00,main_sbox,bfs_h2
_19451,aes_sbox_us00,main_sbox,bfs_h1
_19452,aes_sbox_us00,main_sbox,bfs_h5
_19453,aes_sbox_us00,main_sbox,bfs_h4
_19454,aes_sbox_us00,main_sbox,bfs_h5
_19455,aes_sbox_us00,main_sbox,bfs_h5
_19456,aes_sbox_us00,main_sbox,bfs_h4
_19457,aes_sbox_us00,main_sbox,bfs_h3
_19458,aes_sbox_us00,main_sbox,bfs_h4
_19459,aes_sbox_us00,main_sbox,bfs_h3
_19460,aes_sbox_us00,main_sbox,bfs_h5
_19461,aes_sbox_us00,main_sbox,bfs_h5
_19462,aes_sbox_us00,main_sbox,bfs_h4
_19463,aes_sbox_us00,main_sbox,bfs_h3
_19464,aes_sbox_us00,main_sbox,bfs_h2
_19465,aes_sbox_us00,main_sbox,bfs_h4
_19466,aes_sbox_us00,main_sbox,bfs_h4
_19467,aes_sbox_us00,main_sbox,bfs_h4
_19468,aes_sbox_us00,main_sbox,bfs_h3
_19469,aes_key_expand_128_u0/aes_sbox_u0,kexp_sbox,bfs_h4
_19470,aes_sbox_us00,main_sbox,bfs_h5
_19471,aes_sbox_us00,main_sbox,bfs_h5
_19472,aes_sbox_us00,main_sbox,bfs_h4
_19473,aes_sbox_us00,main_sbox,bfs_h5
_19474,aes_sbox_us00,main_sbox,bfs_h4
_19475,aes_sbox_us00,main_sbox,bfs_h3
_19476,aes_sbox_us00,main_sbox,bfs_h3
_19477,aes_sbox_us00,main_sbox,bfs_h2
_19478,aes_sbox_us00,main_sbox,bfs_h5
_19479,aes_key_expand_128_u0/aes_sbox_u0,kexp_sbox,bfs_h4
_19480,aes_sbox_us00,main_sbox,bfs_h4
_19481,aes_sbox_us00,main_sbox,bfs_h4
_19482,aes_sbox_us00,main_sbox,bfs_h4
_19483,aes_sbox_us00,main_sbox,bfs_h3
_19484,aes_sbox_us00,main_sbox,bfs_h3
_19485,aes_sbox_us00,main_sbox,bfs_h5
_19486,aes_sbox_us00,main_sbox,bfs_h4
_19487,aes_sbox_us00,main_sbox,bfs_h4
_19488,aes_sbox_us00,main_sbox,bfs_h4
_19489,aes_sbox_us00,main_sbox,bfs_h4
_19490,aes_sbox_us00,main_sbox,bfs_h3
_19491,aes_sbox_us00,main_sbox,bfs_h3
_19492,aes_sbox_us00,main_sbox,bfs_h2
_19493,aes_sbox_us00,main_sbox,bfs_h4
_19494,aes_sbox_us00,main_sbox,bfs_h4
_19495,aes_sbox_us00,main_sbox,bfs_h4
_19496,aes_sbox_us00,main_sbox,bfs_h3
_19497,aes_sbox_us00,main_sbox,bfs_h5
_19498,aes_sbox_us00,main_sbox,bfs_h4
_19499,aes_key_expand_128_u0/aes_sbox_u0,kexp_sbox,bfs_h5
_19500,aes_key_expand_128_u0/aes_sbox_u0,kexp_sbox,bfs_h5
_19501,aes_key_expand_128_u0/aes_sbox_u0,kexp_sbox,bfs_h4
_19502,aes_key_expand_128_u0,key_expand,bfs_h3
_19503,aes_sbox_us00,main_sbox,bfs_h3
_19504,aes_sbox_us00,main_sbox,bfs_h2
_19505,aes_sbox_us00,main_sbox,bfs_h1
_19506,aes_sbox_us00,main_sbox,bfs_h5
_19507,aes_sbox_us00,main_sbox,bfs_h5
_19508,aes_sbox_us00,main_sbox,bfs_h5
_19509,aes_key_expand_128_u0/aes_sbox_u0,kexp_sbox,bfs_h5
_19510,aes_sbox_us00,main_sbox,bfs_h5
_19511,aes_sbox_us00,main_sbox,bfs_h4
_19512,aes_sbox_us00,main_sbox,bfs_h5
_19513,aes_sbox_us00,main_sbox,bfs_h4
_19514,aes_sbox_us00,main_sbox,bfs_h4
_19515,aes_sbox_us00,main_sbox,bfs_h3
_19516,aes_sbox_us00,main_sbox,bfs_h5
_19517,aes_sbox_us00,main_sbox,bfs_h5
_19518,aes_sbox_us00,main_sbox,bfs_h4
_19519,aes_sbox_us00,main_sbox,bfs_h5
_19520,aes_key_expand_128_u0/aes_sbox_u0,kexp_sbox,bfs_h4
_19521,aes_key_expand_128_u0/aes_sbox_u0,kexp_sbox,bfs_h5
_19522,aes_sbox_us00,main_sbox,bfs_h5
_19523,aes_key_expand_128_u0/aes_sbox_u0,kexp_sbox,bfs_h5
_19524,aes_key_expand_128_u0/aes_sbox_u0,kexp_sbox,bfs_h5
_19525,aes_sbox_us00,main_sbox,bfs_h5
_19526,aes_sbox_us00,main_sbox,bfs_h6
_19527,aes_key_expand_128_u0,key_expand,bfs_h3
_19528,aes_sbox_us00,main_sbox,bfs_h2
_19529,aes_sbox_us00,main_sbox,bfs_h5
_19530,aes_key_expand_128_u0/aes_sbox_u0,kexp_sbox,bfs_h4
_19531,aes_sbox_us00,main_sbox,bfs_h5
_19532,aes_sbox_us00,main_sbox,bfs_h5
_19533,aes_key_expand_128_u0/aes_sbox_u0,kexp_sbox,bfs_h5
_19534,aes_sbox_us00,main_sbox,bfs_h4
_19535,aes_sbox_us00,main_sbox,bfs_h4
_19536,aes_sbox_us00,main_sbox,bfs_h5
_19537,aes_sbox_us00,main_sbox,bfs_h5
_19538,aes_sbox_us00,main_sbox,bfs_h4
_19539,aes_sbox_us00,main_sbox,bfs_h5
_19540,aes_sbox_us00,main_sbox,bfs_h4
_19541,aes_sbox_us00,main_sbox,bfs_h3
_19542,aes_sbox_us00,main_sbox,bfs_h5
_19543,aes_sbox_us00,main_sbox,bfs_h5
_19544,aes_sbox_us00,main_sbox,bfs_h5
_19545,aes_sbox_us00,main_sbox,bfs_h6
_19546,aes_key_expand_128_u0/aes_sbox_u0,kexp_sbox,bfs_h5
_19547,aes_sbox_us00,main_sbox,bfs_h5
_19548,aes_sbox_us00,main_sbox,bfs_h5
_19549,aes_sbox_us00,main_sbox,bfs_h4
_19550,aes_sbox_us00,main_sbox,bfs_h5
_19551,aes_sbox_us00,main_sbox,bfs_h5
_19552,aes_sbox_us00,main_sbox,bfs_h5
_19553,aes_sbox_us00,main_sbox,bfs_h5
_19554,aes_sbox_us00,main_sbox,bfs_h5
_19555,aes_sbox_us00,main_sbox,bfs_h5
_19556,aes_sbox_us00,main_sbox,bfs_h4
_19557,aes_sbox_us00,main_sbox,bfs_h4
_19558,aes_sbox_us00,main_sbox,bfs_h3
_19559,aes_sbox_us00,main_sbox,bfs_h2
_19560,aes_sbox_us00,main_sbox,bfs_h1
_19561,aes_sbox_us00,main_sbox,bfs_h4
_19562,aes_sbox_us00,main_sbox,bfs_h4
_19563,aes_sbox_us00,main_sbox,bfs_h5
_19564,aes_sbox_us00,main_sbox,bfs_h4
_19565,aes_sbox_us00,main_sbox,bfs_h3
_19566,aes_sbox_us00,main_sbox,bfs_h4
_19567,aes_sbox_us00,main_sbox,bfs_h5
_19568,aes_sbox_us00,main_sbox,bfs_h4
_19569,aes_sbox_us00,main_sbox,bfs_h3
_19570,aes_sbox_us00,main_sbox,bfs_h2
_19571,aes_sbox_us00,main_sbox,bfs_h5
_19572,aes_sbox_us00,main_sbox,bfs_h4
_19573,aes_sbox_us00,main_sbox,bfs_h4
_19574,aes_sbox_us00,main_sbox,bfs_h4
_19575,aes_sbox_us00,main_sbox,bfs_h3
_19576,aes_sbox_us00,main_sbox,bfs_h5
_19577,aes_sbox_us00,main_sbox,bfs_h4
_19578,aes_sbox_us00,main_sbox,bfs_h5
_19579,aes_sbox_us00,main_sbox,bfs_h4
_19580,aes_sbox_us00,main_sbox,bfs_h3
_19581,aes_sbox_us00,main_sbox,bfs_h2
_19582,aes_sbox_us00,main_sbox,bfs_h5
_19583,aes_sbox_us00,main_sbox,bfs_h5
_19584,aes_key_expand_128_u0/aes_sbox_u0,kexp_sbox,bfs_h5
_19585,aes_sbox_us00,main_sbox,bfs_h5
_19586,aes_sbox_us00,main_sbox,bfs_h4
_19587,aes_sbox_us00,main_sbox,bfs_h5
_19588,aes_sbox_us00,main_sbox,bfs_h5
_19589,aes_sbox_us00,main_sbox,bfs_h4
_19590,aes_sbox_us00,main_sbox,bfs_h5
_19591,aes_key_expand_128_u0/aes_sbox_u0,kexp_sbox,bfs_h5
_19592,aes_sbox_us00,main_sbox,bfs_h4
_19593,aes_key_expand_128_u0,key_expand,bfs_h3
_19594,aes_sbox_us00,main_sbox,bfs_h3
_19595,aes_key_expand_128_u0/aes_sbox_u0,kexp_sbox,bfs_h5
_19596,aes_sbox_us00,main_sbox,bfs_h5
_19597,aes_key_expand_128_u0/aes_sbox_u0,kexp_sbox,bfs_h5
_19598,aes_sbox_us00,main_sbox,bfs_h5
_19599,aes_sbox_us00,main_sbox,bfs_h4
_19600,aes_key_expand_128_u0/aes_sbox_u0,kexp_sbox,bfs_h5
_19601,aes_sbox_us00,main_sbox,bfs_h5
_19602,aes_sbox_us00,main_sbox,bfs_h5
_19603,aes_sbox_us00,main_sbox,bfs_h5
_19604,aes_sbox_us00,main_sbox,bfs_h5
_19605,aes_sbox_us00,main_sbox,bfs_h4
_19606,aes_sbox_us00,main_sbox,bfs_h3
_19607,aes_sbox_us00,main_sbox,bfs_h2
_19608,aes_sbox_us00,main_sbox,bfs_h1
_19609,aes_cipher_top,top,bfs_h2
_19610,aes_sbox_us01,main_sbox,bfs_h2
_19611,aes_sbox_us11,main_sbox,bfs_h1
_19612,aes_sbox_us11,main_sbox,bfs_h2
_19613,aes_sbox_us11,main_sbox,bfs_h1
_19614,aes_sbox_us11,main_sbox,bfs_h2
_19615,aes_sbox_us11,main_sbox,bfs_h3
_19616,aes_cipher_top,top,bfs_h3
_19617,aes_cipher_top,top,bfs_h3
_19618,aes_cipher_top,top,bfs_h2
_19619,aes_sbox_us11,main_sbox,bfs_h3
_19620,aes_cipher_top,top,bfs_h3
_19621,aes_sbox_us11,main_sbox,bfs_h3
_19622,aes_cipher_top,top,bfs_h3
_19623,aes_cipher_top,top,bfs_h4
_19624,aes_cipher_top,top,bfs_h5
_19625,aes_sbox_us31,main_sbox,bfs_h2
_19626,aes_sbox_us01,main_sbox,bfs_h2
_19627,aes_sbox_us31,main_sbox,bfs_h3
_19628,aes_sbox_us01,main_sbox,bfs_h2
_19629,aes_sbox_us31,main_sbox,bfs_h2
_19630,aes_sbox_us11,main_sbox,bfs_h1
_19631,aes_sbox_us11,main_sbox,bfs_h2
_19632,aes_sbox_us11,main_sbox,bfs_h3
_19633,aes_sbox_us31,main_sbox,bfs_h2
_19634,aes_sbox_us31,main_sbox,bfs_h3
_19635,aes_sbox_us11,main_sbox,bfs_h2
_19636,aes_cipher_top,top,bfs_h3
_19637,aes_cipher_top,top,bfs_h2
_19638,aes_key_expand_128_u0,key_expand,bfs_h3
_19639,aes_cipher_top,top,bfs_h4
_19640,aes_cipher_top,top,bfs_h4
_19641,aes_cipher_top,top,bfs_h5
_19642,aes_cipher_top,top,bfs_h5
_19643,aes_sbox_us11,main_sbox,bfs_h2
_19644,aes_sbox_us11,main_sbox,bfs_h1
_19645,aes_sbox_us11,main_sbox,bfs_h2
_19646,aes_sbox_us11,main_sbox,bfs_h1
_19647,aes_sbox_us11,main_sbox,bfs_h2
_19648,aes_sbox_us21,main_sbox,bfs_h2
_19649,aes_sbox_us11,main_sbox,bfs_h3
_19650,aes_sbox_us11,main_sbox,bfs_h2
_19651,aes_sbox_us11,main_sbox,bfs_h2
_19652,aes_sbox_us21,main_sbox,bfs_h2
_19653,aes_sbox_us11,main_sbox,bfs_h3
_19654,aes_cipher_top,top,bfs_h3
_19655,aes_cipher_top,top,bfs_h2
_19656,aes_cipher_top,top,bfs_h3
_19657,aes_cipher_top,top,bfs_h3
_19658,aes_cipher_top,top,bfs_h3
_19659,aes_cipher_top,top,bfs_h4
_19660,aes_cipher_top,top,bfs_h5
_19661,aes_key_expand_128_u0,key_expand,bfs_h2
_19662,aes_key_expand_128_u0,key_expand,bfs_h2
_19663,aes_cipher_top,top,bfs_h6
_19664,aes_cipher_top,top,bfs_h5
_19665,aes_cipher_top,top,bfs_h4
_19666,aes_cipher_top,top,bfs_h3
_19667,aes_cipher_top,top,bfs_h4
_19668,aes_cipher_top,top,bfs_h4
_19669,aes_cipher_top,top,bfs_h5
_19670,aes_cipher_top,top,bfs_h5
_19671,aes_cipher_top,top,bfs_h5
_19672,aes_sbox_us01,main_sbox,bfs_h5
_19673,aes_sbox_us01,main_sbox,bfs_h1
_19674,aes_sbox_us11,main_sbox,bfs_h1
_19675,aes_sbox_us31,main_sbox,bfs_h1
_19676,aes_sbox_us01,main_sbox,bfs_h2
_19677,aes_cipher_top,top,bfs_h3
_19678,aes_cipher_top,top,bfs_h3
_19679,aes_cipher_top,top,bfs_h3
_19680,aes_cipher_top,top,bfs_h3
_19681,aes_cipher_top,top,bfs_h2
_19682,aes_cipher_top,top,bfs_h3
_19683,aes_key_expand_128_u0,key_expand,bfs_h2
_19684,aes_sbox_us01,main_sbox,bfs_h4
_19685,aes_sbox_us01,main_sbox,bfs_h3
_19686,aes_cipher_top,top,bfs_h5
_19687,aes_sbox_us01,main_sbox,bfs_h2
_19688,aes_sbox_us11,main_sbox,bfs_h1
_19689,aes_sbox_us21,main_sbox,bfs_h1
_19690,aes_sbox_us11,main_sbox,bfs_h2
_19691,aes_sbox_us01,main_sbox,bfs_h2
_19692,aes_sbox_us11,main_sbox,bfs_h2
_19693,aes_sbox_us11,main_sbox,bfs_h2
_19694,aes_cipher_top,top,bfs_h2
_19695,aes_key_expand_128_u0,key_expand,bfs_h3
_19696,aes_key_expand_128_u0,key_expand,bfs_h2
_19697,aes_sbox_us01,main_sbox,bfs_h6
_19698,aes_sbox_us01,main_sbox,bfs_h5
_19699,aes_sbox_us01,main_sbox,bfs_h1
_19700,aes_sbox_us11,main_sbox,bfs_h1
_19701,aes_sbox_us11,main_sbox,bfs_h1
_19702,aes_sbox_us21,main_sbox,bfs_h1
_19703,aes_sbox_us11,main_sbox,bfs_h2
_19704,aes_sbox_us11,main_sbox,bfs_h2
_19705,aes_sbox_us11,main_sbox,bfs_h2
_19706,aes_cipher_top,top,bfs_h2
_19707,aes_cipher_top,top,bfs_h3
_19708,aes_sbox_us11,main_sbox,bfs_h3
_19709,aes_key_expand_128_u0,key_expand,bfs_h2
_19710,aes_sbox_us01,main_sbox,bfs_h5
_19711,aes_sbox_us01,main_sbox,bfs_h5
_19712,aes_sbox_us01,main_sbox,bfs_h5
_19713,aes_cipher_top,top,bfs_h4
_19714,aes_cipher_top,top,bfs_h4
_19715,aes_cipher_top,top,bfs_h6
_19716,aes_cipher_top,top,bfs_h5
_19717,aes_sbox_us01,main_sbox,bfs_h6
_19718,aes_sbox_us01,main_sbox,bfs_h5
_19719,aes_cipher_top,top,bfs_h5
_19720,aes_cipher_top,top,bfs_h4
_19721,aes_sbox_us01,main_sbox,bfs_h5
_19722,aes_sbox_us01,main_sbox,bfs_h1
_19723,aes_sbox_us11,main_sbox,bfs_h1
_19724,aes_sbox_us31,main_sbox,bfs_h1
_19725,aes_sbox_us01,main_sbox,bfs_h2
_19726,aes_sbox_us01,main_sbox,bfs_h1
_19727,aes_sbox_us31,main_sbox,bfs_h1
_19728,aes_sbox_us31,main_sbox,bfs_h2
_19729,aes_sbox_us01,main_sbox,bfs_h2
_19730,aes_cipher_top,top,bfs_h3
_19731,aes_cipher_top,top,bfs_h3
_19732,aes_cipher_top,top,bfs_h3
_19733,aes_key_expand_128_u0,key_expand,bfs_h2
_19734,aes_cipher_top,top,bfs_h2
_19735,aes_key_expand_128_u0,key_expand,bfs_h3
_19736,aes_cipher_top,top,bfs_h4
_19737,aes_cipher_top,top,bfs_h4
_19738,aes_cipher_top,top,bfs_h5
_19739,aes_sbox_us01,main_sbox,bfs_h5
_19740,aes_sbox_us01,main_sbox,bfs_h4
_19741,aes_sbox_us01,main_sbox,bfs_h4
_19742,aes_key_expand_128_u0,key_expand,bfs_h2
_19743,aes_sbox_us01,main_sbox,bfs_h5
_19744,aes_sbox_us01,main_sbox,bfs_h5
_19745,aes_sbox_us01,main_sbox,bfs_h4
_19746,aes_cipher_top,top,bfs_h5
_19747,aes_key_expand_128_u0,key_expand,bfs_h2
_19748,aes_sbox_us01,main_sbox,bfs_h6
_19749,aes_sbox_us01,main_sbox,bfs_h5
_19750,aes_sbox_us01,main_sbox,bfs_h5
_19751,aes_sbox_us01,main_sbox,bfs_h6
_19752,aes_cipher_top,top,bfs_h5
_19753,aes_cipher_top,top,bfs_h6
_19754,aes_sbox_us01,main_sbox,bfs_h5
_19755,aes_sbox_us01,main_sbox,bfs_h5
_19756,aes_sbox_us01,main_sbox,bfs_h4
_19757,aes_sbox_us01,main_sbox,bfs_h6
_19758,aes_sbox_us01,main_sbox,bfs_h5
_19759,aes_cipher_top,top,bfs_h6
_19760,aes_cipher_top,top,bfs_h5
_19761,aes_sbox_us01,main_sbox,bfs_h5
_19762,aes_cipher_top,top,bfs_h5
_19763,aes_sbox_us01,main_sbox,bfs_h6
_19764,aes_sbox_us01,main_sbox,bfs_h5
_19765,aes_sbox_us01,main_sbox,bfs_h5
_19766,aes_sbox_us01,main_sbox,bfs_h5
_19767,aes_cipher_top,top,bfs_h5
_19768,aes_cipher_top,top,bfs_h5
_19769,aes_cipher_top,top,bfs_h5
_19770,aes_cipher_top,top,bfs_h3
_19771,aes_cipher_top,top,bfs_h3
_19772,aes_cipher_top,top,bfs_h4
_19773,aes_sbox_us01,main_sbox,bfs_h5
_19774,aes_sbox_us01,main_sbox,bfs_h5
_19775,aes_sbox_us01,main_sbox,bfs_h4
_19776,aes_cipher_top,top,bfs_h4
_19777,aes_cipher_top,top,bfs_h5
_19778,aes_sbox_us01,main_sbox,bfs_h6
_19779,aes_sbox_us01,main_sbox,bfs_h5
_19780,aes_sbox_us01,main_sbox,bfs_h5
_19781,aes_sbox_us01,main_sbox,bfs_h4
_19782,aes_sbox_us01,main_sbox,bfs_h3
_19783,aes_sbox_us01,main_sbox,bfs_h1
_19784,aes_sbox_us31,main_sbox,bfs_h2
_19785,aes_sbox_us01,main_sbox,bfs_h2
_19786,aes_sbox_us21,main_sbox,bfs_h2
_19787,aes_sbox_us01,main_sbox,bfs_h3
_19788,aes_cipher_top,top,bfs_h2
_19789,aes_cipher_top,top,bfs_h3
_19790,aes_key_expand_128_u0,key_expand,bfs_h2
_19791,aes_sbox_us01,main_sbox,bfs_h2
_19792,aes_sbox_us01,main_sbox,bfs_h2
_19793,aes_key_expand_128_u0,key_expand,bfs_h2
_19794,aes_key_expand_128_u0,key_expand,bfs_h2
_19795,aes_sbox_us01,main_sbox,bfs_h4
_19796,aes_sbox_us01,main_sbox,bfs_h3
_19797,aes_sbox_us01,main_sbox,bfs_h6
_19798,aes_sbox_us01,main_sbox,bfs_h5
_19799,aes_cipher_top,top,bfs_h5
_19800,aes_sbox_us01,main_sbox,bfs_h5
_19801,aes_sbox_us01,main_sbox,bfs_h4
_19802,aes_sbox_us01,main_sbox,bfs_h3
_19803,aes_cipher_top,top,bfs_h5
_19804,aes_cipher_top,top,bfs_h5
_19805,aes_cipher_top,top,bfs_h5
_19806,aes_cipher_top,top,bfs_h5
_19807,aes_cipher_top,top,bfs_h6
_19808,aes_cipher_top,top,bfs_h5
_19809,aes_sbox_us01,main_sbox,bfs_h5
_19810,aes_sbox_us01,main_sbox,bfs_h5
_19811,aes_sbox_us01,main_sbox,bfs_h4
_19812,aes_sbox_us01,main_sbox,bfs_h5
_19813,aes_sbox_us01,main_sbox,bfs_h4
_19814,aes_cipher_top,top,bfs_h5
_19815,aes_cipher_top,top,bfs_h4
_19816,aes_cipher_top,top,bfs_h5
_19817,aes_sbox_us01,main_sbox,bfs_h5
_19818,aes_sbox_us01,main_sbox,bfs_h5
_19819,aes_sbox_us01,main_sbox,bfs_h5
_19820,aes_cipher_top,top,bfs_h5
_19821,aes_sbox_us01,main_sbox,bfs_h6
_19822,aes_sbox_us01,main_sbox,bfs_h5
_19823,aes_cipher_top,top,bfs_h5
_19824,aes_sbox_us01,main_sbox,bfs_h5
_19825,aes_sbox_us01,main_sbox,bfs_h4
_19826,aes_sbox_us01,main_sbox,bfs_h5
_19827,aes_sbox_us01,main_sbox,bfs_h5
_19828,aes_sbox_us01,main_sbox,bfs_h5
_19829,aes_sbox_us01,main_sbox,bfs_h5
_19830,aes_sbox_us01,main_sbox,bfs_h4
_19831,aes_sbox_us01,main_sbox,bfs_h3
_19832,aes_sbox_us01,main_sbox,bfs_h4
_19833,aes_sbox_us01,main_sbox,bfs_h3
_19834,aes_sbox_us01,main_sbox,bfs_h2
_19835,aes_sbox_us01,main_sbox,bfs_h6
_19836,aes_sbox_us01,main_sbox,bfs_h5
_19837,aes_cipher_top,top,bfs_h5
_19838,aes_sbox_us01,main_sbox,bfs_h5
_19839,aes_cipher_top,top,bfs_h5
_19840,aes_sbox_us01,main_sbox,bfs_h6
_19841,aes_sbox_us01,main_sbox,bfs_h5
_19842,aes_sbox_us01,main_sbox,bfs_h4
_19843,aes_sbox_us01,main_sbox,bfs_h3
_19844,aes_sbox_us01,main_sbox,bfs_h5
_19845,aes_sbox_us01,main_sbox,bfs_h5
_19846,aes_sbox_us01,main_sbox,bfs_h5
_19847,aes_sbox_us01,main_sbox,bfs_h6
_19848,aes_sbox_us01,main_sbox,bfs_h5
_19849,aes_sbox_us01,main_sbox,bfs_h5
_19850,aes_sbox_us01,main_sbox,bfs_h4
_19851,aes_sbox_us01,main_sbox,bfs_h3
_19852,aes_sbox_us01,main_sbox,bfs_h4
_19853,aes_cipher_top,top,bfs_h5
_19854,aes_sbox_us01,main_sbox,bfs_h5
_19855,aes_sbox_us01,main_sbox,bfs_h5
_19856,aes_cipher_top,top,bfs_h5
_19857,aes_cipher_top,top,bfs_h5
_19858,aes_sbox_us01,main_sbox,bfs_h5
_19859,aes_sbox_us01,main_sbox,bfs_h4
_19860,aes_cipher_top,top,bfs_h4
_19861,aes_cipher_top,top,bfs_h4
_19862,aes_cipher_top,top,bfs_h5
_19863,aes_sbox_us01,main_sbox,bfs_h6
_19864,aes_cipher_top,top,bfs_h5
_19865,aes_sbox_us01,main_sbox,bfs_h5
_19866,aes_sbox_us01,main_sbox,bfs_h5
_19867,aes_cipher_top,top,bfs_h5
_19868,aes_sbox_us01,main_sbox,bfs_h6
_19869,aes_sbox_us01,main_sbox,bfs_h5
_19870,aes_sbox_us01,main_sbox,bfs_h4
_19871,aes_sbox_us01,main_sbox,bfs_h3
_19872,aes_sbox_us01,main_sbox,bfs_h2
_19873,aes_cipher_top,top,bfs_h6
_19874,aes_cipher_top,top,bfs_h5
_19875,aes_sbox_us01,main_sbox,bfs_h5
_19876,aes_sbox_us01,main_sbox,bfs_h5
_19877,aes_sbox_us01,main_sbox,bfs_h5
_19878,aes_cipher_top,top,bfs_h5
_19879,aes_sbox_us01,main_sbox,bfs_h5
_19880,aes_cipher_top,top,bfs_h5
_19881,aes_sbox_us01,main_sbox,bfs_h5
_19882,aes_sbox_us01,main_sbox,bfs_h4
_19883,aes_sbox_us01,main_sbox,bfs_h4
_19884,aes_cipher_top,top,bfs_h4
_19885,aes_cipher_top,top,bfs_h5
_19886,aes_sbox_us01,main_sbox,bfs_h5
_19887,aes_cipher_top,top,bfs_h4
_19888,aes_sbox_us01,main_sbox,bfs_h5
_19889,aes_sbox_us01,main_sbox,bfs_h4
_19890,aes_sbox_us01,main_sbox,bfs_h3
_19891,aes_sbox_us01,main_sbox,bfs_h5
_19892,aes_sbox_us01,main_sbox,bfs_h5
_19893,aes_sbox_us01,main_sbox,bfs_h5
_19894,aes_sbox_us01,main_sbox,bfs_h4
_19895,aes_cipher_top,top,bfs_h5
_19896,aes_sbox_us01,main_sbox,bfs_h5
_19897,aes_sbox_us01,main_sbox,bfs_h5
_19898,aes_sbox_us01,main_sbox,bfs_h5
_19899,aes_sbox_us01,main_sbox,bfs_h5
_19900,aes_cipher_top,top,bfs_h5
_19901,aes_sbox_us01,main_sbox,bfs_h5
_19902,aes_sbox_us01,main_sbox,bfs_h5
_19903,aes_sbox_us01,main_sbox,bfs_h4
_19904,aes_sbox_us01,main_sbox,bfs_h3
_19905,aes_sbox_us01,main_sbox,bfs_h2
_19906,aes_sbox_us01,main_sbox,bfs_h1
_19907,aes_sbox_us01,main_sbox,bfs_h4
_19908,aes_sbox_us01,main_sbox,bfs_h4
_19909,aes_sbox_us01,main_sbox,bfs_h3
_19910,aes_cipher_top,top,bfs_h5
_19911,aes_cipher_top,top,bfs_h6
_19912,aes_cipher_top,top,bfs_h5
_19913,aes_sbox_us01,main_sbox,bfs_h5
_19914,aes_sbox_us01,main_sbox,bfs_h4
_19915,aes_sbox_us01,main_sbox,bfs_h3
_19916,aes_cipher_top,top,bfs_h5
_19917,aes_sbox_us01,main_sbox,bfs_h5
_19918,aes_sbox_us01,main_sbox,bfs_h5
_19919,aes_sbox_us01,main_sbox,bfs_h4
_19920,aes_cipher_top,top,bfs_h5
_19921,aes_cipher_top,top,bfs_h5
_19922,aes_sbox_us01,main_sbox,bfs_h5
_19923,aes_sbox_us01,main_sbox,bfs_h5
_19924,aes_cipher_top,top,bfs_h5
_19925,aes_sbox_us01,main_sbox,bfs_h5
_19926,aes_sbox_us01,main_sbox,bfs_h4
_19927,aes_sbox_us01,main_sbox,bfs_h3
_19928,aes_sbox_us01,main_sbox,bfs_h5
_19929,aes_sbox_us01,main_sbox,bfs_h5
_19930,aes_cipher_top,top,bfs_h5
_19931,aes_sbox_us01,main_sbox,bfs_h5
_19932,aes_sbox_us01,main_sbox,bfs_h4
_19933,aes_sbox_us01,main_sbox,bfs_h5
_19934,aes_cipher_top,top,bfs_h5
_19935,aes_sbox_us01,main_sbox,bfs_h5
_19936,aes_sbox_us01,main_sbox,bfs_h5
_19937,aes_sbox_us01,main_sbox,bfs_h4
_19938,aes_sbox_us01,main_sbox,bfs_h3
_19939,aes_sbox_us01,main_sbox,bfs_h5
_19940,aes_sbox_us01,main_sbox,bfs_h4
_19941,aes_sbox_us01,main_sbox,bfs_h3
_19942,aes_sbox_us01,main_sbox,bfs_h5
_19943,aes_cipher_top,top,bfs_h5
_19944,aes_sbox_us01,main_sbox,bfs_h5
_19945,aes_sbox_us01,main_sbox,bfs_h4
_19946,aes_sbox_us01,main_sbox,bfs_h3
_19947,aes_sbox_us01,main_sbox,bfs_h2
_19948,aes_sbox_us01,main_sbox,bfs_h5
_19949,aes_sbox_us01,main_sbox,bfs_h5
_19950,aes_sbox_us01,main_sbox,bfs_h4
_19951,aes_cipher_top,top,bfs_h4
_19952,aes_sbox_us01,main_sbox,bfs_h5
_19953,aes_sbox_us01,main_sbox,bfs_h4
_19954,aes_cipher_top,top,bfs_h5
_19955,aes_sbox_us01,main_sbox,bfs_h6
_19956,aes_sbox_us01,main_sbox,bfs_h5
_19957,aes_sbox_us01,main_sbox,bfs_h5
_19958,aes_cipher_top,top,bfs_h5
_19959,aes_sbox_us01,main_sbox,bfs_h5
_19960,aes_sbox_us01,main_sbox,bfs_h5
_19961,aes_sbox_us01,main_sbox,bfs_h4
_19962,aes_sbox_us01,main_sbox,bfs_h4
_19963,aes_sbox_us01,main_sbox,bfs_h5
_19964,aes_sbox_us01,main_sbox,bfs_h6
_19965,aes_sbox_us01,main_sbox,bfs_h5
_19966,aes_sbox_us01,main_sbox,bfs_h5
_19967,aes_sbox_us01,main_sbox,bfs_h5
_19968,aes_sbox_us01,main_sbox,bfs_h4
_19969,aes_sbox_us01,main_sbox,bfs_h4
_19970,aes_sbox_us01,main_sbox,bfs_h3
_19971,aes_sbox_us01,main_sbox,bfs_h6
_19972,aes_cipher_top,top,bfs_h6
_19973,aes_sbox_us01,main_sbox,bfs_h5
_19974,aes_sbox_us01,main_sbox,bfs_h5
_19975,aes_sbox_us01,main_sbox,bfs_h5
_19976,aes_cipher_top,top,bfs_h5
_19977,aes_cipher_top,top,bfs_h5
_19978,aes_cipher_top,top,bfs_h5
_19979,aes_sbox_us01,main_sbox,bfs_h5
_19980,aes_sbox_us01,main_sbox,bfs_h4
_19981,aes_cipher_top,top,bfs_h5
_19982,aes_sbox_us01,main_sbox,bfs_h6
_19983,aes_cipher_top,top,bfs_h5
_19984,aes_sbox_us01,main_sbox,bfs_h5
_19985,aes_sbox_us01,main_sbox,bfs_h5
_19986,aes_sbox_us01,main_sbox,bfs_h5
_19987,aes_sbox_us01,main_sbox,bfs_h5
_19988,aes_sbox_us01,main_sbox,bfs_h4
_19989,aes_sbox_us01,main_sbox,bfs_h4
_19990,aes_sbox_us01,main_sbox,bfs_h3
_19991,aes_sbox_us01,main_sbox,bfs_h2
_19992,aes_sbox_us01,main_sbox,bfs_h1
_19993,aes_sbox_us01,main_sbox,bfs_h4
_19994,aes_sbox_us01,main_sbox,bfs_h4
_19995,aes_sbox_us01,main_sbox,bfs_h5
_19996,aes_sbox_us01,main_sbox,bfs_h5
_19997,aes_sbox_us01,main_sbox,bfs_h5
_19998,aes_sbox_us01,main_sbox,bfs_h4
_19999,aes_sbox_us01,main_sbox,bfs_h3
_20000,aes_sbox_us01,main_sbox,bfs_h5
_20001,aes_sbox_us01,main_sbox,bfs_h5
_20002,aes_sbox_us01,main_sbox,bfs_h5
_20003,aes_sbox_us01,main_sbox,bfs_h4
_20004,aes_sbox_us01,main_sbox,bfs_h5
_20005,aes_sbox_us01,main_sbox,bfs_h5
_20006,aes_sbox_us01,main_sbox,bfs_h5
_20007,aes_sbox_us01,main_sbox,bfs_h4
_20008,aes_sbox_us01,main_sbox,bfs_h3
_20009,aes_sbox_us01,main_sbox,bfs_h2
_20010,aes_sbox_us01,main_sbox,bfs_h6
_20011,aes_sbox_us01,main_sbox,bfs_h5
_20012,aes_sbox_us01,main_sbox,bfs_h5
_20013,aes_sbox_us01,main_sbox,bfs_h4
_20014,aes_cipher_top,top,bfs_h5
_20015,aes_sbox_us01,main_sbox,bfs_h6
_20016,aes_cipher_top,top,bfs_h5
_20017,aes_cipher_top,top,bfs_h5
_20018,aes_sbox_us01,main_sbox,bfs_h6
_20019,aes_sbox_us01,main_sbox,bfs_h5
_20020,aes_sbox_us01,main_sbox,bfs_h5
_20021,aes_sbox_us01,main_sbox,bfs_h4
_20022,aes_sbox_us01,main_sbox,bfs_h5
_20023,aes_sbox_us01,main_sbox,bfs_h5
_20024,aes_sbox_us01,main_sbox,bfs_h4
_20025,aes_sbox_us01,main_sbox,bfs_h6
_20026,aes_sbox_us01,main_sbox,bfs_h5
_20027,aes_cipher_top,top,bfs_h5
_20028,aes_sbox_us01,main_sbox,bfs_h5
_20029,aes_sbox_us01,main_sbox,bfs_h4
_20030,aes_sbox_us01,main_sbox,bfs_h3
_20031,aes_sbox_us01,main_sbox,bfs_h3
_20032,aes_sbox_us01,main_sbox,bfs_h2
_20033,aes_sbox_us01,main_sbox,bfs_h5
_20034,aes_cipher_top,top,bfs_h6
_20035,aes_sbox_us01,main_sbox,bfs_h5
_20036,aes_cipher_top,top,bfs_h5
_20037,aes_sbox_us01,main_sbox,bfs_h6
_20038,aes_sbox_us01,main_sbox,bfs_h6
_20039,aes_sbox_us01,main_sbox,bfs_h5
_20040,aes_sbox_us01,main_sbox,bfs_h4
_20041,aes_cipher_top,top,bfs_h5
_20042,aes_sbox_us01,main_sbox,bfs_h5
_20043,aes_cipher_top,top,bfs_h5
_20044,aes_sbox_us01,main_sbox,bfs_h5
_20045,aes_sbox_us01,main_sbox,bfs_h5
_20046,aes_sbox_us01,main_sbox,bfs_h5
_20047,aes_cipher_top,top,bfs_h5
_20048,aes_sbox_us01,main_sbox,bfs_h5
_20049,aes_sbox_us01,main_sbox,bfs_h5
_20050,aes_sbox_us01,main_sbox,bfs_h4
_20051,aes_sbox_us01,main_sbox,bfs_h3
_20052,aes_sbox_us01,main_sbox,bfs_h5
_20053,aes_sbox_us01,main_sbox,bfs_h5
_20054,aes_sbox_us01,main_sbox,bfs_h4
_20055,aes_sbox_us01,main_sbox,bfs_h4
_20056,aes_sbox_us01,main_sbox,bfs_h6
_20057,aes_sbox_us01,main_sbox,bfs_h6
_20058,aes_sbox_us01,main_sbox,bfs_h5
_20059,aes_sbox_us01,main_sbox,bfs_h5
_20060,aes_sbox_us01,main_sbox,bfs_h4
_20061,aes_cipher_top,top,bfs_h6
_20062,aes_sbox_us01,main_sbox,bfs_h6
_20063,aes_sbox_us01,main_sbox,bfs_h6
_20064,aes_cipher_top,top,bfs_h5
_20065,aes_sbox_us01,main_sbox,bfs_h5
_20066,aes_sbox_us01,main_sbox,bfs_h5
_20067,aes_sbox_us01,main_sbox,bfs_h4
_20068,aes_sbox_us01,main_sbox,bfs_h4
_20069,aes_sbox_us01,main_sbox,bfs_h4
_20070,aes_sbox_us01,main_sbox,bfs_h3
_20071,aes_sbox_us01,main_sbox,bfs_h2
_20072,aes_sbox_us01,main_sbox,bfs_h1
_20073,aes_sbox_us01,main_sbox,bfs_h5
_20074,aes_cipher_top,top,bfs_h5
_20075,aes_sbox_us01,main_sbox,bfs_h5
_20076,aes_sbox_us01,main_sbox,bfs_h4
_20077,aes_sbox_us01,main_sbox,bfs_h5
_20078,aes_sbox_us01,main_sbox,bfs_h5
_20079,aes_sbox_us01,main_sbox,bfs_h4
_20080,aes_sbox_us01,main_sbox,bfs_h3
_20081,aes_sbox_us01,main_sbox,bfs_h5
_20082,aes_sbox_us01,main_sbox,bfs_h4
_20083,aes_sbox_us01,main_sbox,bfs_h5
_20084,aes_sbox_us01,main_sbox,bfs_h4
_20085,aes_sbox_us01,main_sbox,bfs_h3
_20086,aes_sbox_us01,main_sbox,bfs_h2
_20087,aes_sbox_us01,main_sbox,bfs_h5
_20088,aes_sbox_us01,main_sbox,bfs_h4
_20089,aes_sbox_us01,main_sbox,bfs_h4
_20090,aes_sbox_us01,main_sbox,bfs_h3
_20091,aes_sbox_us01,main_sbox,bfs_h5
_20092,aes_sbox_us01,main_sbox,bfs_h5
_20093,aes_sbox_us01,main_sbox,bfs_h5
_20094,aes_sbox_us01,main_sbox,bfs_h4
_20095,aes_sbox_us01,main_sbox,bfs_h5
_20096,aes_sbox_us01,main_sbox,bfs_h4
_20097,aes_sbox_us01,main_sbox,bfs_h3
_20098,aes_sbox_us01,main_sbox,bfs_h2
_20099,aes_sbox_us01,main_sbox,bfs_h5
_20100,aes_sbox_us01,main_sbox,bfs_h5
_20101,aes_sbox_us01,main_sbox,bfs_h4
_20102,aes_sbox_us01,main_sbox,bfs_h4
_20103,aes_sbox_us01,main_sbox,bfs_h5
_20104,aes_sbox_us01,main_sbox,bfs_h4
_20105,aes_sbox_us01,main_sbox,bfs_h3
_20106,aes_sbox_us01,main_sbox,bfs_h5
_20107,aes_sbox_us01,main_sbox,bfs_h4
_20108,aes_sbox_us01,main_sbox,bfs_h5
_20109,aes_sbox_us01,main_sbox,bfs_h4
_20110,aes_sbox_us01,main_sbox,bfs_h3
_20111,aes_sbox_us01,main_sbox,bfs_h2
_20112,aes_sbox_us01,main_sbox,bfs_h5
_20113,aes_sbox_us01,main_sbox,bfs_h4
_20114,aes_cipher_top,top,bfs_h5
_20115,aes_sbox_us01,main_sbox,bfs_h5
_20116,aes_sbox_us01,main_sbox,bfs_h5
_20117,aes_sbox_us01,main_sbox,bfs_h4
_20118,aes_sbox_us01,main_sbox,bfs_h3
_20119,aes_sbox_us01,main_sbox,bfs_h5
_20120,aes_sbox_us01,main_sbox,bfs_h4
_20121,aes_sbox_us01,main_sbox,bfs_h5
_20122,aes_sbox_us01,main_sbox,bfs_h5
_20123,aes_sbox_us01,main_sbox,bfs_h4
_20124,aes_sbox_us01,main_sbox,bfs_h3
_20125,aes_sbox_us01,main_sbox,bfs_h2
_20126,aes_sbox_us01,main_sbox,bfs_h1
_20127,aes_cipher_top,top,bfs_h5
_20128,aes_sbox_us01,main_sbox,bfs_h5
_20129,aes_sbox_us01,main_sbox,bfs_h4
_20130,aes_sbox_us01,main_sbox,bfs_h4
_20131,aes_sbox_us01,main_sbox,bfs_h3
_20132,aes_sbox_us01,main_sbox,bfs_h5
_20133,aes_sbox_us01,main_sbox,bfs_h5
_20134,aes_sbox_us01,main_sbox,bfs_h4
_20135,aes_sbox_us01,main_sbox,bfs_h5
_20136,aes_sbox_us01,main_sbox,bfs_h5
_20137,aes_sbox_us01,main_sbox,bfs_h4
_20138,aes_sbox_us01,main_sbox,bfs_h3
_20139,aes_sbox_us01,main_sbox,bfs_h2
_20140,aes_sbox_us01,main_sbox,bfs_h5
_20141,aes_sbox_us01,main_sbox,bfs_h5
_20142,aes_sbox_us01,main_sbox,bfs_h4
_20143,aes_sbox_us01,main_sbox,bfs_h4
_20144,aes_sbox_us01,main_sbox,bfs_h5
_20145,aes_sbox_us01,main_sbox,bfs_h5
_20146,aes_sbox_us01,main_sbox,bfs_h4
_20147,aes_sbox_us01,main_sbox,bfs_h3
_20148,aes_sbox_us01,main_sbox,bfs_h4
_20149,aes_sbox_us01,main_sbox,bfs_h6
_20150,aes_sbox_us01,main_sbox,bfs_h5
_20151,aes_sbox_us01,main_sbox,bfs_h5
_20152,aes_sbox_us01,main_sbox,bfs_h5
_20153,aes_sbox_us01,main_sbox,bfs_h4
_20154,aes_sbox_us01,main_sbox,bfs_h3
_20155,aes_sbox_us01,main_sbox,bfs_h2
_20156,aes_sbox_us01,main_sbox,bfs_h5
_20157,aes_sbox_us01,main_sbox,bfs_h4
_20158,aes_cipher_top,top,bfs_h5
_20159,aes_sbox_us01,main_sbox,bfs_h5
_20160,aes_sbox_us01,main_sbox,bfs_h4
_20161,aes_sbox_us01,main_sbox,bfs_h3
_20162,aes_sbox_us01,main_sbox,bfs_h5
_20163,aes_sbox_us01,main_sbox,bfs_h5
_20164,aes_sbox_us01,main_sbox,bfs_h4
_20165,aes_sbox_us01,main_sbox,bfs_h5
_20166,aes_sbox_us01,main_sbox,bfs_h5
_20167,aes_sbox_us01,main_sbox,bfs_h4
_20168,aes_sbox_us01,main_sbox,bfs_h3
_20169,aes_sbox_us01,main_sbox,bfs_h2
_20170,aes_sbox_us01,main_sbox,bfs_h5
_20171,aes_sbox_us01,main_sbox,bfs_h4
_20172,aes_sbox_us01,main_sbox,bfs_h5
_20173,aes_sbox_us01,main_sbox,bfs_h5
_20174,aes_sbox_us01,main_sbox,bfs_h4
_20175,aes_sbox_us01,main_sbox,bfs_h3
_20176,aes_sbox_us01,main_sbox,bfs_h5
_20177,aes_sbox_us01,main_sbox,bfs_h5
_20178,aes_sbox_us01,main_sbox,bfs_h4
_20179,aes_sbox_us01,main_sbox,bfs_h5
_20180,aes_sbox_us01,main_sbox,bfs_h4
_20181,aes_sbox_us01,main_sbox,bfs_h3
_20182,aes_sbox_us01,main_sbox,bfs_h3
_20183,aes_sbox_us01,main_sbox,bfs_h2
_20184,aes_sbox_us01,main_sbox,bfs_h1
_20185,aes_sbox_us01,main_sbox,bfs_h5
_20186,aes_sbox_us01,main_sbox,bfs_h5
_20187,aes_sbox_us01,main_sbox,bfs_h4
_20188,aes_sbox_us01,main_sbox,bfs_h4
_20189,aes_sbox_us01,main_sbox,bfs_h5
_20190,aes_sbox_us01,main_sbox,bfs_h5
_20191,aes_sbox_us01,main_sbox,bfs_h4
_20192,aes_sbox_us01,main_sbox,bfs_h5
_20193,aes_sbox_us01,main_sbox,bfs_h5
_20194,aes_sbox_us01,main_sbox,bfs_h4
_20195,aes_sbox_us01,main_sbox,bfs_h5
_20196,aes_sbox_us01,main_sbox,bfs_h4
_20197,aes_sbox_us01,main_sbox,bfs_h3
_20198,aes_sbox_us01,main_sbox,bfs_h5
_20199,aes_sbox_us01,main_sbox,bfs_h5
_20200,aes_sbox_us01,main_sbox,bfs_h4
_20201,aes_sbox_us01,main_sbox,bfs_h5
_20202,aes_sbox_us01,main_sbox,bfs_h4
_20203,aes_sbox_us01,main_sbox,bfs_h3
_20204,aes_sbox_us01,main_sbox,bfs_h5
_20205,aes_cipher_top,top,bfs_h5
_20206,aes_sbox_us01,main_sbox,bfs_h5
_20207,aes_sbox_us01,main_sbox,bfs_h4
_20208,aes_sbox_us01,main_sbox,bfs_h5
_20209,aes_sbox_us01,main_sbox,bfs_h4
_20210,aes_sbox_us01,main_sbox,bfs_h3
_20211,aes_sbox_us01,main_sbox,bfs_h2
_20212,aes_sbox_us01,main_sbox,bfs_h2
_20213,aes_sbox_us01,main_sbox,bfs_h5
_20214,aes_sbox_us01,main_sbox,bfs_h5
_20215,aes_sbox_us01,main_sbox,bfs_h5
_20216,aes_sbox_us01,main_sbox,bfs_h6
_20217,aes_sbox_us01,main_sbox,bfs_h5
_20218,aes_sbox_us01,main_sbox,bfs_h5
_20219,aes_sbox_us01,main_sbox,bfs_h4
_20220,aes_sbox_us01,main_sbox,bfs_h6
_20221,aes_sbox_us01,main_sbox,bfs_h4
_20222,aes_sbox_us01,main_sbox,bfs_h5
_20223,aes_sbox_us01,main_sbox,bfs_h6
_20224,aes_cipher_top,top,bfs_h5
_20225,aes_sbox_us01,main_sbox,bfs_h5
_20226,aes_sbox_us01,main_sbox,bfs_h4
_20227,aes_sbox_us01,main_sbox,bfs_h3
_20228,aes_sbox_us01,main_sbox,bfs_h5
_20229,aes_sbox_us01,main_sbox,bfs_h5
_20230,aes_sbox_us01,main_sbox,bfs_h5
_20231,aes_sbox_us01,main_sbox,bfs_h4
_20232,aes_sbox_us01,main_sbox,bfs_h5
_20233,aes_sbox_us01,main_sbox,bfs_h5
_20234,aes_sbox_us01,main_sbox,bfs_h6
_20235,aes_sbox_us01,main_sbox,bfs_h5
_20236,aes_sbox_us01,main_sbox,bfs_h5
_20237,aes_sbox_us01,main_sbox,bfs_h4
_20238,aes_sbox_us01,main_sbox,bfs_h3
_20239,aes_sbox_us01,main_sbox,bfs_h2
_20240,aes_sbox_us01,main_sbox,bfs_h1
_20241,aes_sbox_us01,main_sbox,bfs_h6
_20242,aes_sbox_us01,main_sbox,bfs_h5
_20243,aes_sbox_us01,main_sbox,bfs_h5
_20244,aes_sbox_us01,main_sbox,bfs_h5
_20245,aes_sbox_us01,main_sbox,bfs_h4
_20246,aes_cipher_top,top,bfs_h5
_20247,aes_sbox_us01,main_sbox,bfs_h5
_20248,aes_sbox_us01,main_sbox,bfs_h5
_20249,aes_sbox_us01,main_sbox,bfs_h4
_20250,aes_sbox_us01,main_sbox,bfs_h3
_20251,aes_sbox_us01,main_sbox,bfs_h6
_20252,aes_sbox_us01,main_sbox,bfs_h5
_20253,aes_sbox_us01,main_sbox,bfs_h5
_20254,aes_sbox_us01,main_sbox,bfs_h5
_20255,aes_sbox_us01,main_sbox,bfs_h5
_20256,aes_sbox_us01,main_sbox,bfs_h4
_20257,aes_sbox_us01,main_sbox,bfs_h4
_20258,aes_sbox_us01,main_sbox,bfs_h5
_20259,aes_sbox_us01,main_sbox,bfs_h4
_20260,aes_sbox_us01,main_sbox,bfs_h4
_20261,aes_sbox_us01,main_sbox,bfs_h3
_20262,aes_sbox_us01,main_sbox,bfs_h2
_20263,aes_sbox_us01,main_sbox,bfs_h5
_20264,aes_sbox_us01,main_sbox,bfs_h6
_20265,aes_sbox_us01,main_sbox,bfs_h5
_20266,aes_sbox_us01,main_sbox,bfs_h5
_20267,aes_sbox_us01,main_sbox,bfs_h5
_20268,aes_sbox_us01,main_sbox,bfs_h4
_20269,aes_sbox_us01,main_sbox,bfs_h5
_20270,aes_sbox_us01,main_sbox,bfs_h5
_20271,aes_sbox_us01,main_sbox,bfs_h5
_20272,aes_sbox_us01,main_sbox,bfs_h5
_20273,aes_sbox_us01,main_sbox,bfs_h5
_20274,aes_sbox_us01,main_sbox,bfs_h5
_20275,aes_sbox_us01,main_sbox,bfs_h5
_20276,aes_sbox_us01,main_sbox,bfs_h4
_20277,aes_sbox_us01,main_sbox,bfs_h3
_20278,aes_sbox_us01,main_sbox,bfs_h6
_20279,aes_sbox_us01,main_sbox,bfs_h5
_20280,aes_sbox_us01,main_sbox,bfs_h5
_20281,aes_sbox_us01,main_sbox,bfs_h5
_20282,aes_sbox_us01,main_sbox,bfs_h5
_20283,aes_sbox_us01,main_sbox,bfs_h4
_20284,aes_cipher_top,top,bfs_h5
_20285,aes_cipher_top,top,bfs_h6
_20286,aes_sbox_us01,main_sbox,bfs_h5
_20287,aes_sbox_us01,main_sbox,bfs_h6
_20288,aes_sbox_us01,main_sbox,bfs_h5
_20289,aes_sbox_us01,main_sbox,bfs_h5
_20290,aes_sbox_us01,main_sbox,bfs_h5
_20291,aes_sbox_us01,main_sbox,bfs_h4
_20292,aes_sbox_us01,main_sbox,bfs_h4
_20293,aes_sbox_us01,main_sbox,bfs_h3
_20294,aes_sbox_us01,main_sbox,bfs_h2
_20295,aes_sbox_us01,main_sbox,bfs_h1
_20296,aes_sbox_us01,main_sbox,bfs_h4
_20297,aes_sbox_us01,main_sbox,bfs_h4
_20298,aes_sbox_us01,main_sbox,bfs_h3
_20299,aes_sbox_us01,main_sbox,bfs_h5
_20300,aes_sbox_us01,main_sbox,bfs_h4
_20301,aes_sbox_us01,main_sbox,bfs_h4
_20302,aes_sbox_us01,main_sbox,bfs_h3
_20303,aes_sbox_us01,main_sbox,bfs_h5
_20304,aes_sbox_us01,main_sbox,bfs_h5
_20305,aes_sbox_us01,main_sbox,bfs_h4
_20306,aes_sbox_us01,main_sbox,bfs_h5
_20307,aes_sbox_us01,main_sbox,bfs_h5
_20308,aes_sbox_us01,main_sbox,bfs_h5
_20309,aes_sbox_us01,main_sbox,bfs_h4
_20310,aes_sbox_us01,main_sbox,bfs_h3
_20311,aes_sbox_us01,main_sbox,bfs_h2
_20312,aes_sbox_us01,main_sbox,bfs_h4
_20313,aes_sbox_us01,main_sbox,bfs_h5
_20314,aes_sbox_us01,main_sbox,bfs_h5
_20315,aes_sbox_us01,main_sbox,bfs_h4
_20316,aes_sbox_us01,main_sbox,bfs_h5
_20317,aes_sbox_us01,main_sbox,bfs_h4
_20318,aes_sbox_us01,main_sbox,bfs_h3
_20319,aes_sbox_us01,main_sbox,bfs_h5
_20320,aes_sbox_us01,main_sbox,bfs_h4
_20321,aes_sbox_us01,main_sbox,bfs_h4
_20322,aes_sbox_us01,main_sbox,bfs_h3
_20323,aes_sbox_us01,main_sbox,bfs_h2
_20324,aes_sbox_us01,main_sbox,bfs_h5
_20325,aes_sbox_us01,main_sbox,bfs_h4
_20326,aes_sbox_us01,main_sbox,bfs_h4
_20327,aes_sbox_us01,main_sbox,bfs_h4
_20328,aes_sbox_us01,main_sbox,bfs_h3
_20329,aes_sbox_us01,main_sbox,bfs_h3
_20330,aes_sbox_us01,main_sbox,bfs_h5
_20331,aes_sbox_us01,main_sbox,bfs_h4
_20332,aes_sbox_us01,main_sbox,bfs_h5
_20333,aes_sbox_us01,main_sbox,bfs_h4
_20334,aes_sbox_us01,main_sbox,bfs_h3
_20335,aes_sbox_us01,main_sbox,bfs_h2
_20336,aes_sbox_us01,main_sbox,bfs_h4
_20337,aes_sbox_us01,main_sbox,bfs_h5
_20338,aes_sbox_us01,main_sbox,bfs_h4
_20339,aes_sbox_us01,main_sbox,bfs_h3
_20340,aes_sbox_us01,main_sbox,bfs_h5
_20341,aes_sbox_us01,main_sbox,bfs_h4
_20342,aes_sbox_us01,main_sbox,bfs_h5
_20343,aes_sbox_us01,main_sbox,bfs_h4
_20344,aes_sbox_us01,main_sbox,bfs_h3
_20345,aes_sbox_us01,main_sbox,bfs_h3
_20346,aes_sbox_us01,main_sbox,bfs_h2
_20347,aes_sbox_us01,main_sbox,bfs_h1
_20348,aes_cipher_top,top,bfs_h2
_20349,aes_sbox_us12,main_sbox,bfs_h1
_20350,aes_sbox_us12,main_sbox,bfs_h2
_20351,aes_sbox_us02,main_sbox,bfs_h2
_20352,aes_sbox_us12,main_sbox,bfs_h1
_20353,aes_sbox_us22,main_sbox,bfs_h2
_20354,aes_sbox_us12,main_sbox,bfs_h3
_20355,aes_sbox_us22,main_sbox,bfs_h2
_20356,aes_sbox_us12,main_sbox,bfs_h2
_20357,aes_sbox_us02,main_sbox,bfs_h2
_20358,aes_sbox_us12,main_sbox,bfs_h2
_20359,aes_sbox_us12,main_sbox,bfs_h3
_20360,aes_cipher_top,top,bfs_h3
_20361,aes_key_expand_128_u0,key_expand,bfs_h3
_20362,aes_cipher_top,top,bfs_h2
_20363,aes_sbox_us12,main_sbox,bfs_h3
_20364,aes_sbox_us12,main_sbox,bfs_h3
_20365,aes_cipher_top,top,bfs_h3
_20366,aes_cipher_top,top,bfs_h3
_20367,aes_cipher_top,top,bfs_h4
_20368,aes_cipher_top,top,bfs_h5
_20369,aes_sbox_us32,main_sbox,bfs_h2
_20370,aes_sbox_us02,main_sbox,bfs_h2
_20371,aes_sbox_us32,main_sbox,bfs_h3
_20372,aes_sbox_us02,main_sbox,bfs_h2
_20373,aes_sbox_us32,main_sbox,bfs_h2
_20374,aes_sbox_us12,main_sbox,bfs_h1
_20375,aes_sbox_us12,main_sbox,bfs_h2
_20376,aes_sbox_us32,main_sbox,bfs_h3
_20377,aes_sbox_us32,main_sbox,bfs_h2
_20378,aes_sbox_us32,main_sbox,bfs_h3
_20379,aes_sbox_us12,main_sbox,bfs_h2
_20380,aes_cipher_top,top,bfs_h3
_20381,aes_cipher_top,top,bfs_h3
_20382,aes_cipher_top,top,bfs_h3
_20383,aes_cipher_top,top,bfs_h2
_20384,aes_key_expand_128_u0,key_expand,bfs_h3
_20385,aes_key_expand_128_u0,key_expand,bfs_h3
_20386,aes_sbox_us02,main_sbox,bfs_h6
_20387,aes_cipher_top,top,bfs_h2
_20388,aes_cipher_top,top,bfs_h3
_20389,aes_sbox_us12,main_sbox,bfs_h2
_20390,aes_sbox_us12,main_sbox,bfs_h1
_20391,aes_sbox_us12,main_sbox,bfs_h2
_20392,aes_sbox_us12,main_sbox,bfs_h1
_20393,aes_sbox_us12,main_sbox,bfs_h2
_20394,aes_sbox_us22,main_sbox,bfs_h2
_20395,aes_sbox_us12,main_sbox,bfs_h3
_20396,aes_sbox_us12,main_sbox,bfs_h2
_20397,aes_sbox_us12,main_sbox,bfs_h2
_20398,aes_sbox_us22,main_sbox,bfs_h2
_20399,aes_sbox_us12,main_sbox,bfs_h3
_20400,aes_cipher_top,top,bfs_h3
_20401,aes_key_expand_128_u0,key_expand,bfs_h3
_20402,aes_cipher_top,top,bfs_h8
_20403,aes_key_expand_128_u0,key_expand,bfs_h3
_20404,aes_cipher_top,top,bfs_h7
_20405,aes_cipher_top,top,bfs_h6
_20406,aes_sbox_us02,main_sbox,bfs_h5
_20407,aes_key_expand_128_u0,key_expand,bfs_h2
_20408,aes_key_expand_128_u0,key_expand,bfs_h2
_20409,aes_cipher_top,top,bfs_h6
_20410,aes_cipher_top,top,bfs_h6
_20411,aes_key_expand_128_u0,key_expand,bfs_h3
_20412,aes_cipher_top,top,bfs_h4
_20413,aes_cipher_top,top,bfs_h4
_20414,aes_cipher_top,top,bfs_h5
_20415,aes_cipher_top,top,bfs_h5
_20416,aes_cipher_top,top,bfs_h5
_20417,aes_cipher_top,top,bfs_h5
_20418,aes_sbox_us02,main_sbox,bfs_h6
_20419,aes_sbox_us02,main_sbox,bfs_h5
_20420,aes_cipher_top,top,bfs_h7
_20421,aes_sbox_us02,main_sbox,bfs_h5
_20422,aes_sbox_us02,main_sbox,bfs_h2
_20423,aes_sbox_us12,main_sbox,bfs_h2
_20424,aes_sbox_us32,main_sbox,bfs_h1
_20425,aes_sbox_us02,main_sbox,bfs_h2
_20426,aes_sbox_us02,main_sbox,bfs_h2
_20427,aes_sbox_us12,main_sbox,bfs_h3
_20428,aes_sbox_us12,main_sbox,bfs_h2
_20429,aes_sbox_us32,main_sbox,bfs_h1
_20430,aes_sbox_us02,main_sbox,bfs_h2
_20431,aes_cipher_top,top,bfs_h3
_20432,aes_cipher_top,top,bfs_h2
_20433,aes_cipher_top,top,bfs_h3
_20434,aes_cipher_top,top,bfs_h4
_20435,aes_cipher_top,top,bfs_h5
_20436,aes_cipher_top,top,bfs_h6
_20437,aes_sbox_us02,main_sbox,bfs_h5
_20438,aes_sbox_us02,main_sbox,bfs_h6
_20439,aes_cipher_top,top,unassigned
_20440,aes_sbox_us02,main_sbox,bfs_h6
_20441,aes_key_expand_128_u0,key_expand,bfs_h2
_20442,aes_cipher_top,top,bfs_h6
_20443,aes_cipher_top,top,bfs_h6
_20444,aes_sbox_us02,main_sbox,bfs_h5
_20445,aes_sbox_us12,main_sbox,bfs_h2
_20446,aes_sbox_us22,main_sbox,bfs_h1
_20447,aes_sbox_us22,main_sbox,bfs_h2
_20448,aes_sbox_us02,main_sbox,bfs_h1
_20449,aes_sbox_us12,main_sbox,bfs_h1
_20450,aes_sbox_us12,main_sbox,bfs_h2
_20451,aes_cipher_top,top,bfs_h2
_20452,aes_cipher_top,top,bfs_h3
_20453,aes_key_expand_128_u0,key_expand,bfs_h2
_20454,aes_sbox_us02,main_sbox,bfs_h5
_20455,aes_sbox_us02,main_sbox,bfs_h5
_20456,aes_sbox_us02,main_sbox,bfs_h4
_20457,aes_cipher_top,top,bfs_h5
_20458,aes_cipher_top,top,bfs_h7
_20459,aes_sbox_us02,main_sbox,bfs_h6
_20460,aes_cipher_top,top,bfs_h6
_20461,aes_sbox_us02,main_sbox,bfs_h5
_20462,aes_sbox_us02,main_sbox,bfs_h5
_20463,aes_sbox_us02,main_sbox,bfs_h5
_20464,aes_sbox_us02,main_sbox,bfs_h5
_20465,aes_cipher_top,top,bfs_h4
_20466,aes_cipher_top,top,bfs_h5
_20467,aes_sbox_us02,main_sbox,bfs_h5
_20468,aes_sbox_us02,main_sbox,bfs_h1
_20469,aes_sbox_us32,main_sbox,bfs_h2
_20470,aes_sbox_us02,main_sbox,bfs_h2
_20471,aes_sbox_us12,main_sbox,bfs_h1
_20472,aes_sbox_us02,main_sbox,bfs_h2
_20473,aes_cipher_top,top,bfs_h3
_20474,aes_cipher_top,top,bfs_h3
_20475,aes_cipher_top,top,bfs_h2
_20476,aes_cipher_top,top,bfs_h3
_20477,aes_cipher_top,top,bfs_h4
_20478,aes_sbox_us02,main_sbox,bfs_h5
_20479,aes_sbox_us02,main_sbox,bfs_h5
_20480,aes_sbox_us02,main_sbox,bfs_h4
_20481,aes_sbox_us02,main_sbox,bfs_h3
_20482,aes_cipher_top,top,bfs_h5
_20483,aes_cipher_top,top,bfs_h5
_20484,aes_sbox_us02,main_sbox,bfs_h5
_20485,aes_sbox_us02,main_sbox,bfs_h6
_20486,aes_sbox_us02,main_sbox,bfs_h5
_20487,aes_sbox_us02,main_sbox,bfs_h5
_20488,aes_sbox_us02,main_sbox,bfs_h5
_20489,aes_sbox_us02,main_sbox,bfs_h5
_20490,aes_sbox_us02,main_sbox,bfs_h5
_20491,aes_sbox_us02,main_sbox,bfs_h5
_20492,aes_sbox_us02,main_sbox,bfs_h4
_20493,aes_cipher_top,top,bfs_h6
_20494,aes_sbox_us02,main_sbox,bfs_h5
_20495,aes_sbox_us02,main_sbox,bfs_h5
_20496,aes_cipher_top,top,bfs_h5
_20497,aes_sbox_us02,main_sbox,bfs_h5
_20498,aes_sbox_us02,main_sbox,bfs_h5
_20499,aes_sbox_us02,main_sbox,bfs_h4
_20500,aes_sbox_us02,main_sbox,bfs_h5
_20501,aes_sbox_us02,main_sbox,bfs_h4
_20502,aes_sbox_us02,main_sbox,bfs_h3
_20503,aes_sbox_us12,main_sbox,bfs_h1
_20504,aes_sbox_us32,main_sbox,bfs_h1
_20505,aes_sbox_us02,main_sbox,bfs_h1
_20506,aes_sbox_us02,main_sbox,bfs_h2
_20507,aes_cipher_top,top,bfs_h2
_20508,aes_cipher_top,top,bfs_h3
_20509,aes_key_expand_128_u0,key_expand,bfs_h2
_20510,aes_sbox_us02,main_sbox,bfs_h4
_20511,aes_sbox_us02,main_sbox,bfs_h3
_20512,aes_sbox_us02,main_sbox,bfs_h2
_20513,aes_cipher_top,top,bfs_h5
_20514,aes_sbox_us02,main_sbox,bfs_h5
_20515,aes_sbox_us02,main_sbox,bfs_h5
_20516,aes_sbox_us02,main_sbox,bfs_h6
_20517,aes_sbox_us02,main_sbox,bfs_h5
_20518,aes_sbox_us02,main_sbox,bfs_h5
_20519,aes_sbox_us02,main_sbox,bfs_h6
_20520,aes_sbox_us02,main_sbox,bfs_h6
_20521,aes_cipher_top,top,bfs_h6
_20522,aes_sbox_us02,main_sbox,bfs_h5
_20523,aes_sbox_us02,main_sbox,bfs_h5
_20524,aes_sbox_us02,main_sbox,bfs_h4
_20525,aes_sbox_us02,main_sbox,bfs_h5
_20526,aes_cipher_top,top,unassigned
_20527,aes_cipher_top,top,bfs_h8
_20528,aes_sbox_us02,main_sbox,bfs_h5
_20529,aes_cipher_top,top,bfs_h6
_20530,aes_sbox_us02,main_sbox,bfs_h5
_20531,aes_sbox_us02,main_sbox,bfs_h4
_20532,aes_sbox_us02,main_sbox,bfs_h3
_20533,aes_sbox_us02,main_sbox,bfs_h6
_20534,aes_cipher_top,top,bfs_h5
_20535,aes_sbox_us02,main_sbox,bfs_h5
_20536,aes_sbox_us02,main_sbox,bfs_h5
_20537,aes_sbox_us02,main_sbox,bfs_h5
_20538,aes_sbox_us02,main_sbox,bfs_h6
_20539,aes_cipher_top,top,bfs_h5
_20540,aes_sbox_us02,main_sbox,bfs_h5
_20541,aes_sbox_us02,main_sbox,bfs_h4
_20542,aes_cipher_top,top,bfs_h3
_20543,aes_key_expand_128_u0,key_expand,bfs_h3
_20544,aes_cipher_top,top,bfs_h4
_20545,aes_sbox_us02,main_sbox,bfs_h5
_20546,aes_sbox_us02,main_sbox,bfs_h5
_20547,aes_sbox_us02,main_sbox,bfs_h6
_20548,aes_sbox_us02,main_sbox,bfs_h5
_20549,aes_sbox_us02,main_sbox,bfs_h4
_20550,aes_sbox_us02,main_sbox,bfs_h3
_20551,aes_sbox_us02,main_sbox,bfs_h1
_20552,aes_sbox_us32,main_sbox,bfs_h2
_20553,aes_sbox_us02,main_sbox,bfs_h2
_20554,aes_sbox_us22,main_sbox,bfs_h2
_20555,aes_sbox_us02,main_sbox,bfs_h3
_20556,aes_cipher_top,top,bfs_h3
_20557,aes_cipher_top,top,bfs_h2
_20558,aes_cipher_top,top,bfs_h3
_20559,aes_key_expand_128_u0,key_expand,bfs_h2
_20560,aes_sbox_us02,main_sbox,bfs_h3
_20561,aes_sbox_us02,main_sbox,bfs_h2
_20562,aes_sbox_us02,main_sbox,bfs_h5
_20563,aes_sbox_us02,main_sbox,bfs_h6
_20564,aes_cipher_top,top,bfs_h7
_20565,aes_sbox_us02,main_sbox,bfs_h5
_20566,aes_sbox_us02,main_sbox,bfs_h4
_20567,aes_sbox_us02,main_sbox,bfs_h4
_20568,aes_sbox_us02,main_sbox,bfs_h5
_20569,aes_cipher_top,top,bfs_h5
_20570,aes_sbox_us02,main_sbox,bfs_h5
_20571,aes_sbox_us02,main_sbox,bfs_h5
_20572,aes_sbox_us02,main_sbox,bfs_h4
_20573,aes_sbox_us02,main_sbox,bfs_h5
_20574,aes_sbox_us02,main_sbox,bfs_h5
_20575,aes_sbox_us02,main_sbox,bfs_h4
_20576,aes_sbox_us02,main_sbox,bfs_h4
_20577,aes_sbox_us02,main_sbox,bfs_h3
_20578,aes_sbox_us02,main_sbox,bfs_h5
_20579,aes_sbox_us02,main_sbox,bfs_h6
_20580,aes_sbox_us02,main_sbox,bfs_h5
_20581,aes_sbox_us02,main_sbox,bfs_h4
_20582,aes_sbox_us02,main_sbox,bfs_h6
_20583,aes_sbox_us02,main_sbox,bfs_h6
_20584,aes_cipher_top,top,bfs_h5
_20585,aes_sbox_us02,main_sbox,bfs_h5
_20586,aes_cipher_top,top,bfs_h5
_20587,aes_sbox_us02,main_sbox,bfs_h6
_20588,aes_sbox_us02,main_sbox,bfs_h5
_20589,aes_sbox_us02,main_sbox,bfs_h4
_20590,aes_sbox_us02,main_sbox,bfs_h3
_20591,aes_sbox_us02,main_sbox,bfs_h5
_20592,aes_sbox_us02,main_sbox,bfs_h5
_20593,aes_sbox_us02,main_sbox,bfs_h5
_20594,aes_cipher_top,top,bfs_h7
_20595,aes_cipher_top,top,bfs_h8
_20596,aes_sbox_us02,main_sbox,bfs_h5
_20597,aes_sbox_us02,main_sbox,bfs_h6
_20598,aes_sbox_us02,main_sbox,bfs_h5
_20599,aes_sbox_us02,main_sbox,bfs_h5
_20600,aes_sbox_us02,main_sbox,bfs_h5
_20601,aes_sbox_us02,main_sbox,bfs_h5
_20602,aes_sbox_us02,main_sbox,bfs_h4
_20603,aes_cipher_top,top,bfs_h6
_20604,aes_sbox_us02,main_sbox,bfs_h5
_20605,aes_sbox_us02,main_sbox,bfs_h5
_20606,aes_sbox_us02,main_sbox,bfs_h5
_20607,aes_sbox_us02,main_sbox,bfs_h5
_20608,aes_sbox_us02,main_sbox,bfs_h5
_20609,aes_sbox_us02,main_sbox,bfs_h5
_20610,aes_cipher_top,top,bfs_h5
_20611,aes_cipher_top,top,bfs_h7
_20612,aes_sbox_us02,main_sbox,bfs_h5
_20613,aes_sbox_us02,main_sbox,bfs_h4
_20614,aes_sbox_us02,main_sbox,bfs_h3
_20615,aes_sbox_us02,main_sbox,bfs_h2
_20616,aes_sbox_us02,main_sbox,bfs_h1
_20617,aes_sbox_us02,main_sbox,bfs_h5
_20618,aes_sbox_us02,main_sbox,bfs_h4
_20619,aes_sbox_us02,main_sbox,bfs_h5
_20620,aes_sbox_us02,main_sbox,bfs_h4
_20621,aes_sbox_us02,main_sbox,bfs_h3
_20622,aes_sbox_us02,main_sbox,bfs_h5
_20623,aes_sbox_us02,main_sbox,bfs_h4
_20624,aes_sbox_us02,main_sbox,bfs_h5
_20625,aes_cipher_top,top,bfs_h5
_20626,aes_sbox_us02,main_sbox,bfs_h5
_20627,aes_sbox_us02,main_sbox,bfs_h5
_20628,aes_sbox_us02,main_sbox,bfs_h5
_20629,aes_sbox_us02,main_sbox,bfs_h4
_20630,aes_sbox_us02,main_sbox,bfs_h3
_20631,aes_sbox_us02,main_sbox,bfs_h3
_20632,aes_sbox_us02,main_sbox,bfs_h2
_20633,aes_sbox_us02,main_sbox,bfs_h4
_20634,aes_sbox_us02,main_sbox,bfs_h5
_20635,aes_cipher_top,top,bfs_h5
_20636,aes_sbox_us02,main_sbox,bfs_h5
_20637,aes_sbox_us02,main_sbox,bfs_h4
_20638,aes_cipher_top,top,bfs_h6
_20639,aes_sbox_us02,main_sbox,bfs_h5
_20640,aes_sbox_us02,main_sbox,bfs_h6
_20641,aes_cipher_top,top,bfs_h8
_20642,aes_sbox_us02,main_sbox,bfs_h5
_20643,aes_sbox_us02,main_sbox,bfs_h4
_20644,aes_sbox_us02,main_sbox,bfs_h3
_20645,aes_sbox_us02,main_sbox,bfs_h5
_20646,aes_sbox_us02,main_sbox,bfs_h5
_20647,aes_sbox_us02,main_sbox,bfs_h6
_20648,aes_sbox_us02,main_sbox,bfs_h5
_20649,aes_sbox_us02,main_sbox,bfs_h5
_20650,aes_sbox_us02,main_sbox,bfs_h4
_20651,aes_sbox_us02,main_sbox,bfs_h5
_20652,aes_sbox_us02,main_sbox,bfs_h5
_20653,aes_sbox_us02,main_sbox,bfs_h5
_20654,aes_sbox_us02,main_sbox,bfs_h5
_20655,aes_sbox_us02,main_sbox,bfs_h5
_20656,aes_sbox_us02,main_sbox,bfs_h4
_20657,aes_sbox_us02,main_sbox,bfs_h3
_20658,aes_sbox_us02,main_sbox,bfs_h2
_20659,aes_cipher_top,top,bfs_h5
_20660,aes_sbox_us02,main_sbox,bfs_h5
_20661,aes_sbox_us02,main_sbox,bfs_h5
_20662,aes_sbox_us02,main_sbox,bfs_h4
_20663,aes_sbox_us02,main_sbox,bfs_h5
_20664,aes_cipher_top,top,unassigned
_20665,aes_sbox_us02,main_sbox,bfs_h5
_20666,aes_sbox_us02,main_sbox,bfs_h4
_20667,aes_sbox_us02,main_sbox,bfs_h3
_20668,aes_sbox_us02,main_sbox,bfs_h4
_20669,aes_sbox_us02,main_sbox,bfs_h5
_20670,aes_sbox_us02,main_sbox,bfs_h4
_20671,aes_sbox_us02,main_sbox,bfs_h3
_20672,aes_sbox_us02,main_sbox,bfs_h5
_20673,aes_sbox_us02,main_sbox,bfs_h5
_20674,aes_sbox_us02,main_sbox,bfs_h5
_20675,aes_sbox_us02,main_sbox,bfs_h5
_20676,aes_sbox_us02,main_sbox,bfs_h4
_20677,aes_sbox_us02,main_sbox,bfs_h3
_20678,aes_sbox_us02,main_sbox,bfs_h5
_20679,aes_sbox_us02,main_sbox,bfs_h5
_20680,aes_sbox_us02,main_sbox,bfs_h5
_20681,aes_sbox_us02,main_sbox,bfs_h4
_20682,aes_sbox_us02,main_sbox,bfs_h5
_20683,aes_sbox_us02,main_sbox,bfs_h5
_20684,aes_sbox_us02,main_sbox,bfs_h5
_20685,aes_sbox_us02,main_sbox,bfs_h5
_20686,aes_sbox_us02,main_sbox,bfs_h4
_20687,aes_sbox_us02,main_sbox,bfs_h5
_20688,aes_sbox_us02,main_sbox,bfs_h5
_20689,aes_sbox_us02,main_sbox,bfs_h5
_20690,aes_sbox_us02,main_sbox,bfs_h5
_20691,aes_sbox_us02,main_sbox,bfs_h5
_20692,aes_sbox_us02,main_sbox,bfs_h5
_20693,aes_sbox_us02,main_sbox,bfs_h4
_20694,aes_sbox_us02,main_sbox,bfs_h5
_20695,aes_sbox_us02,main_sbox,bfs_h4
_20696,aes_sbox_us02,main_sbox,bfs_h3
_20697,aes_sbox_us02,main_sbox,bfs_h2
_20698,aes_sbox_us02,main_sbox,bfs_h1
_20699,aes_sbox_us02,main_sbox,bfs_h2
_20700,aes_sbox_us02,main_sbox,bfs_h5
_20701,aes_sbox_us02,main_sbox,bfs_h5
_20702,aes_sbox_us02,main_sbox,bfs_h4
_20703,aes_sbox_us02,main_sbox,bfs_h6
_20704,aes_sbox_us02,main_sbox,bfs_h5
_20705,aes_sbox_us02,main_sbox,bfs_h5
_20706,aes_sbox_us02,main_sbox,bfs_h5
_20707,aes_sbox_us02,main_sbox,bfs_h5
_20708,aes_sbox_us02,main_sbox,bfs_h4
_20709,aes_sbox_us02,main_sbox,bfs_h3
_20710,aes_sbox_us02,main_sbox,bfs_h3
_20711,aes_sbox_us02,main_sbox,bfs_h5
_20712,aes_cipher_top,top,unassigned
_20713,aes_sbox_us02,main_sbox,bfs_h5
_20714,aes_sbox_us02,main_sbox,bfs_h5
_20715,aes_cipher_top,top,bfs_h6
_20716,aes_sbox_us02,main_sbox,bfs_h5
_20717,aes_sbox_us02,main_sbox,bfs_h5
_20718,aes_sbox_us02,main_sbox,bfs_h5
_20719,aes_sbox_us02,main_sbox,bfs_h5
_20720,aes_sbox_us02,main_sbox,bfs_h4
_20721,aes_sbox_us02,main_sbox,bfs_h3
_20722,aes_sbox_us02,main_sbox,bfs_h5
_20723,aes_sbox_us02,main_sbox,bfs_h5
_20724,aes_sbox_us02,main_sbox,bfs_h5
_20725,aes_sbox_us02,main_sbox,bfs_h5
_20726,aes_cipher_top,top,bfs_h5
_20727,aes_sbox_us02,main_sbox,bfs_h5
_20728,aes_sbox_us02,main_sbox,bfs_h4
_20729,aes_sbox_us02,main_sbox,bfs_h5
_20730,aes_sbox_us02,main_sbox,bfs_h4
_20731,aes_cipher_top,top,bfs_h8
_20732,aes_sbox_us02,main_sbox,bfs_h6
_20733,aes_cipher_top,top,bfs_h6
_20734,aes_sbox_us02,main_sbox,bfs_h5
_20735,aes_sbox_us02,main_sbox,bfs_h5
_20736,aes_cipher_top,top,bfs_h6
_20737,aes_sbox_us02,main_sbox,bfs_h5
_20738,aes_sbox_us02,main_sbox,bfs_h5
_20739,aes_sbox_us02,main_sbox,bfs_h4
_20740,aes_sbox_us02,main_sbox,bfs_h3
_20741,aes_sbox_us02,main_sbox,bfs_h3
_20742,aes_sbox_us02,main_sbox,bfs_h2
_20743,aes_cipher_top,top,bfs_h5
_20744,aes_sbox_us02,main_sbox,bfs_h5
_20745,aes_sbox_us02,main_sbox,bfs_h5
_20746,aes_sbox_us02,main_sbox,bfs_h4
_20747,aes_cipher_top,top,bfs_h6
_20748,aes_sbox_us02,main_sbox,bfs_h5
_20749,aes_sbox_us02,main_sbox,bfs_h5
_20750,aes_sbox_us02,main_sbox,bfs_h4
_20751,aes_sbox_us02,main_sbox,bfs_h6
_20752,aes_sbox_us02,main_sbox,bfs_h5
_20753,aes_sbox_us02,main_sbox,bfs_h5
_20754,aes_sbox_us02,main_sbox,bfs_h6
_20755,aes_sbox_us02,main_sbox,bfs_h5
_20756,aes_sbox_us02,main_sbox,bfs_h5
_20757,aes_sbox_us02,main_sbox,bfs_h4
_20758,aes_sbox_us02,main_sbox,bfs_h3
_20759,aes_sbox_us02,main_sbox,bfs_h5
_20760,aes_sbox_us02,main_sbox,bfs_h5
_20761,aes_sbox_us02,main_sbox,bfs_h5
_20762,aes_sbox_us02,main_sbox,bfs_h5
_20763,aes_sbox_us02,main_sbox,bfs_h4
_20764,aes_sbox_us02,main_sbox,bfs_h5
_20765,aes_sbox_us02,main_sbox,bfs_h5
_20766,aes_sbox_us02,main_sbox,bfs_h5
_20767,aes_sbox_us02,main_sbox,bfs_h5
_20768,aes_sbox_us02,main_sbox,bfs_h5
_20769,aes_sbox_us02,main_sbox,bfs_h5
_20770,aes_sbox_us02,main_sbox,bfs_h4
_20771,aes_sbox_us02,main_sbox,bfs_h5
_20772,aes_sbox_us02,main_sbox,bfs_h4
_20773,aes_sbox_us02,main_sbox,bfs_h3
_20774,aes_sbox_us02,main_sbox,bfs_h2
_20775,aes_sbox_us02,main_sbox,bfs_h1
_20776,aes_sbox_us02,main_sbox,bfs_h4
_20777,aes_sbox_us02,main_sbox,bfs_h5
_20778,aes_sbox_us02,main_sbox,bfs_h5
_20779,aes_cipher_top,top,bfs_h6
_20780,aes_sbox_us02,main_sbox,bfs_h5
_20781,aes_sbox_us02,main_sbox,bfs_h4
_20782,aes_sbox_us02,main_sbox,bfs_h3
_20783,aes_sbox_us02,main_sbox,bfs_h4
_20784,aes_sbox_us02,main_sbox,bfs_h5
_20785,aes_sbox_us02,main_sbox,bfs_h4
_20786,aes_sbox_us02,main_sbox,bfs_h5
_20787,aes_sbox_us02,main_sbox,bfs_h4
_20788,aes_sbox_us02,main_sbox,bfs_h3
_20789,aes_sbox_us02,main_sbox,bfs_h2
_20790,aes_sbox_us02,main_sbox,bfs_h5
_20791,aes_sbox_us02,main_sbox,bfs_h4
_20792,aes_sbox_us02,main_sbox,bfs_h4
_20793,aes_sbox_us02,main_sbox,bfs_h4
_20794,aes_sbox_us02,main_sbox,bfs_h3
_20795,aes_sbox_us02,main_sbox,bfs_h4
_20796,aes_sbox_us02,main_sbox,bfs_h5
_20797,aes_sbox_us02,main_sbox,bfs_h5
_20798,aes_sbox_us02,main_sbox,bfs_h4
_20799,aes_sbox_us02,main_sbox,bfs_h3
_20800,aes_sbox_us02,main_sbox,bfs_h2
_20801,aes_sbox_us02,main_sbox,bfs_h5
_20802,aes_sbox_us02,main_sbox,bfs_h4
_20803,aes_cipher_top,top,bfs_h5
_20804,aes_sbox_us02,main_sbox,bfs_h5
_20805,aes_sbox_us02,main_sbox,bfs_h5
_20806,aes_sbox_us02,main_sbox,bfs_h4
_20807,aes_sbox_us02,main_sbox,bfs_h3
_20808,aes_sbox_us02,main_sbox,bfs_h5
_20809,aes_sbox_us02,main_sbox,bfs_h5
_20810,aes_sbox_us02,main_sbox,bfs_h4
_20811,aes_cipher_top,top,bfs_h5
_20812,aes_sbox_us02,main_sbox,bfs_h5
_20813,aes_sbox_us02,main_sbox,bfs_h4
_20814,aes_sbox_us02,main_sbox,bfs_h3
_20815,aes_sbox_us02,main_sbox,bfs_h2
_20816,aes_sbox_us02,main_sbox,bfs_h5
_20817,aes_sbox_us02,main_sbox,bfs_h5
_20818,aes_sbox_us02,main_sbox,bfs_h5
_20819,aes_sbox_us02,main_sbox,bfs_h4
_20820,aes_sbox_us02,main_sbox,bfs_h4
_20821,aes_sbox_us02,main_sbox,bfs_h4
_20822,aes_sbox_us02,main_sbox,bfs_h3
_20823,aes_sbox_us02,main_sbox,bfs_h3
_20824,aes_sbox_us02,main_sbox,bfs_h5
_20825,aes_sbox_us02,main_sbox,bfs_h4
_20826,aes_sbox_us02,main_sbox,bfs_h5
_20827,aes_sbox_us02,main_sbox,bfs_h5
_20828,aes_sbox_us02,main_sbox,bfs_h4
_20829,aes_sbox_us02,main_sbox,bfs_h4
_20830,aes_sbox_us02,main_sbox,bfs_h3
_20831,aes_sbox_us02,main_sbox,bfs_h2
_20832,aes_sbox_us02,main_sbox,bfs_h1
_20833,aes_sbox_us02,main_sbox,bfs_h5
_20834,aes_sbox_us02,main_sbox,bfs_h5
_20835,aes_sbox_us02,main_sbox,bfs_h6
_20836,aes_sbox_us02,main_sbox,bfs_h5
_20837,aes_sbox_us02,main_sbox,bfs_h4
_20838,aes_sbox_us02,main_sbox,bfs_h3
_20839,aes_sbox_us02,main_sbox,bfs_h4
_20840,aes_sbox_us02,main_sbox,bfs_h5
_20841,aes_sbox_us02,main_sbox,bfs_h5
_20842,aes_sbox_us02,main_sbox,bfs_h4
_20843,aes_sbox_us02,main_sbox,bfs_h5
_20844,aes_sbox_us02,main_sbox,bfs_h5
_20845,aes_cipher_top,top,bfs_h7
_20846,aes_sbox_us02,main_sbox,bfs_h5
_20847,aes_sbox_us02,main_sbox,bfs_h4
_20848,aes_sbox_us02,main_sbox,bfs_h3
_20849,aes_sbox_us02,main_sbox,bfs_h2
_20850,aes_sbox_us02,main_sbox,bfs_h5
_20851,aes_sbox_us02,main_sbox,bfs_h4
_20852,aes_sbox_us02,main_sbox,bfs_h5
_20853,aes_sbox_us02,main_sbox,bfs_h5
_20854,aes_sbox_us02,main_sbox,bfs_h5
_20855,aes_sbox_us02,main_sbox,bfs_h4
_20856,aes_sbox_us02,main_sbox,bfs_h3
_20857,aes_sbox_us02,main_sbox,bfs_h5
_20858,aes_sbox_us02,main_sbox,bfs_h5
_20859,aes_sbox_us02,main_sbox,bfs_h4
_20860,aes_sbox_us02,main_sbox,bfs_h5
_20861,aes_sbox_us02,main_sbox,bfs_h5
_20862,aes_sbox_us02,main_sbox,bfs_h4
_20863,aes_sbox_us02,main_sbox,bfs_h3
_20864,aes_sbox_us02,main_sbox,bfs_h2
_20865,aes_sbox_us02,main_sbox,bfs_h4
_20866,aes_sbox_us02,main_sbox,bfs_h4
_20867,aes_sbox_us02,main_sbox,bfs_h3
_20868,aes_sbox_us02,main_sbox,bfs_h5
_20869,aes_sbox_us02,main_sbox,bfs_h4
_20870,aes_sbox_us02,main_sbox,bfs_h3
_20871,aes_sbox_us02,main_sbox,bfs_h5
_20872,aes_sbox_us02,main_sbox,bfs_h4
_20873,aes_sbox_us02,main_sbox,bfs_h4
_20874,aes_sbox_us02,main_sbox,bfs_h5
_20875,aes_sbox_us02,main_sbox,bfs_h5
_20876,aes_sbox_us02,main_sbox,bfs_h5
_20877,aes_sbox_us02,main_sbox,bfs_h4
_20878,aes_sbox_us02,main_sbox,bfs_h3
_20879,aes_sbox_us02,main_sbox,bfs_h2
_20880,aes_sbox_us02,main_sbox,bfs_h5
_20881,aes_sbox_us02,main_sbox,bfs_h5
_20882,aes_sbox_us02,main_sbox,bfs_h4
_20883,aes_sbox_us02,main_sbox,bfs_h5
_20884,aes_sbox_us02,main_sbox,bfs_h4
_20885,aes_sbox_us02,main_sbox,bfs_h3
_20886,aes_sbox_us02,main_sbox,bfs_h3
_20887,aes_sbox_us02,main_sbox,bfs_h4
_20888,aes_sbox_us02,main_sbox,bfs_h4
_20889,aes_sbox_us02,main_sbox,bfs_h3
_20890,aes_sbox_us02,main_sbox,bfs_h5
_20891,aes_sbox_us02,main_sbox,bfs_h4
_20892,aes_sbox_us02,main_sbox,bfs_h3
_20893,aes_sbox_us02,main_sbox,bfs_h2
_20894,aes_sbox_us02,main_sbox,bfs_h1
_20895,aes_sbox_us02,main_sbox,bfs_h5
_20896,aes_sbox_us02,main_sbox,bfs_h4
_20897,aes_cipher_top,top,bfs_h6
_20898,aes_cipher_top,top,bfs_h5
_20899,aes_sbox_us02,main_sbox,bfs_h5
_20900,aes_sbox_us02,main_sbox,bfs_h5
_20901,aes_sbox_us02,main_sbox,bfs_h4
_20902,aes_sbox_us02,main_sbox,bfs_h3
_20903,aes_sbox_us02,main_sbox,bfs_h5
_20904,aes_sbox_us02,main_sbox,bfs_h4
_20905,aes_sbox_us02,main_sbox,bfs_h5
_20906,aes_sbox_us02,main_sbox,bfs_h4
_20907,aes_sbox_us02,main_sbox,bfs_h3
_20908,aes_sbox_us02,main_sbox,bfs_h2
_20909,aes_sbox_us02,main_sbox,bfs_h4
_20910,aes_sbox_us02,main_sbox,bfs_h4
_20911,aes_sbox_us02,main_sbox,bfs_h4
_20912,aes_sbox_us02,main_sbox,bfs_h3
_20913,aes_sbox_us02,main_sbox,bfs_h5
_20914,aes_sbox_us02,main_sbox,bfs_h4
_20915,aes_sbox_us02,main_sbox,bfs_h5
_20916,aes_sbox_us02,main_sbox,bfs_h5
_20917,aes_sbox_us02,main_sbox,bfs_h5
_20918,aes_sbox_us02,main_sbox,bfs_h4
_20919,aes_sbox_us02,main_sbox,bfs_h3
_20920,aes_sbox_us02,main_sbox,bfs_h2
_20921,aes_sbox_us02,main_sbox,bfs_h5
_20922,aes_sbox_us02,main_sbox,bfs_h5
_20923,aes_sbox_us02,main_sbox,bfs_h4
_20924,aes_sbox_us02,main_sbox,bfs_h5
_20925,aes_sbox_us02,main_sbox,bfs_h5
_20926,aes_sbox_us02,main_sbox,bfs_h4
_20927,aes_sbox_us02,main_sbox,bfs_h3
_20928,aes_sbox_us02,main_sbox,bfs_h5
_20929,aes_sbox_us02,main_sbox,bfs_h6
_20930,aes_sbox_us02,main_sbox,bfs_h5
_20931,aes_sbox_us02,main_sbox,bfs_h4
_20932,aes_sbox_us02,main_sbox,bfs_h5
_20933,aes_sbox_us02,main_sbox,bfs_h5
_20934,aes_sbox_us02,main_sbox,bfs_h4
_20935,aes_sbox_us02,main_sbox,bfs_h3
_20936,aes_sbox_us02,main_sbox,bfs_h4
_20937,aes_sbox_us02,main_sbox,bfs_h4
_20938,aes_sbox_us02,main_sbox,bfs_h4
_20939,aes_sbox_us02,main_sbox,bfs_h3
_20940,aes_sbox_us02,main_sbox,bfs_h5
_20941,aes_sbox_us02,main_sbox,bfs_h5
_20942,aes_sbox_us02,main_sbox,bfs_h4
_20943,aes_sbox_us02,main_sbox,bfs_h5
_20944,aes_sbox_us02,main_sbox,bfs_h5
_20945,aes_sbox_us02,main_sbox,bfs_h4
_20946,aes_sbox_us02,main_sbox,bfs_h3
_20947,aes_sbox_us02,main_sbox,bfs_h2
_20948,aes_sbox_us02,main_sbox,bfs_h2
_20949,aes_sbox_us02,main_sbox,bfs_h1
_20950,aes_sbox_us02,main_sbox,bfs_h5
_20951,aes_sbox_us02,main_sbox,bfs_h5
_20952,aes_sbox_us02,main_sbox,bfs_h4
_20953,aes_sbox_us02,main_sbox,bfs_h5
_20954,aes_sbox_us02,main_sbox,bfs_h5
_20955,aes_cipher_top,top,bfs_h7
_20956,aes_sbox_us02,main_sbox,bfs_h5
_20957,aes_sbox_us02,main_sbox,bfs_h5
_20958,aes_sbox_us02,main_sbox,bfs_h5
_20959,aes_sbox_us02,main_sbox,bfs_h4
_20960,aes_sbox_us02,main_sbox,bfs_h3
_20961,aes_sbox_us02,main_sbox,bfs_h5
_20962,aes_sbox_us02,main_sbox,bfs_h5
_20963,aes_sbox_us02,main_sbox,bfs_h5
_20964,aes_sbox_us02,main_sbox,bfs_h4
_20965,aes_sbox_us02,main_sbox,bfs_h5
_20966,aes_cipher_top,top,bfs_h6
_20967,aes_sbox_us02,main_sbox,bfs_h5
_20968,aes_sbox_us02,main_sbox,bfs_h4
_20969,aes_sbox_us02,main_sbox,bfs_h3
_20970,aes_sbox_us02,main_sbox,bfs_h2
_20971,aes_sbox_us02,main_sbox,bfs_h5
_20972,aes_sbox_us02,main_sbox,bfs_h5
_20973,aes_sbox_us02,main_sbox,bfs_h4
_20974,aes_sbox_us02,main_sbox,bfs_h5
_20975,aes_sbox_us02,main_sbox,bfs_h5
_20976,aes_sbox_us02,main_sbox,bfs_h4
_20977,aes_sbox_us02,main_sbox,bfs_h3
_20978,aes_sbox_us02,main_sbox,bfs_h5
_20979,aes_sbox_us02,main_sbox,bfs_h4
_20980,aes_sbox_us02,main_sbox,bfs_h5
_20981,aes_cipher_top,top,bfs_h6
_20982,aes_sbox_us02,main_sbox,bfs_h5
_20983,aes_sbox_us02,main_sbox,bfs_h4
_20984,aes_sbox_us02,main_sbox,bfs_h3
_20985,aes_cipher_top,top,bfs_h7
_20986,aes_sbox_us02,main_sbox,bfs_h5
_20987,aes_sbox_us02,main_sbox,bfs_h5
_20988,aes_cipher_top,top,bfs_h7
_20989,aes_sbox_us02,main_sbox,bfs_h5
_20990,aes_sbox_us02,main_sbox,bfs_h4
_20991,aes_sbox_us02,main_sbox,bfs_h5
_20992,aes_sbox_us02,main_sbox,bfs_h5
_20993,aes_sbox_us02,main_sbox,bfs_h5
_20994,aes_cipher_top,top,bfs_h6
_20995,aes_sbox_us02,main_sbox,bfs_h5
_20996,aes_sbox_us02,main_sbox,bfs_h5
_20997,aes_sbox_us02,main_sbox,bfs_h4
_20998,aes_sbox_us02,main_sbox,bfs_h3
_20999,aes_sbox_us02,main_sbox,bfs_h2
_21000,aes_sbox_us02,main_sbox,bfs_h1
_21001,aes_sbox_us02,main_sbox,bfs_h4
_21002,aes_sbox_us02,main_sbox,bfs_h5
_21003,aes_sbox_us02,main_sbox,bfs_h4
_21004,aes_sbox_us02,main_sbox,bfs_h3
_21005,aes_sbox_us02,main_sbox,bfs_h5
_21006,aes_sbox_us02,main_sbox,bfs_h5
_21007,aes_sbox_us02,main_sbox,bfs_h4
_21008,aes_sbox_us02,main_sbox,bfs_h5
_21009,aes_sbox_us02,main_sbox,bfs_h5
_21010,aes_sbox_us02,main_sbox,bfs_h4
_21011,aes_sbox_us02,main_sbox,bfs_h3
_21012,aes_sbox_us02,main_sbox,bfs_h2
_21013,aes_sbox_us02,main_sbox,bfs_h5
_21014,aes_sbox_us02,main_sbox,bfs_h5
_21015,aes_sbox_us02,main_sbox,bfs_h4
_21016,aes_sbox_us02,main_sbox,bfs_h5
_21017,aes_sbox_us02,main_sbox,bfs_h5
_21018,aes_sbox_us02,main_sbox,bfs_h4
_21019,aes_sbox_us02,main_sbox,bfs_h3
_21020,aes_sbox_us02,main_sbox,bfs_h5
_21021,aes_sbox_us02,main_sbox,bfs_h5
_21022,aes_sbox_us02,main_sbox,bfs_h4
_21023,aes_sbox_us02,main_sbox,bfs_h5
_21024,aes_sbox_us02,main_sbox,bfs_h4
_21025,aes_sbox_us02,main_sbox,bfs_h3
_21026,aes_sbox_us02,main_sbox,bfs_h2
_21027,aes_sbox_us02,main_sbox,bfs_h5
_21028,aes_sbox_us02,main_sbox,bfs_h4
_21029,aes_sbox_us02,main_sbox,bfs_h3
_21030,aes_sbox_us02,main_sbox,bfs_h4
_21031,aes_sbox_us02,main_sbox,bfs_h4
_21032,aes_sbox_us02,main_sbox,bfs_h3
_21033,aes_sbox_us02,main_sbox,bfs_h4
_21034,aes_sbox_us02,main_sbox,bfs_h4
_21035,aes_sbox_us02,main_sbox,bfs_h5
_21036,aes_sbox_us02,main_sbox,bfs_h5
_21037,aes_sbox_us02,main_sbox,bfs_h4
_21038,aes_sbox_us02,main_sbox,bfs_h3
_21039,aes_sbox_us02,main_sbox,bfs_h2
_21040,aes_sbox_us02,main_sbox,bfs_h4
_21041,aes_sbox_us02,main_sbox,bfs_h4
_21042,aes_sbox_us02,main_sbox,bfs_h5
_21043,aes_sbox_us02,main_sbox,bfs_h5
_21044,aes_sbox_us02,main_sbox,bfs_h4
_21045,aes_sbox_us02,main_sbox,bfs_h3
_21046,aes_sbox_us02,main_sbox,bfs_h5
_21047,aes_sbox_us02,main_sbox,bfs_h4
_21048,aes_sbox_us02,main_sbox,bfs_h5
_21049,aes_sbox_us02,main_sbox,bfs_h4
_21050,aes_sbox_us02,main_sbox,bfs_h3
_21051,aes_sbox_us02,main_sbox,bfs_h2
_21052,aes_sbox_us02,main_sbox,bfs_h1
_21053,aes_cipher_top,top,bfs_h2
_21054,aes_sbox_us13,main_sbox,bfs_h1
_21055,aes_sbox_us13,main_sbox,bfs_h2
_21056,aes_sbox_us03,main_sbox,bfs_h2
_21057,aes_sbox_us13,main_sbox,bfs_h1
_21058,aes_sbox_us23,main_sbox,bfs_h2
_21059,aes_sbox_us13,main_sbox,bfs_h3
_21060,aes_sbox_us23,main_sbox,bfs_h2
_21061,aes_sbox_us13,main_sbox,bfs_h2
_21062,aes_sbox_us03,main_sbox,bfs_h2
_21063,aes_sbox_us13,main_sbox,bfs_h2
_21064,aes_sbox_us13,main_sbox,bfs_h3
_21065,aes_cipher_top,top,bfs_h3
_21066,aes_key_expand_128_u0,key_expand,bfs_h2
_21067,aes_cipher_top,top,bfs_h3
_21068,aes_cipher_top,top,bfs_h2
_21069,aes_sbox_us13,main_sbox,bfs_h3
_21070,aes_sbox_us13,main_sbox,bfs_h3
_21071,aes_cipher_top,top,bfs_h3
_21072,aes_key_expand_128_u0,key_expand,bfs_h2
_21073,aes_key_expand_128_u0,key_expand,bfs_h3
_21074,aes_cipher_top,top,unassigned
_21075,aes_cipher_top,top,unassigned
_21076,aes_sbox_us33,main_sbox,bfs_h2
_21077,aes_sbox_us03,main_sbox,bfs_h2
_21078,aes_sbox_us33,main_sbox,bfs_h3
_21079,aes_sbox_us03,main_sbox,bfs_h2
_21080,aes_sbox_us33,main_sbox,bfs_h2
_21081,aes_sbox_us13,main_sbox,bfs_h1
_21082,aes_sbox_us13,main_sbox,bfs_h2
_21083,aes_sbox_us13,main_sbox,bfs_h3
_21084,aes_sbox_us33,main_sbox,bfs_h2
_21085,aes_sbox_us33,main_sbox,bfs_h3
_21086,aes_sbox_us13,main_sbox,bfs_h2
_21087,aes_cipher_top,top,bfs_h3
_21088,aes_key_expand_128_u0,key_expand,bfs_h2
_21089,aes_cipher_top,top,bfs_h2
_21090,aes_key_expand_128_u0,key_expand,bfs_h3
_21091,aes_key_expand_128_u0,key_expand,bfs_h3
_21092,aes_cipher_top,top,unassigned
_21093,aes_cipher_top,top,unassigned
_21094,aes_sbox_us13,main_sbox,bfs_h2
_21095,aes_sbox_us13,main_sbox,bfs_h1
_21096,aes_sbox_us13,main_sbox,bfs_h2
_21097,aes_sbox_us13,main_sbox,bfs_h1
_21098,aes_sbox_us13,main_sbox,bfs_h2
_21099,aes_sbox_us23,main_sbox,bfs_h2
_21100,aes_sbox_us13,main_sbox,bfs_h3
_21101,aes_sbox_us13,main_sbox,bfs_h2
_21102,aes_sbox_us13,main_sbox,bfs_h2
_21103,aes_sbox_us23,main_sbox,bfs_h2
_21104,aes_sbox_us13,main_sbox,bfs_h3
_21105,aes_cipher_top,top,bfs_h3
_21106,aes_cipher_top,top,bfs_h2
_21107,aes_key_expand_128_u0,key_expand,bfs_h3
_21108,aes_key_expand_128_u0,key_expand,bfs_h2
_21109,aes_key_expand_128_u0,key_expand,bfs_h2
_21110,aes_cipher_top,top,unassigned
_21111,aes_cipher_top,top,unassigned
_21112,aes_cipher_top,top,unassigned
_21113,aes_key_expand_128_u0,key_expand,bfs_h2
_21114,aes_key_expand_128_u0,key_expand,bfs_h2
_21115,aes_cipher_top,top,unassigned
_21116,aes_cipher_top,top,unassigned
_21117,aes_key_expand_128_u0,key_expand,bfs_h2
_21118,aes_cipher_top,top,bfs_h4
_21119,aes_cipher_top,top,bfs_h4
_21120,aes_cipher_top,top,bfs_h5
_21121,aes_sbox_us03,main_sbox,bfs_h6
_21122,aes_cipher_top,top,unassigned
_21123,aes_cipher_top,top,unassigned
_21124,aes_cipher_top,top,unassigned
_21125,aes_cipher_top,top,unassigned
_21126,aes_sbox_us03,main_sbox,bfs_h6
_21127,aes_cipher_top,top,unassigned
_21128,aes_sbox_us03,main_sbox,bfs_h6
_21129,aes_sbox_us03,main_sbox,bfs_h2
_21130,aes_sbox_us13,main_sbox,bfs_h1
_21131,aes_sbox_us33,main_sbox,bfs_h1
_21132,aes_sbox_us13,main_sbox,bfs_h2
_21133,aes_sbox_us03,main_sbox,bfs_h2
_21134,aes_sbox_us13,main_sbox,bfs_h2
_21135,aes_sbox_us13,main_sbox,bfs_h1
_21136,aes_sbox_us33,main_sbox,bfs_h1
_21137,aes_sbox_us03,main_sbox,bfs_h2
_21138,aes_sbox_us13,main_sbox,bfs_h2
_21139,aes_cipher_top,top,bfs_h2
_21140,aes_key_expand_128_u0,key_expand,bfs_h3
_21141,aes_key_expand_128_u0,key_expand,bfs_h2
_21142,aes_sbox_us03,main_sbox,bfs_h5
_21143,aes_sbox_us03,main_sbox,bfs_h5
_21144,aes_sbox_us03,main_sbox,bfs_h5
_21145,aes_cipher_top,top,unassigned
_21146,aes_sbox_us03,main_sbox,bfs_h6
_21147,aes_sbox_us03,main_sbox,bfs_h6
_21148,aes_cipher_top,top,bfs_h5
_21149,aes_cipher_top,top,bfs_h5
_21150,aes_cipher_top,top,unassigned
_21151,aes_sbox_us03,main_sbox,bfs_h6
_21152,aes_sbox_us03,main_sbox,bfs_h6
_21153,aes_sbox_us03,main_sbox,bfs_h6
_21154,aes_sbox_us23,main_sbox,bfs_h1
_21155,aes_sbox_us13,main_sbox,bfs_h1
_21156,aes_sbox_us03,main_sbox,bfs_h2
_21157,aes_sbox_us03,main_sbox,bfs_h1
_21158,aes_sbox_us13,main_sbox,bfs_h1
_21159,aes_sbox_us13,main_sbox,bfs_h2
_21160,aes_cipher_top,top,bfs_h2
_21161,aes_cipher_top,top,bfs_h3
_21162,aes_key_expand_128_u0,key_expand,bfs_h2
_21163,aes_cipher_top,top,unassigned
_21164,aes_sbox_us03,main_sbox,bfs_h5
_21165,aes_sbox_us03,main_sbox,bfs_h5
_21166,aes_sbox_us03,main_sbox,bfs_h5
_21167,aes_sbox_us03,main_sbox,bfs_h5
_21168,aes_key_expand_128_u0,key_expand,bfs_h2
_21169,aes_sbox_us03,main_sbox,bfs_h6
_21170,aes_sbox_us03,main_sbox,bfs_h5
_21171,aes_sbox_us03,main_sbox,bfs_h5
_21172,aes_sbox_us03,main_sbox,bfs_h5
_21173,aes_sbox_us03,main_sbox,bfs_h5
_21174,aes_sbox_us03,main_sbox,bfs_h5
_21175,aes_sbox_us03,main_sbox,bfs_h1
_21176,aes_sbox_us13,main_sbox,bfs_h1
_21177,aes_sbox_us33,main_sbox,bfs_h1
_21178,aes_sbox_us33,main_sbox,bfs_h2
_21179,aes_cipher_top,top,bfs_h2
_21180,aes_cipher_top,top,bfs_h3
_21181,aes_key_expand_128_u0,key_expand,bfs_h2
_21182,aes_sbox_us03,main_sbox,bfs_h4
_21183,aes_sbox_us03,main_sbox,bfs_h4
_21184,aes_sbox_us03,main_sbox,bfs_h4
_21185,aes_sbox_us03,main_sbox,bfs_h6
_21186,aes_sbox_us03,main_sbox,bfs_h6
_21187,aes_cipher_top,top,unassigned
_21188,aes_sbox_us03,main_sbox,bfs_h5
_21189,aes_sbox_us03,main_sbox,bfs_h5
_21190,aes_sbox_us03,main_sbox,bfs_h5
_21191,aes_sbox_us03,main_sbox,bfs_h6
_21192,aes_sbox_us03,main_sbox,bfs_h5
_21193,aes_cipher_top,top,unassigned
_21194,aes_cipher_top,top,unassigned
_21195,aes_sbox_us03,main_sbox,bfs_h6
_21196,aes_cipher_top,top,unassigned
_21197,aes_sbox_us03,main_sbox,bfs_h6
_21198,aes_sbox_us03,main_sbox,bfs_h5
_21199,aes_cipher_top,top,unassigned
_21200,aes_sbox_us03,main_sbox,bfs_h5
_21201,aes_sbox_us03,main_sbox,bfs_h5
_21202,aes_sbox_us03,main_sbox,bfs_h4
_21203,aes_sbox_us03,main_sbox,bfs_h1
_21204,aes_sbox_us33,main_sbox,bfs_h1
_21205,aes_sbox_us03,main_sbox,bfs_h2
_21206,aes_sbox_us13,main_sbox,bfs_h1
_21207,aes_sbox_us03,main_sbox,bfs_h2
_21208,aes_cipher_top,top,bfs_h3
_21209,aes_cipher_top,top,bfs_h3
_21210,aes_cipher_top,top,bfs_h2
_21211,aes_key_expand_128_u0,key_expand,bfs_h2
_21212,aes_key_expand_128_u0,key_expand,bfs_h2
_21213,aes_sbox_us03,main_sbox,bfs_h5
_21214,aes_sbox_us03,main_sbox,bfs_h5
_21215,aes_sbox_us03,main_sbox,bfs_h4
_21216,aes_sbox_us03,main_sbox,bfs_h3
_21217,aes_sbox_us03,main_sbox,bfs_h5
_21218,aes_cipher_top,top,unassigned
_21219,aes_sbox_us03,main_sbox,bfs_h5
_21220,aes_sbox_us03,main_sbox,bfs_h5
_21221,aes_sbox_us03,main_sbox,bfs_h5
_21222,aes_sbox_us03,main_sbox,bfs_h5
_21223,aes_sbox_us03,main_sbox,bfs_h5
_21224,aes_sbox_us03,main_sbox,bfs_h6
_21225,aes_sbox_us03,main_sbox,bfs_h5
_21226,aes_sbox_us03,main_sbox,bfs_h5
_21227,aes_cipher_top,top,unassigned
_21228,aes_cipher_top,top,unassigned
_21229,aes_sbox_us03,main_sbox,bfs_h5
_21230,aes_sbox_us03,main_sbox,bfs_h5
_21231,aes_sbox_us03,main_sbox,bfs_h5
_21232,aes_sbox_us03,main_sbox,bfs_h5
_21233,aes_sbox_us03,main_sbox,bfs_h4
_21234,aes_cipher_top,top,unassigned
_21235,aes_sbox_us03,main_sbox,bfs_h5
_21236,aes_sbox_us03,main_sbox,bfs_h4
_21237,aes_sbox_us03,main_sbox,bfs_h5
_21238,aes_sbox_us03,main_sbox,bfs_h5
_21239,aes_cipher_top,top,unassigned
_21240,aes_sbox_us03,main_sbox,bfs_h5
_21241,aes_sbox_us03,main_sbox,bfs_h4
_21242,aes_sbox_us03,main_sbox,bfs_h5
_21243,aes_sbox_us03,main_sbox,bfs_h5
_21244,aes_sbox_us03,main_sbox,bfs_h5
_21245,aes_sbox_us03,main_sbox,bfs_h5
_21246,aes_sbox_us03,main_sbox,bfs_h5
_21247,aes_sbox_us03,main_sbox,bfs_h5
_21248,aes_sbox_us03,main_sbox,bfs_h4
_21249,aes_sbox_us03,main_sbox,bfs_h5
_21250,aes_sbox_us03,main_sbox,bfs_h4
_21251,aes_sbox_us23,main_sbox,bfs_h2
_21252,aes_sbox_us33,main_sbox,bfs_h2
_21253,aes_sbox_us03,main_sbox,bfs_h1
_21254,aes_sbox_us03,main_sbox,bfs_h2
_21255,aes_cipher_top,top,bfs_h2
_21256,aes_cipher_top,top,bfs_h3
_21257,aes_key_expand_128_u0,key_expand,bfs_h2
_21258,aes_sbox_us03,main_sbox,bfs_h3
_21259,aes_sbox_us03,main_sbox,bfs_h2
_21260,aes_sbox_us03,main_sbox,bfs_h6
_21261,aes_sbox_us03,main_sbox,bfs_h6
_21262,aes_sbox_us03,main_sbox,bfs_h5
_21263,aes_sbox_us03,main_sbox,bfs_h5
_21264,aes_sbox_us03,main_sbox,bfs_h5
_21265,aes_sbox_us03,main_sbox,bfs_h5
_21266,aes_sbox_us03,main_sbox,bfs_h4
_21267,aes_sbox_us03,main_sbox,bfs_h6
_21268,aes_sbox_us03,main_sbox,bfs_h6
_21269,aes_sbox_us03,main_sbox,bfs_h5
_21270,aes_sbox_us03,main_sbox,bfs_h5
_21271,aes_cipher_top,top,unassigned
_21272,aes_cipher_top,top,unassigned
_21273,aes_sbox_us03,main_sbox,bfs_h5
_21274,aes_sbox_us03,main_sbox,bfs_h5
_21275,aes_sbox_us03,main_sbox,bfs_h4
_21276,aes_sbox_us03,main_sbox,bfs_h5
_21277,aes_sbox_us03,main_sbox,bfs_h5
_21278,aes_sbox_us03,main_sbox,bfs_h5
_21279,aes_cipher_top,top,unassigned
_21280,aes_sbox_us03,main_sbox,bfs_h6
_21281,aes_sbox_us03,main_sbox,bfs_h5
_21282,aes_sbox_us03,main_sbox,bfs_h5
_21283,aes_sbox_us03,main_sbox,bfs_h5
_21284,aes_sbox_us03,main_sbox,bfs_h5
_21285,aes_sbox_us03,main_sbox,bfs_h5
_21286,aes_sbox_us03,main_sbox,bfs_h5
_21287,aes_sbox_us03,main_sbox,bfs_h5
_21288,aes_sbox_us03,main_sbox,bfs_h4
_21289,aes_sbox_us03,main_sbox,bfs_h3
_21290,aes_cipher_top,top,unassigned
_21291,aes_sbox_us03,main_sbox,bfs_h5
_21292,aes_cipher_top,top,unassigned
_21293,aes_cipher_top,top,unassigned
_21294,aes_sbox_us03,main_sbox,bfs_h5
_21295,aes_sbox_us03,main_sbox,bfs_h5
_21296,aes_sbox_us03,main_sbox,bfs_h5
_21297,aes_sbox_us03,main_sbox,bfs_h4
_21298,aes_sbox_us03,main_sbox,bfs_h5
_21299,aes_cipher_top,top,unassigned
_21300,aes_sbox_us03,main_sbox,bfs_h5
_21301,aes_cipher_top,top,unassigned
_21302,aes_sbox_us03,main_sbox,bfs_h5
_21303,aes_sbox_us03,main_sbox,bfs_h6
_21304,aes_sbox_us03,main_sbox,bfs_h5
_21305,aes_sbox_us03,main_sbox,bfs_h4
_21306,aes_sbox_us03,main_sbox,bfs_h4
_21307,aes_sbox_us03,main_sbox,bfs_h3
_21308,aes_sbox_us03,main_sbox,bfs_h5
_21309,aes_sbox_us03,main_sbox,bfs_h5
_21310,aes_sbox_us03,main_sbox,bfs_h5
_21311,aes_sbox_us03,main_sbox,bfs_h5
_21312,aes_sbox_us03,main_sbox,bfs_h4
_21313,aes_sbox_us03,main_sbox,bfs_h6
_21314,aes_sbox_us03,main_sbox,bfs_h6
_21315,aes_sbox_us03,main_sbox,bfs_h5
_21316,aes_sbox_us03,main_sbox,bfs_h5
_21317,aes_sbox_us03,main_sbox,bfs_h5
_21318,aes_sbox_us03,main_sbox,bfs_h6
_21319,aes_sbox_us03,main_sbox,bfs_h5
_21320,aes_sbox_us03,main_sbox,bfs_h5
_21321,aes_sbox_us03,main_sbox,bfs_h4
_21322,aes_sbox_us03,main_sbox,bfs_h4
_21323,aes_sbox_us03,main_sbox,bfs_h3
_21324,aes_sbox_us03,main_sbox,bfs_h2
_21325,aes_sbox_us03,main_sbox,bfs_h2
_21326,aes_sbox_us03,main_sbox,bfs_h2
_21327,aes_sbox_us03,main_sbox,bfs_h1
_21328,aes_sbox_us03,main_sbox,bfs_h4
_21329,aes_sbox_us03,main_sbox,bfs_h5
_21330,aes_sbox_us03,main_sbox,bfs_h5
_21331,aes_sbox_us03,main_sbox,bfs_h5
_21332,aes_sbox_us03,main_sbox,bfs_h4
_21333,aes_sbox_us03,main_sbox,bfs_h4
_21334,aes_sbox_us03,main_sbox,bfs_h5
_21335,aes_sbox_us03,main_sbox,bfs_h5
_21336,aes_sbox_us03,main_sbox,bfs_h4
_21337,aes_sbox_us03,main_sbox,bfs_h3
_21338,aes_cipher_top,top,unassigned
_21339,aes_cipher_top,top,unassigned
_21340,aes_sbox_us03,main_sbox,bfs_h5
_21341,aes_sbox_us03,main_sbox,bfs_h5
_21342,aes_sbox_us03,main_sbox,bfs_h4
_21343,aes_sbox_us03,main_sbox,bfs_h5
_21344,aes_sbox_us03,main_sbox,bfs_h5
_21345,aes_sbox_us03,main_sbox,bfs_h4
_21346,aes_sbox_us03,main_sbox,bfs_h4
_21347,aes_sbox_us03,main_sbox,bfs_h5
_21348,aes_cipher_top,top,unassigned
_21349,aes_cipher_top,top,unassigned
_21350,aes_sbox_us03,main_sbox,bfs_h6
_21351,aes_sbox_us03,main_sbox,bfs_h5
_21352,aes_sbox_us03,main_sbox,bfs_h4
_21353,aes_sbox_us03,main_sbox,bfs_h3
_21354,aes_sbox_us03,main_sbox,bfs_h3
_21355,aes_sbox_us03,main_sbox,bfs_h2
_21356,aes_sbox_us03,main_sbox,bfs_h4
_21357,aes_sbox_us03,main_sbox,bfs_h4
_21358,aes_cipher_top,top,unassigned
_21359,aes_sbox_us03,main_sbox,bfs_h5
_21360,aes_sbox_us03,main_sbox,bfs_h5
_21361,aes_sbox_us03,main_sbox,bfs_h4
_21362,aes_sbox_us03,main_sbox,bfs_h3
_21363,aes_sbox_us03,main_sbox,bfs_h6
_21364,aes_sbox_us03,main_sbox,bfs_h5
_21365,aes_sbox_us03,main_sbox,bfs_h5
_21366,aes_sbox_us03,main_sbox,bfs_h4
_21367,aes_sbox_us03,main_sbox,bfs_h5
_21368,aes_sbox_us03,main_sbox,bfs_h4
_21369,aes_sbox_us03,main_sbox,bfs_h4
_21370,aes_sbox_us03,main_sbox,bfs_h3
_21371,aes_sbox_us03,main_sbox,bfs_h3
_21372,aes_sbox_us03,main_sbox,bfs_h3
_21373,aes_sbox_us03,main_sbox,bfs_h2
_21374,aes_sbox_us03,main_sbox,bfs_h5
_21375,aes_sbox_us03,main_sbox,bfs_h5
_21376,aes_cipher_top,top,unassigned
_21377,aes_sbox_us03,main_sbox,bfs_h5
_21378,aes_sbox_us03,main_sbox,bfs_h5
_21379,aes_sbox_us03,main_sbox,bfs_h5
_21380,aes_sbox_us03,main_sbox,bfs_h4
_21381,aes_cipher_top,top,unassigned
_21382,aes_cipher_top,top,unassigned
_21383,aes_sbox_us03,main_sbox,bfs_h5
_21384,aes_sbox_us03,main_sbox,bfs_h5
_21385,aes_sbox_us03,main_sbox,bfs_h5
_21386,aes_sbox_us03,main_sbox,bfs_h5
_21387,aes_sbox_us03,main_sbox,bfs_h4
_21388,aes_cipher_top,top,unassigned
_21389,aes_sbox_us03,main_sbox,bfs_h6
_21390,aes_sbox_us03,main_sbox,bfs_h5
_21391,aes_sbox_us03,main_sbox,bfs_h5
_21392,aes_sbox_us03,main_sbox,bfs_h4
_21393,aes_sbox_us03,main_sbox,bfs_h3
_21394,aes_sbox_us03,main_sbox,bfs_h3
_21395,aes_sbox_us03,main_sbox,bfs_h5
_21396,aes_sbox_us03,main_sbox,bfs_h5
_21397,aes_sbox_us03,main_sbox,bfs_h5
_21398,aes_sbox_us03,main_sbox,bfs_h5
_21399,aes_sbox_us03,main_sbox,bfs_h5
_21400,aes_sbox_us03,main_sbox,bfs_h6
_21401,aes_sbox_us03,main_sbox,bfs_h5
_21402,aes_sbox_us03,main_sbox,bfs_h5
_21403,aes_sbox_us03,main_sbox,bfs_h4
_21404,aes_cipher_top,top,unassigned
_21405,aes_cipher_top,top,unassigned
_21406,aes_sbox_us03,main_sbox,bfs_h5
_21407,aes_key_expand_128_u0,key_expand,bfs_h3
_21408,aes_key_expand_128_u0,key_expand,bfs_h2
_21409,aes_sbox_us03,main_sbox,bfs_h5
_21410,aes_sbox_us03,main_sbox,bfs_h5
_21411,aes_sbox_us03,main_sbox,bfs_h5
_21412,aes_sbox_us03,main_sbox,bfs_h5
_21413,aes_sbox_us03,main_sbox,bfs_h5
_21414,aes_sbox_us03,main_sbox,bfs_h4
_21415,aes_sbox_us03,main_sbox,bfs_h3
_21416,aes_sbox_us03,main_sbox,bfs_h2
_21417,aes_sbox_us03,main_sbox,bfs_h1
_21418,aes_sbox_us03,main_sbox,bfs_h5
_21419,aes_sbox_us03,main_sbox,bfs_h4
_21420,aes_sbox_us03,main_sbox,bfs_h5
_21421,aes_sbox_us03,main_sbox,bfs_h4
_21422,aes_sbox_us03,main_sbox,bfs_h5
_21423,aes_sbox_us03,main_sbox,bfs_h5
_21424,aes_sbox_us03,main_sbox,bfs_h5
_21425,aes_sbox_us03,main_sbox,bfs_h6
_21426,aes_sbox_us03,main_sbox,bfs_h5
_21427,aes_sbox_us03,main_sbox,bfs_h4
_21428,aes_sbox_us03,main_sbox,bfs_h3
_21429,aes_cipher_top,top,unassigned
_21430,aes_cipher_top,top,unassigned
_21431,aes_sbox_us03,main_sbox,bfs_h5
_21432,aes_sbox_us03,main_sbox,bfs_h5
_21433,aes_sbox_us03,main_sbox,bfs_h5
_21434,aes_sbox_us03,main_sbox,bfs_h5
_21435,aes_cipher_top,top,unassigned
_21436,aes_sbox_us03,main_sbox,bfs_h5
_21437,aes_sbox_us03,main_sbox,bfs_h5
_21438,aes_sbox_us03,main_sbox,bfs_h4
_21439,aes_sbox_us03,main_sbox,bfs_h4
_21440,aes_sbox_us03,main_sbox,bfs_h3
_21441,aes_sbox_us03,main_sbox,bfs_h5
_21442,aes_sbox_us03,main_sbox,bfs_h5
_21443,aes_sbox_us03,main_sbox,bfs_h6
_21444,aes_sbox_us03,main_sbox,bfs_h5
_21445,aes_sbox_us03,main_sbox,bfs_h4
_21446,aes_sbox_us03,main_sbox,bfs_h5
_21447,aes_cipher_top,top,unassigned
_21448,aes_sbox_us03,main_sbox,bfs_h5
_21449,aes_sbox_us03,main_sbox,bfs_h4
_21450,aes_sbox_us03,main_sbox,bfs_h3
_21451,aes_cipher_top,top,unassigned
_21452,aes_sbox_us03,main_sbox,bfs_h5
_21453,aes_sbox_us03,main_sbox,bfs_h6
_21454,aes_sbox_us03,main_sbox,bfs_h5
_21455,aes_sbox_us03,main_sbox,bfs_h5
_21456,aes_sbox_us03,main_sbox,bfs_h5
_21457,aes_sbox_us03,main_sbox,bfs_h4
_21458,aes_sbox_us03,main_sbox,bfs_h4
_21459,aes_sbox_us03,main_sbox,bfs_h3
_21460,aes_sbox_us03,main_sbox,bfs_h3
_21461,aes_sbox_us03,main_sbox,bfs_h2
_21462,aes_sbox_us03,main_sbox,bfs_h5
_21463,aes_sbox_us03,main_sbox,bfs_h5
_21464,aes_sbox_us03,main_sbox,bfs_h4
_21465,aes_sbox_us03,main_sbox,bfs_h5
_21466,aes_sbox_us03,main_sbox,bfs_h5
_21467,aes_sbox_us03,main_sbox,bfs_h5
_21468,aes_sbox_us03,main_sbox,bfs_h4
_21469,aes_sbox_us03,main_sbox,bfs_h6
_21470,aes_sbox_us03,main_sbox,bfs_h5
_21471,aes_sbox_us03,main_sbox,bfs_h5
_21472,aes_sbox_us03,main_sbox,bfs_h5
_21473,aes_sbox_us03,main_sbox,bfs_h4
_21474,aes_sbox_us03,main_sbox,bfs_h3
_21475,aes_cipher_top,top,unassigned
_21476,aes_sbox_us03,main_sbox,bfs_h5
_21477,aes_sbox_us03,main_sbox,bfs_h5
_21478,aes_sbox_us03,main_sbox,bfs_h5
_21479,aes_sbox_us03,main_sbox,bfs_h5
_21480,aes_sbox_us03,main_sbox,bfs_h5
_21481,aes_sbox_us03,main_sbox,bfs_h4
_21482,aes_sbox_us03,main_sbox,bfs_h5
_21483,aes_sbox_us03,main_sbox,bfs_h5
_21484,aes_sbox_us03,main_sbox,bfs_h4
_21485,aes_sbox_us03,main_sbox,bfs_h5
_21486,aes_sbox_us03,main_sbox,bfs_h6
_21487,aes_sbox_us03,main_sbox,bfs_h6
_21488,aes_sbox_us03,main_sbox,bfs_h5
_21489,aes_sbox_us03,main_sbox,bfs_h4
_21490,aes_sbox_us03,main_sbox,bfs_h3
_21491,aes_sbox_us03,main_sbox,bfs_h2
_21492,aes_sbox_us03,main_sbox,bfs_h1
_21493,aes_sbox_us03,main_sbox,bfs_h5
_21494,aes_sbox_us03,main_sbox,bfs_h5
_21495,aes_sbox_us03,main_sbox,bfs_h6
_21496,aes_sbox_us03,main_sbox,bfs_h5
_21497,aes_sbox_us03,main_sbox,bfs_h5
_21498,aes_sbox_us03,main_sbox,bfs_h4
_21499,aes_sbox_us03,main_sbox,bfs_h5
_21500,aes_sbox_us03,main_sbox,bfs_h4
_21501,aes_cipher_top,top,unassigned
_21502,aes_sbox_us03,main_sbox,bfs_h6
_21503,aes_sbox_us03,main_sbox,bfs_h5
_21504,aes_sbox_us03,main_sbox,bfs_h5
_21505,aes_sbox_us03,main_sbox,bfs_h6
_21506,aes_sbox_us03,main_sbox,bfs_h6
_21507,aes_sbox_us03,main_sbox,bfs_h5
_21508,aes_sbox_us03,main_sbox,bfs_h4
_21509,aes_sbox_us03,main_sbox,bfs_h3
_21510,aes_sbox_us03,main_sbox,bfs_h5
_21511,aes_sbox_us03,main_sbox,bfs_h4
_21512,aes_cipher_top,top,unassigned
_21513,aes_sbox_us03,main_sbox,bfs_h5
_21514,aes_sbox_us03,main_sbox,bfs_h4
_21515,aes_sbox_us03,main_sbox,bfs_h3
_21516,aes_sbox_us03,main_sbox,bfs_h5
_21517,aes_sbox_us03,main_sbox,bfs_h5
_21518,aes_sbox_us03,main_sbox,bfs_h4
_21519,aes_sbox_us03,main_sbox,bfs_h4
_21520,aes_sbox_us03,main_sbox,bfs_h3
_21521,aes_sbox_us03,main_sbox,bfs_h2
_21522,aes_sbox_us03,main_sbox,bfs_h2
_21523,aes_sbox_us03,main_sbox,bfs_h6
_21524,aes_sbox_us03,main_sbox,bfs_h5
_21525,aes_sbox_us03,main_sbox,bfs_h4
_21526,aes_sbox_us03,main_sbox,bfs_h5
_21527,aes_sbox_us03,main_sbox,bfs_h4
_21528,aes_sbox_us03,main_sbox,bfs_h3
_21529,aes_sbox_us03,main_sbox,bfs_h6
_21530,aes_sbox_us03,main_sbox,bfs_h5
_21531,aes_sbox_us03,main_sbox,bfs_h5
_21532,aes_sbox_us03,main_sbox,bfs_h5
_21533,aes_sbox_us03,main_sbox,bfs_h5
_21534,aes_sbox_us03,main_sbox,bfs_h4
_21535,aes_sbox_us03,main_sbox,bfs_h3
_21536,aes_sbox_us03,main_sbox,bfs_h5
_21537,aes_sbox_us03,main_sbox,bfs_h5
_21538,aes_sbox_us03,main_sbox,bfs_h5
_21539,aes_sbox_us03,main_sbox,bfs_h5
_21540,aes_sbox_us03,main_sbox,bfs_h4
_21541,aes_sbox_us03,main_sbox,bfs_h4
_21542,aes_sbox_us03,main_sbox,bfs_h5
_21543,aes_sbox_us03,main_sbox,bfs_h4
_21544,aes_sbox_us03,main_sbox,bfs_h5
_21545,aes_cipher_top,top,unassigned
_21546,aes_sbox_us03,main_sbox,bfs_h5
_21547,aes_sbox_us03,main_sbox,bfs_h4
_21548,aes_sbox_us03,main_sbox,bfs_h3
_21549,aes_sbox_us03,main_sbox,bfs_h3
_21550,aes_sbox_us03,main_sbox,bfs_h2
_21551,aes_sbox_us03,main_sbox,bfs_h1
_21552,aes_cipher_top,top,unassigned
_21553,aes_cipher_top,top,unassigned
_21554,aes_sbox_us03,main_sbox,bfs_h5
_21555,aes_sbox_us03,main_sbox,bfs_h4
_21556,aes_cipher_top,top,unassigned
_21557,aes_sbox_us03,main_sbox,bfs_h5
_21558,aes_sbox_us03,main_sbox,bfs_h5
_21559,aes_sbox_us03,main_sbox,bfs_h5
_21560,aes_sbox_us03,main_sbox,bfs_h4
_21561,aes_sbox_us03,main_sbox,bfs_h4
_21562,aes_sbox_us03,main_sbox,bfs_h3
_21563,aes_sbox_us03,main_sbox,bfs_h5
_21564,aes_sbox_us03,main_sbox,bfs_h4
_21565,aes_sbox_us03,main_sbox,bfs_h4
_21566,aes_sbox_us03,main_sbox,bfs_h4
_21567,aes_sbox_us03,main_sbox,bfs_h4
_21568,aes_sbox_us03,main_sbox,bfs_h3
_21569,aes_sbox_us03,main_sbox,bfs_h2
_21570,aes_sbox_us03,main_sbox,bfs_h4
_21571,aes_sbox_us03,main_sbox,bfs_h5
_21572,aes_sbox_us03,main_sbox,bfs_h4
_21573,aes_sbox_us03,main_sbox,bfs_h5
_21574,aes_sbox_us03,main_sbox,bfs_h4
_21575,aes_sbox_us03,main_sbox,bfs_h3
_21576,aes_sbox_us03,main_sbox,bfs_h4
_21577,aes_sbox_us03,main_sbox,bfs_h5
_21578,aes_sbox_us03,main_sbox,bfs_h4
_21579,aes_sbox_us03,main_sbox,bfs_h4
_21580,aes_sbox_us03,main_sbox,bfs_h4
_21581,aes_sbox_us03,main_sbox,bfs_h3
_21582,aes_sbox_us03,main_sbox,bfs_h2
_21583,aes_sbox_us03,main_sbox,bfs_h5
_21584,aes_sbox_us03,main_sbox,bfs_h4
_21585,aes_sbox_us03,main_sbox,bfs_h4
_21586,aes_sbox_us03,main_sbox,bfs_h4
_21587,aes_sbox_us03,main_sbox,bfs_h3
_21588,aes_sbox_us03,main_sbox,bfs_h5
_21589,aes_sbox_us03,main_sbox,bfs_h5
_21590,aes_sbox_us03,main_sbox,bfs_h4
_21591,aes_sbox_us03,main_sbox,bfs_h5
_21592,aes_sbox_us03,main_sbox,bfs_h4
_21593,aes_sbox_us03,main_sbox,bfs_h3
_21594,aes_sbox_us03,main_sbox,bfs_h2
_21595,aes_sbox_us03,main_sbox,bfs_h5
_21596,aes_sbox_us03,main_sbox,bfs_h5
_21597,aes_sbox_us03,main_sbox,bfs_h5
_21598,aes_sbox_us03,main_sbox,bfs_h4
_21599,aes_cipher_top,top,unassigned
_21600,aes_sbox_us03,main_sbox,bfs_h5
_21601,aes_sbox_us03,main_sbox,bfs_h4
_21602,aes_sbox_us03,main_sbox,bfs_h3
_21603,aes_sbox_us03,main_sbox,bfs_h5
_21604,aes_sbox_us03,main_sbox,bfs_h4
_21605,aes_sbox_us03,main_sbox,bfs_h4
_21606,aes_sbox_us03,main_sbox,bfs_h4
_21607,aes_sbox_us03,main_sbox,bfs_h4
_21608,aes_sbox_us03,main_sbox,bfs_h3
_21609,aes_sbox_us03,main_sbox,bfs_h3
_21610,aes_sbox_us03,main_sbox,bfs_h2
_21611,aes_sbox_us03,main_sbox,bfs_h1
_21612,aes_sbox_us03,main_sbox,bfs_h6
_21613,aes_sbox_us03,main_sbox,bfs_h5
_21614,aes_sbox_us03,main_sbox,bfs_h5
_21615,aes_cipher_top,top,unassigned
_21616,aes_cipher_top,top,unassigned
_21617,aes_sbox_us03,main_sbox,bfs_h5
_21618,aes_sbox_us03,main_sbox,bfs_h4
_21619,aes_cipher_top,top,unassigned
_21620,aes_sbox_us03,main_sbox,bfs_h5
_21621,aes_sbox_us03,main_sbox,bfs_h5
_21622,aes_sbox_us03,main_sbox,bfs_h4
_21623,aes_sbox_us03,main_sbox,bfs_h5
_21624,aes_sbox_us03,main_sbox,bfs_h5
_21625,aes_sbox_us03,main_sbox,bfs_h4
_21626,aes_sbox_us03,main_sbox,bfs_h3
_21627,aes_sbox_us03,main_sbox,bfs_h5
_21628,aes_sbox_us03,main_sbox,bfs_h5
_21629,aes_sbox_us03,main_sbox,bfs_h5
_21630,aes_sbox_us03,main_sbox,bfs_h4
_21631,aes_sbox_us03,main_sbox,bfs_h4
_21632,aes_cipher_top,top,unassigned
_21633,aes_sbox_us03,main_sbox,bfs_h5
_21634,aes_sbox_us03,main_sbox,bfs_h5
_21635,aes_sbox_us03,main_sbox,bfs_h5
_21636,aes_sbox_us03,main_sbox,bfs_h5
_21637,aes_sbox_us03,main_sbox,bfs_h5
_21638,aes_sbox_us03,main_sbox,bfs_h5
_21639,aes_sbox_us03,main_sbox,bfs_h4
_21640,aes_sbox_us03,main_sbox,bfs_h3
_21641,aes_sbox_us03,main_sbox,bfs_h2
_21642,aes_sbox_us03,main_sbox,bfs_h4
_21643,aes_sbox_us03,main_sbox,bfs_h5
_21644,aes_sbox_us03,main_sbox,bfs_h5
_21645,aes_sbox_us03,main_sbox,bfs_h4
_21646,aes_sbox_us03,main_sbox,bfs_h6
_21647,aes_sbox_us03,main_sbox,bfs_h5
_21648,aes_sbox_us03,main_sbox,bfs_h6
_21649,aes_sbox_us03,main_sbox,bfs_h5
_21650,aes_sbox_us03,main_sbox,bfs_h5
_21651,aes_sbox_us03,main_sbox,bfs_h4
_21652,aes_sbox_us03,main_sbox,bfs_h3
_21653,aes_sbox_us03,main_sbox,bfs_h6
_21654,aes_sbox_us03,main_sbox,bfs_h5
_21655,aes_sbox_us03,main_sbox,bfs_h4
_21656,aes_sbox_us03,main_sbox,bfs_h5
_21657,aes_sbox_us03,main_sbox,bfs_h4
_21658,aes_sbox_us03,main_sbox,bfs_h3
_21659,aes_sbox_us03,main_sbox,bfs_h4
_21660,aes_sbox_us03,main_sbox,bfs_h4
_21661,aes_sbox_us03,main_sbox,bfs_h5
_21662,aes_sbox_us03,main_sbox,bfs_h4
_21663,aes_sbox_us03,main_sbox,bfs_h3
_21664,aes_sbox_us03,main_sbox,bfs_h2
_21665,aes_sbox_us03,main_sbox,bfs_h2
_21666,aes_sbox_us03,main_sbox,bfs_h1
_21667,aes_sbox_us03,main_sbox,bfs_h4
_21668,aes_sbox_us03,main_sbox,bfs_h5
_21669,aes_sbox_us03,main_sbox,bfs_h4
_21670,aes_sbox_us03,main_sbox,bfs_h5
_21671,aes_sbox_us03,main_sbox,bfs_h4
_21672,aes_sbox_us03,main_sbox,bfs_h3
_21673,aes_sbox_us03,main_sbox,bfs_h5
_21674,aes_sbox_us03,main_sbox,bfs_h4
_21675,aes_sbox_us03,main_sbox,bfs_h5
_21676,aes_sbox_us03,main_sbox,bfs_h5
_21677,aes_sbox_us03,main_sbox,bfs_h4
_21678,aes_sbox_us03,main_sbox,bfs_h3
_21679,aes_sbox_us03,main_sbox,bfs_h2
_21680,aes_sbox_us03,main_sbox,bfs_h5
_21681,aes_sbox_us03,main_sbox,bfs_h5
_21682,aes_sbox_us03,main_sbox,bfs_h4
_21683,aes_sbox_us03,main_sbox,bfs_h5
_21684,aes_sbox_us03,main_sbox,bfs_h5
_21685,aes_sbox_us03,main_sbox,bfs_h5
_21686,aes_sbox_us03,main_sbox,bfs_h4
_21687,aes_sbox_us03,main_sbox,bfs_h3
_21688,aes_sbox_us03,main_sbox,bfs_h5
_21689,aes_sbox_us03,main_sbox,bfs_h4
_21690,aes_sbox_us03,main_sbox,bfs_h5
_21691,aes_cipher_top,top,unassigned
_21692,aes_sbox_us03,main_sbox,bfs_h5
_21693,aes_sbox_us03,main_sbox,bfs_h4
_21694,aes_sbox_us03,main_sbox,bfs_h3
_21695,aes_sbox_us03,main_sbox,bfs_h2
_21696,aes_sbox_us03,main_sbox,bfs_h4
_21697,aes_cipher_top,top,unassigned
_21698,aes_sbox_us03,main_sbox,bfs_h5
_21699,aes_sbox_us03,main_sbox,bfs_h4
_21700,aes_sbox_us03,main_sbox,bfs_h3
_21701,aes_sbox_us03,main_sbox,bfs_h3
_21702,aes_sbox_us03,main_sbox,bfs_h5
_21703,aes_sbox_us03,main_sbox,bfs_h4
_21704,aes_sbox_us03,main_sbox,bfs_h5
_21705,aes_sbox_us03,main_sbox,bfs_h5
_21706,aes_sbox_us03,main_sbox,bfs_h4
_21707,aes_sbox_us03,main_sbox,bfs_h3
_21708,aes_sbox_us03,main_sbox,bfs_h2
_21709,aes_sbox_us03,main_sbox,bfs_h5
_21710,aes_sbox_us03,main_sbox,bfs_h4
_21711,aes_sbox_us03,main_sbox,bfs_h5
_21712,aes_sbox_us03,main_sbox,bfs_h5
_21713,aes_sbox_us03,main_sbox,bfs_h4
_21714,aes_sbox_us03,main_sbox,bfs_h3
_21715,aes_sbox_us03,main_sbox,bfs_h5
_21716,aes_sbox_us03,main_sbox,bfs_h4
_21717,aes_sbox_us03,main_sbox,bfs_h5
_21718,aes_sbox_us03,main_sbox,bfs_h4
_21719,aes_sbox_us03,main_sbox,bfs_h3
_21720,aes_sbox_us03,main_sbox,bfs_h2
_21721,aes_sbox_us03,main_sbox,bfs_h1
_21722,aes_sbox_us03,main_sbox,bfs_h5
_21723,aes_sbox_us03,main_sbox,bfs_h5
_21724,aes_sbox_us03,main_sbox,bfs_h5
_21725,aes_sbox_us03,main_sbox,bfs_h4
_21726,aes_sbox_us03,main_sbox,bfs_h5
_21727,aes_cipher_top,top,unassigned
_21728,aes_sbox_us03,main_sbox,bfs_h5
_21729,aes_sbox_us03,main_sbox,bfs_h5
_21730,aes_sbox_us03,main_sbox,bfs_h5
_21731,aes_sbox_us03,main_sbox,bfs_h4
_21732,aes_sbox_us03,main_sbox,bfs_h3
_21733,aes_sbox_us03,main_sbox,bfs_h5
_21734,aes_sbox_us03,main_sbox,bfs_h5
_21735,aes_sbox_us03,main_sbox,bfs_h5
_21736,aes_sbox_us03,main_sbox,bfs_h5
_21737,aes_sbox_us03,main_sbox,bfs_h4
_21738,aes_sbox_us03,main_sbox,bfs_h5
_21739,aes_sbox_us03,main_sbox,bfs_h5
_21740,aes_sbox_us03,main_sbox,bfs_h5
_21741,aes_sbox_us03,main_sbox,bfs_h5
_21742,aes_sbox_us03,main_sbox,bfs_h4
_21743,aes_sbox_us03,main_sbox,bfs_h3
_21744,aes_sbox_us03,main_sbox,bfs_h2
_21745,aes_sbox_us03,main_sbox,bfs_h5
_21746,aes_sbox_us03,main_sbox,bfs_h4
_21747,aes_sbox_us03,main_sbox,bfs_h5
_21748,aes_cipher_top,top,unassigned
_21749,aes_sbox_us03,main_sbox,bfs_h5
_21750,aes_sbox_us03,main_sbox,bfs_h4
_21751,aes_sbox_us03,main_sbox,bfs_h5
_21752,aes_sbox_us03,main_sbox,bfs_h5
_21753,aes_sbox_us03,main_sbox,bfs_h5
_21754,aes_sbox_us03,main_sbox,bfs_h5
_21755,aes_sbox_us03,main_sbox,bfs_h5
_21756,aes_sbox_us03,main_sbox,bfs_h5
_21757,aes_sbox_us03,main_sbox,bfs_h4
_21758,aes_sbox_us03,main_sbox,bfs_h3
_21759,aes_sbox_us03,main_sbox,bfs_h5
_21760,aes_sbox_us03,main_sbox,bfs_h5
_21761,aes_sbox_us03,main_sbox,bfs_h5
_21762,aes_sbox_us03,main_sbox,bfs_h6
_21763,aes_sbox_us03,main_sbox,bfs_h5
_21764,aes_sbox_us03,main_sbox,bfs_h4
_21765,aes_sbox_us03,main_sbox,bfs_h4
_21766,aes_cipher_top,top,unassigned
_21767,aes_sbox_us03,main_sbox,bfs_h5
_21768,aes_cipher_top,top,unassigned
_21769,aes_sbox_us03,main_sbox,bfs_h5
_21770,aes_sbox_us03,main_sbox,bfs_h5
_21771,aes_sbox_us03,main_sbox,bfs_h4
_21772,aes_sbox_us03,main_sbox,bfs_h5
_21773,aes_sbox_us03,main_sbox,bfs_h4
_21774,aes_sbox_us03,main_sbox,bfs_h3
_21775,aes_sbox_us03,main_sbox,bfs_h2
_21776,aes_sbox_us03,main_sbox,bfs_h1
_21777,aes_sbox_us10,main_sbox,bfs_h2
_21778,aes_sbox_us10,main_sbox,bfs_h2
_21779,aes_sbox_us20,main_sbox,bfs_h1
_21780,aes_sbox_us20,main_sbox,bfs_h1
_21781,aes_sbox_us20,main_sbox,bfs_h2
_21782,aes_sbox_us10,main_sbox,bfs_h3
_21783,aes_sbox_us10,main_sbox,bfs_h2
_21784,aes_sbox_us20,main_sbox,bfs_h1
_21785,aes_sbox_us20,main_sbox,bfs_h2
_21786,aes_cipher_top,top,bfs_h3
_21787,aes_cipher_top,top,bfs_h2
_21788,aes_key_expand_128_u0,key_expand,bfs_h3
_21789,aes_key_expand_128_u0,key_expand,bfs_h2
_21790,aes_key_expand_128_u0,key_expand,bfs_h3
_21791,aes_sbox_us10,main_sbox,bfs_h2
_21792,aes_sbox_us10,main_sbox,bfs_h3
_21793,aes_sbox_us10,main_sbox,bfs_h2
_21794,aes_sbox_us30,main_sbox,bfs_h2
_21795,aes_sbox_us20,main_sbox,bfs_h2
_21796,aes_sbox_us10,main_sbox,bfs_h2
_21797,aes_sbox_us00,main_sbox,bfs_h2
_21798,aes_sbox_us00,main_sbox,bfs_h2
_21799,aes_sbox_us10,main_sbox,bfs_h2
_21800,aes_sbox_us00,main_sbox,bfs_h3
_21801,aes_sbox_us20,main_sbox,bfs_h2
_21802,aes_cipher_top,top,bfs_h3
_21803,aes_cipher_top,top,bfs_h3
_21804,aes_key_expand_128_u0,key_expand,bfs_h2
_21805,aes_cipher_top,top,bfs_h2
_21806,aes_cipher_top,top,bfs_h3
_21807,aes_key_expand_128_u0,key_expand,bfs_h3
_21808,aes_key_expand_128_u0,key_expand,bfs_h3
_21809,aes_sbox_us13,main_sbox,bfs_h6
_21810,aes_cipher_top,top,bfs_h2
_21811,aes_sbox_us00,main_sbox,bfs_h2
_21812,aes_sbox_us00,main_sbox,bfs_h3
_21813,aes_sbox_us00,main_sbox,bfs_h2
_21814,aes_sbox_us10,main_sbox,bfs_h2
_21815,aes_sbox_us10,main_sbox,bfs_h3
_21816,aes_sbox_us00,main_sbox,bfs_h3
_21817,aes_sbox_us10,main_sbox,bfs_h2
_21818,aes_sbox_us20,main_sbox,bfs_h2
_21819,aes_sbox_us20,main_sbox,bfs_h2
_21820,aes_sbox_us00,main_sbox,bfs_h2
_21821,aes_sbox_us00,main_sbox,bfs_h3
_21822,aes_cipher_top,top,bfs_h4
_21823,aes_cipher_top,top,bfs_h3
_21824,aes_key_expand_128_u0/aes_sbox_u1,kexp_sbox,bfs_h2
_21825,aes_key_expand_128_u0/aes_sbox_u1,kexp_sbox,bfs_h3
_21826,aes_cipher_top,top,bfs_h2
_21827,aes_cipher_top,top,bfs_h3
_21828,aes_key_expand_128_u0/aes_sbox_u1,kexp_sbox,bfs_h2
_21829,aes_key_expand_128_u0/aes_sbox_u1,kexp_sbox,bfs_h3
_21830,aes_key_expand_128_u0/aes_sbox_u1,kexp_sbox,bfs_h4
_21831,aes_sbox_us13,main_sbox,bfs_h6
_21832,aes_key_expand_128_u0,key_expand,bfs_h3
_21833,aes_cipher_top,top,bfs_h3
_21834,aes_key_expand_128_u0,key_expand,bfs_h2
_21835,aes_key_expand_128_u0,key_expand,bfs_h3
_21836,aes_sbox_us13,main_sbox,bfs_h6
_21837,aes_sbox_us13,main_sbox,bfs_h6
_21838,aes_key_expand_128_u0/aes_sbox_u1,kexp_sbox,bfs_h2
_21839,aes_key_expand_128_u0/aes_sbox_u1,kexp_sbox,bfs_h3
_21840,aes_key_expand_128_u0/aes_sbox_u1,kexp_sbox,bfs_h3
_21841,aes_key_expand_128_u0/aes_sbox_u1,kexp_sbox,bfs_h4
_21842,aes_sbox_us13,main_sbox,bfs_h6
_21843,aes_sbox_us00,main_sbox,bfs_h1
_21844,aes_sbox_us20,main_sbox,bfs_h1
_21845,aes_sbox_us20,main_sbox,bfs_h2
_21846,aes_sbox_us00,main_sbox,bfs_h2
_21847,aes_sbox_us00,main_sbox,bfs_h1
_21848,aes_sbox_us20,main_sbox,bfs_h2
_21849,aes_sbox_us00,main_sbox,bfs_h2
_21850,aes_cipher_top,top,bfs_h3
_21851,aes_key_expand_128_u0,key_expand,bfs_h2
_21852,aes_cipher_top,top,bfs_h2
_21853,aes_cipher_top,top,bfs_h3
_21854,aes_key_expand_128_u0,key_expand,bfs_h3
_21855,aes_key_expand_128_u0,key_expand,bfs_h3
_21856,aes_sbox_us13,main_sbox,bfs_h6
_21857,aes_sbox_us13,main_sbox,bfs_h5
_21858,aes_key_expand_128_u0/aes_sbox_u1,kexp_sbox,bfs_h4
_21859,aes_key_expand_128_u0/aes_sbox_u1,kexp_sbox,bfs_h3
_21860,aes_cipher_top,top,bfs_h2
_21861,aes_sbox_us00,main_sbox,bfs_h1
_21862,aes_sbox_us00,main_sbox,bfs_h2
_21863,aes_sbox_us20,main_sbox,bfs_h1
_21864,aes_sbox_us30,main_sbox,bfs_h1
_21865,aes_sbox_us30,main_sbox,bfs_h2
_21866,aes_cipher_top,top,bfs_h3
_21867,aes_key_expand_128_u0,key_expand,bfs_h2
_21868,aes_cipher_top,top,bfs_h3
_21869,aes_cipher_top,top,bfs_h2
_21870,aes_sbox_us30,main_sbox,bfs_h2
_21871,aes_cipher_top,top,bfs_h3
_21872,aes_key_expand_128_u0,key_expand,bfs_h2
_21873,aes_key_expand_128_u0,key_expand,bfs_h3
_21874,aes_sbox_us13,main_sbox,bfs_h5
_21875,aes_sbox_us13,main_sbox,bfs_h4
_21876,aes_key_expand_128_u0/aes_sbox_u1,kexp_sbox,bfs_h4
_21877,aes_key_expand_128_u0/aes_sbox_u1,kexp_sbox,bfs_h3
_21878,aes_sbox_us13,main_sbox,bfs_h5
_21879,aes_key_expand_128_u0/aes_sbox_u1,kexp_sbox,bfs_h4
_21880,aes_key_expand_128_u0/aes_sbox_u1,kexp_sbox,bfs_h3
_21881,aes_key_expand_128_u0/aes_sbox_u1,kexp_sbox,bfs_h4
_21882,aes_sbox_us13,main_sbox,bfs_h5
_21883,aes_sbox_us13,main_sbox,bfs_h4
_21884,aes_sbox_us20,main_sbox,bfs_h1
_21885,aes_sbox_us00,main_sbox,bfs_h1
_21886,aes_sbox_us00,main_sbox,bfs_h2
_21887,aes_cipher_top,top,bfs_h2
_21888,aes_cipher_top,top,bfs_h3
_21889,aes_key_expand_128_u0,key_expand,bfs_h2
_21890,aes_key_expand_128_u0,key_expand,bfs_h3
_21891,aes_sbox_us13,main_sbox,bfs_h3
_21892,aes_sbox_us13,main_sbox,bfs_h5
_21893,aes_sbox_us13,main_sbox,bfs_h4
_21894,aes_key_expand_128_u0/aes_sbox_u1,kexp_sbox,bfs_h4
_21895,aes_key_expand_128_u0,key_expand,bfs_h2
_21896,aes_key_expand_128_u0,key_expand,bfs_h3
_21897,aes_key_expand_128_u0,key_expand,bfs_h3
_21898,aes_cipher_top,top,bfs_h3
_21899,aes_key_expand_128_u0,key_expand,bfs_h2
_21900,aes_key_expand_128_u0,key_expand,bfs_h3
_21901,aes_sbox_us13,main_sbox,bfs_h5
_21902,aes_sbox_us13,main_sbox,bfs_h4
_21903,aes_sbox_us13,main_sbox,bfs_h3
_21904,aes_key_expand_128_u0,key_expand,bfs_h3
_21905,aes_sbox_us13,main_sbox,bfs_h6
_21906,aes_key_expand_128_u0/aes_sbox_u1,kexp_sbox,bfs_h4
_21907,aes_sbox_us13,main_sbox,bfs_h4
_21908,aes_sbox_us13,main_sbox,bfs_h5
_21909,aes_sbox_us13,main_sbox,bfs_h5
_21910,aes_key_expand_128_u0/aes_sbox_u1,kexp_sbox,bfs_h3
_21911,aes_key_expand_128_u0/aes_sbox_u1,kexp_sbox,bfs_h4
_21912,aes_sbox_us13,main_sbox,bfs_h5
_21913,aes_sbox_us13,main_sbox,bfs_h7
_21914,aes_sbox_us13,main_sbox,bfs_h6
_21915,aes_sbox_us13,main_sbox,bfs_h5
_21916,aes_sbox_us13,main_sbox,bfs_h5
_21917,aes_sbox_us13,main_sbox,bfs_h4
_21918,aes_sbox_us13,main_sbox,bfs_h5
_21919,aes_sbox_us13,main_sbox,bfs_h5
_21920,aes_key_expand_128_u0/aes_sbox_u1,kexp_sbox,bfs_h4
_21921,aes_key_expand_128_u0/aes_sbox_u1,kexp_sbox,bfs_h3
_21922,aes_sbox_us13,main_sbox,bfs_h5
_21923,aes_key_expand_128_u0/aes_sbox_u1,kexp_sbox,bfs_h4
_21924,aes_key_expand_128_u0,key_expand,bfs_h3
_21925,aes_sbox_us13,main_sbox,bfs_h4
_21926,aes_sbox_us13,main_sbox,bfs_h3
_21927,aes_sbox_us00,main_sbox,bfs_h1
_21928,aes_sbox_us00,main_sbox,bfs_h2
_21929,aes_sbox_us20,main_sbox,bfs_h1
_21930,aes_sbox_us30,main_sbox,bfs_h2
_21931,aes_sbox_us00,main_sbox,bfs_h3
_21932,aes_sbox_us20,main_sbox,bfs_h2
_21933,aes_sbox_us00,main_sbox,bfs_h2
_21934,aes_cipher_top,top,bfs_h3
_21935,aes_cipher_top,top,bfs_h2
_21936,aes_key_expand_128_u0,key_expand,bfs_h3
_21937,aes_key_expand_128_u0,key_expand,bfs_h2
_21938,aes_key_expand_128_u0,key_expand,bfs_h2
_21939,aes_key_expand_128_u0,key_expand,bfs_h3
_21940,aes_sbox_us13,main_sbox,bfs_h5
_21941,aes_sbox_us13,main_sbox,bfs_h4
_21942,aes_sbox_us13,main_sbox,bfs_h3
_21943,aes_sbox_us13,main_sbox,bfs_h2
_21944,aes_sbox_us13,main_sbox,bfs_h6
_21945,aes_sbox_us13,main_sbox,bfs_h6
_21946,aes_sbox_us13,main_sbox,bfs_h5
_21947,aes_sbox_us13,main_sbox,bfs_h5
_21948,aes_key_expand_128_u0,key_expand,bfs_h3
_21949,aes_sbox_us13,main_sbox,bfs_h5
_21950,aes_sbox_us13,main_sbox,bfs_h6
_21951,aes_key_expand_128_u0/aes_sbox_u1,kexp_sbox,bfs_h4
_21952,aes_sbox_us13,main_sbox,bfs_h5
_21953,aes_sbox_us13,main_sbox,bfs_h4
_21954,aes_sbox_us13,main_sbox,bfs_h6
_21955,aes_sbox_us13,main_sbox,bfs_h5
_21956,aes_sbox_us13,main_sbox,bfs_h5
_21957,aes_sbox_us13,main_sbox,bfs_h5
_21958,aes_sbox_us13,main_sbox,bfs_h5
_21959,aes_sbox_us13,main_sbox,bfs_h4
_21960,aes_sbox_us13,main_sbox,bfs_h3
_21961,aes_sbox_us13,main_sbox,bfs_h5
_21962,aes_sbox_us13,main_sbox,bfs_h5
_21963,aes_key_expand_128_u0/aes_sbox_u1,kexp_sbox,bfs_h3
_21964,aes_key_expand_128_u0/aes_sbox_u1,kexp_sbox,bfs_h4
_21965,aes_sbox_us13,main_sbox,bfs_h5
_21966,aes_sbox_us13,main_sbox,bfs_h5
_21967,aes_sbox_us13,main_sbox,bfs_h5
_21968,aes_sbox_us13,main_sbox,bfs_h4
_21969,aes_sbox_us13,main_sbox,bfs_h5
_21970,aes_sbox_us13,main_sbox,bfs_h6
_21971,aes_sbox_us13,main_sbox,bfs_h5
_21972,aes_sbox_us13,main_sbox,bfs_h5
_21973,aes_key_expand_128_u0/aes_sbox_u1,kexp_sbox,bfs_h4
_21974,aes_key_expand_128_u0/aes_sbox_u1,kexp_sbox,bfs_h4
_21975,aes_sbox_us13,main_sbox,bfs_h5
_21976,aes_sbox_us13,main_sbox,bfs_h5
_21977,aes_sbox_us13,main_sbox,bfs_h4
_21978,aes_sbox_us13,main_sbox,bfs_h4
_21979,aes_sbox_us13,main_sbox,bfs_h3
_21980,aes_sbox_us20,main_sbox,bfs_h1
_21981,aes_sbox_us20,main_sbox,bfs_h2
_21982,aes_sbox_us10,main_sbox,bfs_h1
_21983,aes_sbox_us10,main_sbox,bfs_h2
_21984,aes_cipher_top,top,bfs_h2
_21985,aes_cipher_top,top,bfs_h3
_21986,aes_key_expand_128_u0,key_expand,bfs_h2
_21987,aes_sbox_us13,main_sbox,bfs_h2
_21988,aes_sbox_us13,main_sbox,bfs_h2
_21989,aes_sbox_us13,main_sbox,bfs_h5
_21990,aes_sbox_us13,main_sbox,bfs_h5
_21991,aes_sbox_us13,main_sbox,bfs_h5
_21992,aes_sbox_us13,main_sbox,bfs_h4
_21993,aes_sbox_us13,main_sbox,bfs_h5
_21994,aes_sbox_us13,main_sbox,bfs_h6
_21995,aes_sbox_us13,main_sbox,bfs_h6
_21996,aes_sbox_us13,main_sbox,bfs_h5
_21997,aes_sbox_us13,main_sbox,bfs_h5
_21998,aes_key_expand_128_u0,key_expand,bfs_h3
_21999,aes_sbox_us13,main_sbox,bfs_h5
_22000,aes_sbox_us13,main_sbox,bfs_h5
_22001,aes_sbox_us13,main_sbox,bfs_h4
_22002,aes_sbox_us13,main_sbox,bfs_h4
_22003,aes_sbox_us13,main_sbox,bfs_h3
_22004,aes_sbox_us13,main_sbox,bfs_h6
_22005,aes_sbox_us13,main_sbox,bfs_h5
_22006,aes_key_expand_128_u0/aes_sbox_u1,kexp_sbox,bfs_h4
_22007,aes_sbox_us13,main_sbox,bfs_h5
_22008,aes_sbox_us13,main_sbox,bfs_h6
_22009,aes_sbox_us13,main_sbox,bfs_h6
_22010,aes_sbox_us13,main_sbox,bfs_h5
_22011,aes_sbox_us13,main_sbox,bfs_h5
_22012,aes_sbox_us13,main_sbox,bfs_h4
_22013,aes_key_expand_128_u0/aes_sbox_u1,kexp_sbox,bfs_h4
_22014,aes_sbox_us13,main_sbox,bfs_h5
_22015,aes_sbox_us13,main_sbox,bfs_h5
_22016,aes_key_expand_128_u0/aes_sbox_u1,kexp_sbox,bfs_h3
_22017,aes_sbox_us13,main_sbox,bfs_h5
_22018,aes_key_expand_128_u0/aes_sbox_u1,kexp_sbox,bfs_h4
_22019,aes_sbox_us13,main_sbox,bfs_h4
_22020,aes_sbox_us13,main_sbox,bfs_h4
_22021,aes_key_expand_128_u0,key_expand,bfs_h3
_22022,aes_sbox_us13,main_sbox,bfs_h3
_22023,aes_sbox_us13,main_sbox,bfs_h3
_22024,aes_sbox_us13,main_sbox,bfs_h2
_22025,aes_sbox_us13,main_sbox,bfs_h4
_22026,aes_key_expand_128_u0,key_expand,bfs_h3
_22027,aes_sbox_us13,main_sbox,bfs_h5
_22028,aes_sbox_us13,main_sbox,bfs_h4
_22029,aes_sbox_us13,main_sbox,bfs_h3
_22030,aes_sbox_us13,main_sbox,bfs_h6
_22031,aes_key_expand_128_u0/aes_sbox_u1,kexp_sbox,bfs_h4
_22032,aes_sbox_us13,main_sbox,bfs_h4
_22033,aes_sbox_us13,main_sbox,bfs_h5
_22034,aes_key_expand_128_u0/aes_sbox_u1,kexp_sbox,bfs_h3
_22035,aes_sbox_us13,main_sbox,bfs_h4
_22036,aes_sbox_us13,main_sbox,bfs_h4
_22037,aes_sbox_us13,main_sbox,bfs_h3
_22038,aes_sbox_us13,main_sbox,bfs_h3
_22039,aes_key_expand_128_u0/aes_sbox_u1,kexp_sbox,bfs_h4
_22040,aes_sbox_us13,main_sbox,bfs_h5
_22041,aes_key_expand_128_u0/aes_sbox_u1,kexp_sbox,bfs_h4
_22042,aes_key_expand_128_u0/aes_sbox_u1,kexp_sbox,bfs_h3
_22043,aes_sbox_us13,main_sbox,bfs_h6
_22044,aes_key_expand_128_u0/aes_sbox_u1,kexp_sbox,bfs_h4
_22045,aes_sbox_us13,main_sbox,bfs_h4
_22046,aes_key_expand_128_u0/aes_sbox_u1,kexp_sbox,bfs_h4
_22047,aes_key_expand_128_u0/aes_sbox_u1,kexp_sbox,bfs_h4
_22048,aes_sbox_us13,main_sbox,bfs_h4
_22049,aes_sbox_us13,main_sbox,bfs_h3
_22050,aes_sbox_us13,main_sbox,bfs_h2
_22051,aes_sbox_us13,main_sbox,bfs_h1
_22052,aes_sbox_us13,main_sbox,bfs_h5
_22053,aes_sbox_us13,main_sbox,bfs_h6
_22054,aes_sbox_us13,main_sbox,bfs_h5
_22055,aes_sbox_us13,main_sbox,bfs_h6
_22056,aes_sbox_us13,main_sbox,bfs_h5
_22057,aes_sbox_us13,main_sbox,bfs_h4
_22058,aes_sbox_us13,main_sbox,bfs_h5
_22059,aes_sbox_us13,main_sbox,bfs_h5
_22060,aes_sbox_us13,main_sbox,bfs_h5
_22061,aes_sbox_us13,main_sbox,bfs_h6
_22062,aes_sbox_us13,main_sbox,bfs_h5
_22063,aes_sbox_us13,main_sbox,bfs_h4
_22064,aes_sbox_us13,main_sbox,bfs_h3
_22065,aes_sbox_us13,main_sbox,bfs_h5
_22066,aes_sbox_us13,main_sbox,bfs_h5
_22067,aes_key_expand_128_u0/aes_sbox_u1,kexp_sbox,bfs_h4
_22068,aes_key_expand_128_u0,key_expand,bfs_h3
_22069,aes_sbox_us13,main_sbox,bfs_h5
_22070,aes_sbox_us13,main_sbox,bfs_h5
_22071,aes_key_expand_128_u0/aes_sbox_u1,kexp_sbox,bfs_h4
_22072,aes_sbox_us13,main_sbox,bfs_h5
_22073,aes_sbox_us13,main_sbox,bfs_h5
_22074,aes_sbox_us13,main_sbox,bfs_h4
_22075,aes_sbox_us13,main_sbox,bfs_h3
_22076,aes_sbox_us13,main_sbox,bfs_h5
_22077,aes_key_expand_128_u0/aes_sbox_u1,kexp_sbox,bfs_h4
_22078,aes_sbox_us13,main_sbox,bfs_h4
_22079,aes_sbox_us13,main_sbox,bfs_h5
_22080,aes_sbox_us13,main_sbox,bfs_h4
_22081,aes_sbox_us13,main_sbox,bfs_h5
_22082,aes_sbox_us13,main_sbox,bfs_h4
_22083,aes_sbox_us13,main_sbox,bfs_h5
_22084,aes_sbox_us13,main_sbox,bfs_h5
_22085,aes_sbox_us13,main_sbox,bfs_h5
_22086,aes_sbox_us13,main_sbox,bfs_h5
_22087,aes_sbox_us13,main_sbox,bfs_h5
_22088,aes_sbox_us13,main_sbox,bfs_h5
_22089,aes_sbox_us13,main_sbox,bfs_h4
_22090,aes_sbox_us13,main_sbox,bfs_h3
_22091,aes_sbox_us13,main_sbox,bfs_h2
_22092,aes_sbox_us13,main_sbox,bfs_h6
_22093,aes_sbox_us13,main_sbox,bfs_h5
_22094,aes_sbox_us13,main_sbox,bfs_h5
_22095,aes_sbox_us13,main_sbox,bfs_h5
_22096,aes_sbox_us13,main_sbox,bfs_h4
_22097,aes_key_expand_128_u0/aes_sbox_u1,kexp_sbox,bfs_h4
_22098,aes_sbox_us13,main_sbox,bfs_h6
_22099,aes_sbox_us13,main_sbox,bfs_h5
_22100,aes_sbox_us13,main_sbox,bfs_h4
_22101,aes_sbox_us13,main_sbox,bfs_h5
_22102,aes_sbox_us13,main_sbox,bfs_h5
_22103,aes_sbox_us13,main_sbox,bfs_h5
_22104,aes_sbox_us13,main_sbox,bfs_h6
_22105,aes_sbox_us13,main_sbox,bfs_h5
_22106,aes_sbox_us13,main_sbox,bfs_h5
_22107,aes_sbox_us13,main_sbox,bfs_h5
_22108,aes_sbox_us13,main_sbox,bfs_h4
_22109,aes_sbox_us13,main_sbox,bfs_h3
_22110,aes_sbox_us13,main_sbox,bfs_h5
_22111,aes_sbox_us13,main_sbox,bfs_h5
_22112,aes_sbox_us13,main_sbox,bfs_h5
_22113,aes_sbox_us13,main_sbox,bfs_h4
_22114,aes_key_expand_128_u0/aes_sbox_u1,kexp_sbox,bfs_h4
_22115,aes_sbox_us13,main_sbox,bfs_h5
_22116,aes_sbox_us13,main_sbox,bfs_h4
_22117,aes_sbox_us13,main_sbox,bfs_h4
_22118,aes_sbox_us13,main_sbox,bfs_h6
_22119,aes_key_expand_128_u0/aes_sbox_u1,kexp_sbox,bfs_h4
_22120,aes_sbox_us13,main_sbox,bfs_h5
_22121,aes_sbox_us13,main_sbox,bfs_h5
_22122,aes_key_expand_128_u0/aes_sbox_u1,kexp_sbox,bfs_h4
_22123,aes_sbox_us13,main_sbox,bfs_h5
_22124,aes_sbox_us13,main_sbox,bfs_h5
_22125,aes_sbox_us13,main_sbox,bfs_h4
_22126,aes_sbox_us13,main_sbox,bfs_h3
_22127,aes_sbox_us13,main_sbox,bfs_h2
_22128,aes_sbox_us13,main_sbox,bfs_h1
_22129,aes_sbox_us13,main_sbox,bfs_h5
_22130,aes_sbox_us13,main_sbox,bfs_h4
_22131,aes_sbox_us13,main_sbox,bfs_h5
_22132,aes_sbox_us13,main_sbox,bfs_h6
_22133,aes_sbox_us13,main_sbox,bfs_h6
_22134,aes_sbox_us13,main_sbox,bfs_h6
_22135,aes_sbox_us13,main_sbox,bfs_h5
_22136,aes_sbox_us13,main_sbox,bfs_h4
_22137,aes_sbox_us13,main_sbox,bfs_h5
_22138,aes_key_expand_128_u0/aes_sbox_u1,kexp_sbox,bfs_h4
_22139,aes_sbox_us13,main_sbox,bfs_h4
_22140,aes_sbox_us13,main_sbox,bfs_h5
_22141,aes_sbox_us13,main_sbox,bfs_h5
_22142,aes_key_expand_128_u0/aes_sbox_u1,kexp_sbox,bfs_h4
_22143,aes_sbox_us13,main_sbox,bfs_h6
_22144,aes_sbox_us13,main_sbox,bfs_h5
_22145,aes_sbox_us13,main_sbox,bfs_h4
_22146,aes_sbox_us13,main_sbox,bfs_h3
_22147,aes_sbox_us13,main_sbox,bfs_h5
_22148,aes_sbox_us13,main_sbox,bfs_h6
_22149,aes_sbox_us13,main_sbox,bfs_h6
_22150,aes_key_expand_128_u0,key_expand,bfs_h3
_22151,aes_sbox_us13,main_sbox,bfs_h5
_22152,aes_key_expand_128_u0/aes_sbox_u1,kexp_sbox,bfs_h4
_22153,aes_key_expand_128_u0/aes_sbox_u1,kexp_sbox,bfs_h4
_22154,aes_sbox_us13,main_sbox,bfs_h5
_22155,aes_sbox_us13,main_sbox,bfs_h4
_22156,aes_sbox_us13,main_sbox,bfs_h5
_22157,aes_sbox_us13,main_sbox,bfs_h6
_22158,aes_sbox_us13,main_sbox,bfs_h6
_22159,aes_sbox_us13,main_sbox,bfs_h5
_22160,aes_sbox_us13,main_sbox,bfs_h6
_22161,aes_sbox_us13,main_sbox,bfs_h6
_22162,aes_sbox_us13,main_sbox,bfs_h5
_22163,aes_sbox_us13,main_sbox,bfs_h5
_22164,aes_sbox_us13,main_sbox,bfs_h5
_22165,aes_sbox_us13,main_sbox,bfs_h4
_22166,aes_sbox_us13,main_sbox,bfs_h3
_22167,aes_sbox_us13,main_sbox,bfs_h2
_22168,aes_key_expand_128_u0/aes_sbox_u1,kexp_sbox,bfs_h4
_22169,aes_sbox_us13,main_sbox,bfs_h5
_22170,aes_sbox_us13,main_sbox,bfs_h5
_22171,aes_key_expand_128_u0/aes_sbox_u1,kexp_sbox,bfs_h4
_22172,aes_key_expand_128_u0/aes_sbox_u1,kexp_sbox,bfs_h3
_22173,aes_key_expand_128_u0/aes_sbox_u1,kexp_sbox,bfs_h4
_22174,aes_sbox_us13,main_sbox,bfs_h5
_22175,aes_sbox_us13,main_sbox,bfs_h5
_22176,aes_key_expand_128_u0/aes_sbox_u1,kexp_sbox,bfs_h4
_22177,aes_sbox_us13,main_sbox,bfs_h6
_22178,aes_sbox_us13,main_sbox,bfs_h5
_22179,aes_sbox_us13,main_sbox,bfs_h5
_22180,aes_sbox_us13,main_sbox,bfs_h4
_22181,aes_sbox_us13,main_sbox,bfs_h6
_22182,aes_key_expand_128_u0/aes_sbox_u1,kexp_sbox,bfs_h4
_22183,aes_sbox_us13,main_sbox,bfs_h5
_22184,aes_key_expand_128_u0/aes_sbox_u1,kexp_sbox,bfs_h4
_22185,aes_sbox_us13,main_sbox,bfs_h4
_22186,aes_key_expand_128_u0/aes_sbox_u1,kexp_sbox,bfs_h4
_22187,aes_sbox_us13,main_sbox,bfs_h5
_22188,aes_sbox_us13,main_sbox,bfs_h4
_22189,aes_sbox_us13,main_sbox,bfs_h4
_22190,aes_sbox_us13,main_sbox,bfs_h3
_22191,aes_key_expand_128_u0/aes_sbox_u1,kexp_sbox,bfs_h4
_22192,aes_key_expand_128_u0/aes_sbox_u1,kexp_sbox,bfs_h4
_22193,aes_sbox_us13,main_sbox,bfs_h5
_22194,aes_key_expand_128_u0/aes_sbox_u1,kexp_sbox,bfs_h4
_22195,aes_sbox_us13,main_sbox,bfs_h5
_22196,aes_sbox_us13,main_sbox,bfs_h4
_22197,aes_sbox_us13,main_sbox,bfs_h4
_22198,aes_sbox_us13,main_sbox,bfs_h6
_22199,aes_sbox_us13,main_sbox,bfs_h5
_22200,aes_sbox_us13,main_sbox,bfs_h5
_22201,aes_key_expand_128_u0/aes_sbox_u1,kexp_sbox,bfs_h4
_22202,aes_sbox_us13,main_sbox,bfs_h5
_22203,aes_sbox_us13,main_sbox,bfs_h5
_22204,aes_sbox_us13,main_sbox,bfs_h4
_22205,aes_sbox_us13,main_sbox,bfs_h4
_22206,aes_sbox_us13,main_sbox,bfs_h3
_22207,aes_sbox_us13,main_sbox,bfs_h2
_22208,aes_sbox_us13,main_sbox,bfs_h1
_22209,aes_sbox_us13,main_sbox,bfs_h6
_22210,aes_sbox_us13,main_sbox,bfs_h5
_22211,aes_sbox_us13,main_sbox,bfs_h4
_22212,aes_sbox_us13,main_sbox,bfs_h4
_22213,aes_sbox_us13,main_sbox,bfs_h5
_22214,aes_sbox_us13,main_sbox,bfs_h5
_22215,aes_sbox_us13,main_sbox,bfs_h4
_22216,aes_sbox_us13,main_sbox,bfs_h3
_22217,aes_key_expand_128_u0/aes_sbox_u1,kexp_sbox,bfs_h4
_22218,aes_sbox_us13,main_sbox,bfs_h4
_22219,aes_key_expand_128_u0/aes_sbox_u1,kexp_sbox,bfs_h4
_22220,aes_sbox_us13,main_sbox,bfs_h5
_22221,aes_sbox_us13,main_sbox,bfs_h4
_22222,aes_sbox_us13,main_sbox,bfs_h3
_22223,aes_sbox_us13,main_sbox,bfs_h2
_22224,aes_sbox_us13,main_sbox,bfs_h5
_22225,aes_sbox_us13,main_sbox,bfs_h4
_22226,aes_sbox_us13,main_sbox,bfs_h5
_22227,aes_sbox_us13,main_sbox,bfs_h5
_22228,aes_sbox_us13,main_sbox,bfs_h4
_22229,aes_sbox_us13,main_sbox,bfs_h3
_22230,aes_sbox_us13,main_sbox,bfs_h5
_22231,aes_sbox_us13,main_sbox,bfs_h5
_22232,aes_sbox_us13,main_sbox,bfs_h5
_22233,aes_sbox_us13,main_sbox,bfs_h4
_22234,aes_sbox_us13,main_sbox,bfs_h3
_22235,aes_sbox_us13,main_sbox,bfs_h2
_22236,aes_sbox_us13,main_sbox,bfs_h6
_22237,aes_sbox_us13,main_sbox,bfs_h5
_22238,aes_sbox_us13,main_sbox,bfs_h5
_22239,aes_sbox_us13,main_sbox,bfs_h5
_22240,aes_sbox_us13,main_sbox,bfs_h5
_22241,aes_sbox_us13,main_sbox,bfs_h5
_22242,aes_sbox_us13,main_sbox,bfs_h4
_22243,aes_sbox_us13,main_sbox,bfs_h5
_22244,aes_sbox_us13,main_sbox,bfs_h6
_22245,aes_sbox_us13,main_sbox,bfs_h5
_22246,aes_sbox_us13,main_sbox,bfs_h5
_22247,aes_sbox_us13,main_sbox,bfs_h4
_22248,aes_key_expand_128_u0/aes_sbox_u1,kexp_sbox,bfs_h4
_22249,aes_sbox_us13,main_sbox,bfs_h5
_22250,aes_sbox_us13,main_sbox,bfs_h4
_22251,aes_sbox_us13,main_sbox,bfs_h3
_22252,aes_sbox_us13,main_sbox,bfs_h5
_22253,aes_sbox_us13,main_sbox,bfs_h5
_22254,aes_sbox_us13,main_sbox,bfs_h5
_22255,aes_key_expand_128_u0/aes_sbox_u1,kexp_sbox,bfs_h4
_22256,aes_sbox_us13,main_sbox,bfs_h5
_22257,aes_sbox_us13,main_sbox,bfs_h5
_22258,aes_sbox_us13,main_sbox,bfs_h4
_22259,aes_sbox_us13,main_sbox,bfs_h5
_22260,aes_sbox_us13,main_sbox,bfs_h5
_22261,aes_sbox_us13,main_sbox,bfs_h5
_22262,aes_sbox_us13,main_sbox,bfs_h5
_22263,aes_sbox_us13,main_sbox,bfs_h5
_22264,aes_sbox_us13,main_sbox,bfs_h4
_22265,aes_sbox_us13,main_sbox,bfs_h3
_22266,aes_sbox_us13,main_sbox,bfs_h2
_22267,aes_sbox_us13,main_sbox,bfs_h1
_22268,aes_sbox_us13,main_sbox,bfs_h4
_22269,aes_key_expand_128_u0/aes_sbox_u1,kexp_sbox,bfs_h4
_22270,aes_sbox_us13,main_sbox,bfs_h6
_22271,aes_sbox_us13,main_sbox,bfs_h5
_22272,aes_sbox_us13,main_sbox,bfs_h6
_22273,aes_sbox_us13,main_sbox,bfs_h5
_22274,aes_sbox_us13,main_sbox,bfs_h4
_22275,aes_sbox_us13,main_sbox,bfs_h3
_22276,aes_key_expand_128_u0/aes_sbox_u1,kexp_sbox,bfs_h4
_22277,aes_sbox_us13,main_sbox,bfs_h5
_22278,aes_sbox_us13,main_sbox,bfs_h5
_22279,aes_sbox_us13,main_sbox,bfs_h4
_22280,aes_key_expand_128_u0/aes_sbox_u1,kexp_sbox,bfs_h4
_22281,aes_sbox_us13,main_sbox,bfs_h5
_22282,aes_sbox_us13,main_sbox,bfs_h4
_22283,aes_sbox_us13,main_sbox,bfs_h3
_22284,aes_sbox_us13,main_sbox,bfs_h2
_22285,aes_sbox_us13,main_sbox,bfs_h5
_22286,aes_sbox_us13,main_sbox,bfs_h5
_22287,aes_sbox_us13,main_sbox,bfs_h4
_22288,aes_sbox_us13,main_sbox,bfs_h6
_22289,aes_key_expand_128_u0/aes_sbox_u1,kexp_sbox,bfs_h4
_22290,aes_sbox_us13,main_sbox,bfs_h5
_22291,aes_sbox_us13,main_sbox,bfs_h4
_22292,aes_sbox_us13,main_sbox,bfs_h3
_22293,aes_sbox_us13,main_sbox,bfs_h5
_22294,aes_sbox_us13,main_sbox,bfs_h5
_22295,aes_sbox_us13,main_sbox,bfs_h4
_22296,aes_sbox_us13,main_sbox,bfs_h4
_22297,aes_sbox_us13,main_sbox,bfs_h3
_22298,aes_sbox_us13,main_sbox,bfs_h2
_22299,aes_sbox_us13,main_sbox,bfs_h5
_22300,aes_sbox_us13,main_sbox,bfs_h4
_22301,aes_sbox_us13,main_sbox,bfs_h6
_22302,aes_sbox_us13,main_sbox,bfs_h5
_22303,aes_sbox_us13,main_sbox,bfs_h4
_22304,aes_sbox_us13,main_sbox,bfs_h3
_22305,aes_sbox_us13,main_sbox,bfs_h5
_22306,aes_sbox_us13,main_sbox,bfs_h5
_22307,aes_sbox_us13,main_sbox,bfs_h5
_22308,aes_sbox_us13,main_sbox,bfs_h4
_22309,aes_sbox_us13,main_sbox,bfs_h5
_22310,aes_sbox_us13,main_sbox,bfs_h5
_22311,aes_sbox_us13,main_sbox,bfs_h4
_22312,aes_sbox_us13,main_sbox,bfs_h3
_22313,aes_sbox_us13,main_sbox,bfs_h2
_22314,aes_sbox_us13,main_sbox,bfs_h5
_22315,aes_sbox_us13,main_sbox,bfs_h4
_22316,aes_sbox_us13,main_sbox,bfs_h5
_22317,aes_sbox_us13,main_sbox,bfs_h4
_22318,aes_sbox_us13,main_sbox,bfs_h3
_22319,aes_sbox_us13,main_sbox,bfs_h5
_22320,aes_sbox_us13,main_sbox,bfs_h4
_22321,aes_sbox_us13,main_sbox,bfs_h5
_22322,aes_sbox_us13,main_sbox,bfs_h5
_22323,aes_sbox_us13,main_sbox,bfs_h4
_22324,aes_sbox_us13,main_sbox,bfs_h3
_22325,aes_sbox_us13,main_sbox,bfs_h2
_22326,aes_sbox_us13,main_sbox,bfs_h1
_22327,aes_sbox_us13,main_sbox,bfs_h5
_22328,aes_sbox_us13,main_sbox,bfs_h4
_22329,aes_sbox_us13,main_sbox,bfs_h5
_22330,aes_sbox_us13,main_sbox,bfs_h5
_22331,aes_sbox_us13,main_sbox,bfs_h4
_22332,aes_sbox_us13,main_sbox,bfs_h3
_22333,aes_sbox_us13,main_sbox,bfs_h4
_22334,aes_sbox_us13,main_sbox,bfs_h5
_22335,aes_sbox_us13,main_sbox,bfs_h6
_22336,aes_sbox_us13,main_sbox,bfs_h5
_22337,aes_sbox_us13,main_sbox,bfs_h4
_22338,aes_sbox_us13,main_sbox,bfs_h3
_22339,aes_sbox_us13,main_sbox,bfs_h2
_22340,aes_sbox_us13,main_sbox,bfs_h5
_22341,aes_sbox_us13,main_sbox,bfs_h4
_22342,aes_sbox_us13,main_sbox,bfs_h5
_22343,aes_sbox_us13,main_sbox,bfs_h4
_22344,aes_sbox_us13,main_sbox,bfs_h3
_22345,aes_sbox_us13,main_sbox,bfs_h5
_22346,aes_sbox_us13,main_sbox,bfs_h5
_22347,aes_sbox_us13,main_sbox,bfs_h4
_22348,aes_sbox_us13,main_sbox,bfs_h4
_22349,aes_sbox_us13,main_sbox,bfs_h3
_22350,aes_sbox_us13,main_sbox,bfs_h2
_22351,aes_sbox_us13,main_sbox,bfs_h5
_22352,aes_sbox_us13,main_sbox,bfs_h4
_22353,aes_sbox_us13,main_sbox,bfs_h4
_22354,aes_sbox_us13,main_sbox,bfs_h5
_22355,aes_sbox_us13,main_sbox,bfs_h4
_22356,aes_sbox_us13,main_sbox,bfs_h3
_22357,aes_key_expand_128_u0/aes_sbox_u1,kexp_sbox,bfs_h4
_22358,aes_sbox_us13,main_sbox,bfs_h5
_22359,aes_sbox_us13,main_sbox,bfs_h5
_22360,aes_sbox_us13,main_sbox,bfs_h4
_22361,aes_sbox_us13,main_sbox,bfs_h5
_22362,aes_sbox_us13,main_sbox,bfs_h5
_22363,aes_sbox_us13,main_sbox,bfs_h4
_22364,aes_sbox_us13,main_sbox,bfs_h3
_22365,aes_sbox_us13,main_sbox,bfs_h2
_22366,aes_sbox_us13,main_sbox,bfs_h4
_22367,aes_sbox_us13,main_sbox,bfs_h5
_22368,aes_key_expand_128_u0/aes_sbox_u1,kexp_sbox,bfs_h4
_22369,aes_sbox_us13,main_sbox,bfs_h4
_22370,aes_sbox_us13,main_sbox,bfs_h3
_22371,aes_sbox_us13,main_sbox,bfs_h5
_22372,aes_sbox_us13,main_sbox,bfs_h4
_22373,aes_sbox_us13,main_sbox,bfs_h5
_22374,aes_sbox_us13,main_sbox,bfs_h5
_22375,aes_sbox_us13,main_sbox,bfs_h6
_22376,aes_sbox_us13,main_sbox,bfs_h5
_22377,aes_sbox_us13,main_sbox,bfs_h4
_22378,aes_sbox_us13,main_sbox,bfs_h3
_22379,aes_sbox_us13,main_sbox,bfs_h2
_22380,aes_sbox_us13,main_sbox,bfs_h1
_22381,aes_key_expand_128_u0/aes_sbox_u1,kexp_sbox,bfs_h4
_22382,aes_sbox_us13,main_sbox,bfs_h5
_22383,aes_sbox_us13,main_sbox,bfs_h5
_22384,aes_sbox_us13,main_sbox,bfs_h4
_22385,aes_key_expand_128_u0/aes_sbox_u1,kexp_sbox,bfs_h4
_22386,aes_sbox_us13,main_sbox,bfs_h4
_22387,aes_sbox_us13,main_sbox,bfs_h3
_22388,aes_sbox_us13,main_sbox,bfs_h6
_22389,aes_sbox_us13,main_sbox,bfs_h5
_22390,aes_sbox_us13,main_sbox,bfs_h5
_22391,aes_sbox_us13,main_sbox,bfs_h4
_22392,aes_sbox_us13,main_sbox,bfs_h5
_22393,aes_sbox_us13,main_sbox,bfs_h4
_22394,aes_sbox_us13,main_sbox,bfs_h3
_22395,aes_sbox_us13,main_sbox,bfs_h2
_22396,aes_key_expand_128_u0/aes_sbox_u1,kexp_sbox,bfs_h4
_22397,aes_sbox_us13,main_sbox,bfs_h4
_22398,aes_sbox_us13,main_sbox,bfs_h5
_22399,aes_key_expand_128_u0/aes_sbox_u1,kexp_sbox,bfs_h4
_22400,aes_sbox_us13,main_sbox,bfs_h4
_22401,aes_sbox_us13,main_sbox,bfs_h3
_22402,aes_sbox_us13,main_sbox,bfs_h5
_22403,aes_sbox_us13,main_sbox,bfs_h5
_22404,aes_sbox_us13,main_sbox,bfs_h4
_22405,aes_sbox_us13,main_sbox,bfs_h5
_22406,aes_sbox_us13,main_sbox,bfs_h5
_22407,aes_sbox_us13,main_sbox,bfs_h4
_22408,aes_sbox_us13,main_sbox,bfs_h3
_22409,aes_sbox_us13,main_sbox,bfs_h2
_22410,aes_sbox_us13,main_sbox,bfs_h5
_22411,aes_sbox_us13,main_sbox,bfs_h5
_22412,aes_sbox_us13,main_sbox,bfs_h4
_22413,aes_key_expand_128_u0/aes_sbox_u1,kexp_sbox,bfs_h4
_22414,aes_sbox_us13,main_sbox,bfs_h5
_22415,aes_sbox_us13,main_sbox,bfs_h4
_22416,aes_sbox_us13,main_sbox,bfs_h3
_22417,aes_sbox_us13,main_sbox,bfs_h4
_22418,aes_sbox_us13,main_sbox,bfs_h5
_22419,aes_sbox_us13,main_sbox,bfs_h4
_22420,aes_sbox_us13,main_sbox,bfs_h3
_22421,aes_sbox_us13,main_sbox,bfs_h2
_22422,aes_sbox_us13,main_sbox,bfs_h4
_22423,aes_key_expand_128_u0/aes_sbox_u1,kexp_sbox,bfs_h4
_22424,aes_sbox_us13,main_sbox,bfs_h4
_22425,aes_sbox_us13,main_sbox,bfs_h6
_22426,aes_sbox_us13,main_sbox,bfs_h5
_22427,aes_sbox_us13,main_sbox,bfs_h6
_22428,aes_sbox_us13,main_sbox,bfs_h6
_22429,aes_sbox_us13,main_sbox,bfs_h5
_22430,aes_sbox_us13,main_sbox,bfs_h4
_22431,aes_sbox_us13,main_sbox,bfs_h3
_22432,aes_sbox_us13,main_sbox,bfs_h2
_22433,aes_sbox_us13,main_sbox,bfs_h1
_22434,aes_sbox_us13,main_sbox,bfs_h4
_22435,aes_key_expand_128_u0/aes_sbox_u1,kexp_sbox,bfs_h4
_22436,aes_sbox_us13,main_sbox,bfs_h4
_22437,aes_sbox_us13,main_sbox,bfs_h3
_22438,aes_sbox_us13,main_sbox,bfs_h5
_22439,aes_sbox_us13,main_sbox,bfs_h5
_22440,aes_sbox_us13,main_sbox,bfs_h4
_22441,aes_key_expand_128_u0/aes_sbox_u1,kexp_sbox,bfs_h4
_22442,aes_sbox_us13,main_sbox,bfs_h5
_22443,aes_sbox_us13,main_sbox,bfs_h4
_22444,aes_sbox_us13,main_sbox,bfs_h3
_22445,aes_sbox_us13,main_sbox,bfs_h2
_22446,aes_sbox_us13,main_sbox,bfs_h5
_22447,aes_key_expand_128_u0/aes_sbox_u1,kexp_sbox,bfs_h4
_22448,aes_sbox_us13,main_sbox,bfs_h4
_22449,aes_key_expand_128_u0/aes_sbox_u1,kexp_sbox,bfs_h4
_22450,aes_sbox_us13,main_sbox,bfs_h5
_22451,aes_sbox_us13,main_sbox,bfs_h4
_22452,aes_sbox_us13,main_sbox,bfs_h3
_22453,aes_sbox_us13,main_sbox,bfs_h5
_22454,aes_sbox_us13,main_sbox,bfs_h4
_22455,aes_sbox_us13,main_sbox,bfs_h5
_22456,aes_sbox_us13,main_sbox,bfs_h4
_22457,aes_sbox_us13,main_sbox,bfs_h3
_22458,aes_sbox_us13,main_sbox,bfs_h2
_22459,aes_sbox_us13,main_sbox,bfs_h4
_22460,aes_sbox_us13,main_sbox,bfs_h4
_22461,aes_sbox_us13,main_sbox,bfs_h3
_22462,aes_sbox_us13,main_sbox,bfs_h5
_22463,aes_sbox_us13,main_sbox,bfs_h5
_22464,aes_sbox_us13,main_sbox,bfs_h4
_22465,aes_sbox_us13,main_sbox,bfs_h3
_22466,aes_sbox_us13,main_sbox,bfs_h5
_22467,aes_sbox_us13,main_sbox,bfs_h5
_22468,aes_sbox_us13,main_sbox,bfs_h4
_22469,aes_sbox_us13,main_sbox,bfs_h5
_22470,aes_sbox_us13,main_sbox,bfs_h4
_22471,aes_sbox_us13,main_sbox,bfs_h3
_22472,aes_sbox_us13,main_sbox,bfs_h2
_22473,aes_sbox_us13,main_sbox,bfs_h5
_22474,aes_key_expand_128_u0/aes_sbox_u1,kexp_sbox,bfs_h4
_22475,aes_sbox_us13,main_sbox,bfs_h4
_22476,aes_sbox_us13,main_sbox,bfs_h5
_22477,aes_sbox_us13,main_sbox,bfs_h4
_22478,aes_sbox_us13,main_sbox,bfs_h3
_22479,aes_sbox_us13,main_sbox,bfs_h5
_22480,aes_sbox_us13,main_sbox,bfs_h4
_22481,aes_sbox_us13,main_sbox,bfs_h5
_22482,aes_sbox_us13,main_sbox,bfs_h4
_22483,aes_sbox_us13,main_sbox,bfs_h3
_22484,aes_sbox_us13,main_sbox,bfs_h2
_22485,aes_sbox_us13,main_sbox,bfs_h1
_22486,aes_sbox_us11,main_sbox,bfs_h2
_22487,aes_sbox_us21,main_sbox,bfs_h1
_22488,aes_sbox_us21,main_sbox,bfs_h1
_22489,aes_sbox_us21,main_sbox,bfs_h2
_22490,aes_cipher_top,top,bfs_h3
_22491,aes_sbox_us11,main_sbox,bfs_h3
_22492,aes_cipher_top,top,bfs_h2
_22493,aes_cipher_top,top,bfs_h3
_22494,aes_key_expand_128_u0,key_expand,bfs_h2
_22495,aes_sbox_us10,main_sbox,bfs_h5
_22496,aes_sbox_us11,main_sbox,bfs_h2
_22497,aes_sbox_us11,main_sbox,bfs_h3
_22498,aes_sbox_us11,main_sbox,bfs_h2
_22499,aes_sbox_us31,main_sbox,bfs_h2
_22500,aes_sbox_us21,main_sbox,bfs_h2
_22501,aes_sbox_us21,main_sbox,bfs_h3
_22502,aes_sbox_us11,main_sbox,bfs_h2
_22503,aes_sbox_us01,main_sbox,bfs_h2
_22504,aes_sbox_us01,main_sbox,bfs_h2
_22505,aes_sbox_us11,main_sbox,bfs_h2
_22506,aes_sbox_us01,main_sbox,bfs_h3
_22507,aes_sbox_us21,main_sbox,bfs_h2
_22508,aes_cipher_top,top,bfs_h3
_22509,aes_cipher_top,top,bfs_h2
_22510,aes_key_expand_128_u0,key_expand,bfs_h3
_22511,aes_key_expand_128_u0,key_expand,bfs_h3
_22512,aes_key_expand_128_u0,key_expand,bfs_h3
_22513,aes_key_expand_128_u0/aes_sbox_u1,kexp_sbox,bfs_h5
_22514,aes_key_expand_128_u0/aes_sbox_u1,kexp_sbox,bfs_h5
_22515,aes_cipher_top,top,bfs_h2
_22516,aes_cipher_top,top,bfs_h3
_22517,aes_sbox_us01,main_sbox,bfs_h2
_22518,aes_sbox_us11,main_sbox,bfs_h2
_22519,aes_sbox_us11,main_sbox,bfs_h2
_22520,aes_sbox_us01,main_sbox,bfs_h2
_22521,aes_sbox_us01,main_sbox,bfs_h3
_22522,aes_sbox_us11,main_sbox,bfs_h3
_22523,aes_cipher_top,top,bfs_h3
_22524,aes_key_expand_128_u0/aes_sbox_u1,kexp_sbox,bfs_h3
_22525,aes_cipher_top,top,bfs_h2
_22526,aes_sbox_us11,main_sbox,bfs_h3
_22527,aes_sbox_us01,main_sbox,bfs_h2
_22528,aes_sbox_us01,main_sbox,bfs_h3
_22529,aes_sbox_us01,main_sbox,bfs_h3
_22530,aes_cipher_top,top,bfs_h3
_22531,aes_cipher_top,top,bfs_h3
_22532,aes_cipher_top,top,bfs_h4
_22533,aes_cipher_top,top,bfs_h5
_22534,aes_key_expand_128_u0,key_expand,bfs_h2
_22535,aes_key_expand_128_u0,key_expand,bfs_h2
_22536,aes_key_expand_128_u0,key_expand,bfs_h3
_22537,aes_sbox_us10,main_sbox,bfs_h5
_22538,aes_cipher_top,top,bfs_h3
_22539,aes_cipher_top,top,bfs_h3
_22540,aes_cipher_top,top,bfs_h4
_22541,aes_cipher_top,top,bfs_h5
_22542,aes_sbox_us10,main_sbox,bfs_h6
_22543,aes_cipher_top,top,bfs_h4
_22544,aes_cipher_top,top,bfs_h3
_22545,aes_cipher_top,top,bfs_h4
_22546,aes_cipher_top,top,bfs_h5
_22547,aes_key_expand_128_u0/aes_sbox_u1,kexp_sbox,bfs_h3
_22548,aes_key_expand_128_u0/aes_sbox_u1,kexp_sbox,bfs_h4
_22549,aes_key_expand_128_u0/aes_sbox_u1,kexp_sbox,bfs_h5
_22550,aes_sbox_us01,main_sbox,bfs_h1
_22551,aes_sbox_us21,main_sbox,bfs_h2
_22552,aes_sbox_us31,main_sbox,bfs_h2
_22553,aes_sbox_us01,main_sbox,bfs_h2
_22554,aes_sbox_us01,main_sbox,bfs_h1
_22555,aes_sbox_us31,main_sbox,bfs_h2
_22556,aes_sbox_us01,main_sbox,bfs_h2
_22557,aes_cipher_top,top,bfs_h3
_22558,aes_cipher_top,top,bfs_h2
_22559,aes_key_expand_128_u0,key_expand,bfs_h3
_22560,aes_key_expand_128_u0,key_expand,bfs_h2
_22561,aes_key_expand_128_u0,key_expand,bfs_h2
_22562,aes_sbox_us10,main_sbox,bfs_h6
_22563,aes_sbox_us11,main_sbox,bfs_h5
_22564,aes_sbox_us10,main_sbox,bfs_h5
_22565,aes_sbox_us10,main_sbox,bfs_h4
_22566,aes_cipher_top,top,bfs_h5
_22567,aes_cipher_top,top,bfs_h5
_22568,aes_sbox_us10,main_sbox,bfs_h6
_22569,aes_cipher_top,top,bfs_h2
_22570,aes_cipher_top,top,bfs_h3
_22571,aes_sbox_us01,main_sbox,bfs_h1
_22572,aes_sbox_us01,main_sbox,bfs_h2
_22573,aes_sbox_us21,main_sbox,bfs_h1
_22574,aes_sbox_us31,main_sbox,bfs_h1
_22575,aes_sbox_us31,main_sbox,bfs_h2
_22576,aes_sbox_us11,main_sbox,bfs_h3
_22577,aes_sbox_us11,main_sbox,bfs_h2
_22578,aes_cipher_top,top,bfs_h2
_22579,aes_sbox_us31,main_sbox,bfs_h2
_22580,aes_sbox_us11,main_sbox,bfs_h3
_22581,aes_sbox_us11,main_sbox,bfs_h3
_22582,aes_sbox_us11,main_sbox,bfs_h3
_22583,aes_sbox_us11,main_sbox,bfs_h4
_22584,aes_sbox_us10,main_sbox,bfs_h5
_22585,aes_cipher_top,top,bfs_h5
_22586,aes_cipher_top,top,bfs_h4
_22587,aes_sbox_us10,main_sbox,bfs_h5
_22588,aes_sbox_us10,main_sbox,bfs_h5
_22589,aes_sbox_us10,main_sbox,bfs_h4
_22590,aes_sbox_us10,main_sbox,bfs_h5
_22591,aes_sbox_us10,main_sbox,bfs_h5
_22592,aes_cipher_top,top,bfs_h5
_22593,aes_cipher_top,top,bfs_h4
_22594,aes_sbox_us10,main_sbox,bfs_h5
_22595,aes_sbox_us10,main_sbox,bfs_h5
_22596,aes_sbox_us11,main_sbox,bfs_h3
_22597,aes_sbox_us11,main_sbox,bfs_h2
_22598,aes_sbox_us11,main_sbox,bfs_h3
_22599,aes_sbox_us11,main_sbox,bfs_h4
_22600,aes_sbox_us10,main_sbox,bfs_h5
_22601,aes_cipher_top,top,bfs_h2
_22602,aes_key_expand_128_u0,key_expand,bfs_h3
_22603,aes_sbox_us01,main_sbox,bfs_h1
_22604,aes_sbox_us01,main_sbox,bfs_h2
_22605,aes_sbox_us21,main_sbox,bfs_h1
_22606,aes_sbox_us31,main_sbox,bfs_h1
_22607,aes_sbox_us31,main_sbox,bfs_h2
_22608,aes_sbox_us31,main_sbox,bfs_h2
_22609,aes_sbox_us01,main_sbox,bfs_h2
_22610,aes_cipher_top,top,bfs_h3
_22611,aes_key_expand_128_u0,key_expand,bfs_h2
_22612,aes_key_expand_128_u0,key_expand,bfs_h2
_22613,aes_sbox_us10,main_sbox,bfs_h5
_22614,aes_sbox_us10,main_sbox,bfs_h4
_22615,aes_sbox_us10,main_sbox,bfs_h4
_22616,aes_sbox_us10,main_sbox,bfs_h4
_22617,aes_sbox_us10,main_sbox,bfs_h3
_22618,aes_cipher_top,top,bfs_h5
_22619,aes_key_expand_128_u0/aes_sbox_u1,kexp_sbox,bfs_h3
_22620,aes_key_expand_128_u0/aes_sbox_u1,kexp_sbox,bfs_h3
_22621,aes_key_expand_128_u0/aes_sbox_u1,kexp_sbox,bfs_h4
_22622,aes_sbox_us10,main_sbox,bfs_h5
_22623,aes_sbox_us10,main_sbox,bfs_h5
_22624,aes_sbox_us10,main_sbox,bfs_h5
_22625,aes_sbox_us10,main_sbox,bfs_h5
_22626,aes_sbox_us10,main_sbox,bfs_h5
_22627,aes_sbox_us10,main_sbox,bfs_h4
_22628,aes_sbox_us10,main_sbox,bfs_h4
_22629,aes_sbox_us10,main_sbox,bfs_h5
_22630,aes_sbox_us10,main_sbox,bfs_h4
_22631,aes_sbox_us10,main_sbox,bfs_h5
_22632,aes_cipher_top,top,bfs_h5
_22633,aes_key_expand_128_u0/aes_sbox_u1,kexp_sbox,bfs_h5
_22634,aes_sbox_us10,main_sbox,bfs_h6
_22635,aes_sbox_us10,main_sbox,bfs_h5
_22636,aes_sbox_us10,main_sbox,bfs_h5
_22637,aes_sbox_us10,main_sbox,bfs_h4
_22638,aes_sbox_us21,main_sbox,bfs_h1
_22639,aes_sbox_us01,main_sbox,bfs_h1
_22640,aes_sbox_us01,main_sbox,bfs_h2
_22641,aes_cipher_top,top,bfs_h2
_22642,aes_cipher_top,top,bfs_h3
_22643,aes_key_expand_128_u0,key_expand,bfs_h2
_22644,aes_sbox_us10,main_sbox,bfs_h4
_22645,aes_sbox_us10,main_sbox,bfs_h3
_22646,aes_sbox_us10,main_sbox,bfs_h2
_22647,aes_key_expand_128_u0/aes_sbox_u1,kexp_sbox,bfs_h3
_22648,aes_key_expand_128_u0/aes_sbox_u1,kexp_sbox,bfs_h4
_22649,aes_key_expand_128_u0/aes_sbox_u1,kexp_sbox,bfs_h4
_22650,aes_sbox_us10,main_sbox,bfs_h5
_22651,aes_key_expand_128_u0/aes_sbox_u1,kexp_sbox,bfs_h5
_22652,aes_sbox_us10,main_sbox,bfs_h5
_22653,aes_sbox_us10,main_sbox,bfs_h5
_22654,aes_sbox_us10,main_sbox,bfs_h5
_22655,aes_cipher_top,top,bfs_h5
_22656,aes_cipher_top,top,bfs_h5
_22657,aes_sbox_us10,main_sbox,bfs_h5
_22658,aes_sbox_us10,main_sbox,bfs_h5
_22659,aes_sbox_us10,main_sbox,bfs_h4
_22660,aes_cipher_top,top,bfs_h5
_22661,aes_cipher_top,top,bfs_h4
_22662,aes_cipher_top,top,bfs_h5
_22663,aes_cipher_top,top,bfs_h5
_22664,aes_sbox_us10,main_sbox,bfs_h5
_22665,aes_key_expand_128_u0/aes_sbox_u1,kexp_sbox,bfs_h4
_22666,aes_sbox_us10,main_sbox,bfs_h5
_22667,aes_sbox_us10,main_sbox,bfs_h5
_22668,aes_sbox_us10,main_sbox,bfs_h4
_22669,aes_sbox_us10,main_sbox,bfs_h4
_22670,aes_sbox_us10,main_sbox,bfs_h4
_22671,aes_sbox_us10,main_sbox,bfs_h4
_22672,aes_sbox_us10,main_sbox,bfs_h3
_22673,aes_key_expand_128_u0/aes_sbox_u1,kexp_sbox,bfs_h5
_22674,aes_sbox_us10,main_sbox,bfs_h5
_22675,aes_sbox_us10,main_sbox,bfs_h4
_22676,aes_sbox_us10,main_sbox,bfs_h4
_22677,aes_sbox_us11,main_sbox,bfs_h4
_22678,aes_sbox_us10,main_sbox,bfs_h5
_22679,aes_key_expand_128_u0/aes_sbox_u1,kexp_sbox,bfs_h4
_22680,aes_key_expand_128_u0/aes_sbox_u1,kexp_sbox,bfs_h4
_22681,aes_sbox_us10,main_sbox,bfs_h5
_22682,aes_sbox_us10,main_sbox,bfs_h5
_22683,aes_sbox_us10,main_sbox,bfs_h4
_22684,aes_sbox_us10,main_sbox,bfs_h3
_22685,aes_sbox_us21,main_sbox,bfs_h1
_22686,aes_sbox_us21,main_sbox,bfs_h2
_22687,aes_sbox_us11,main_sbox,bfs_h1
_22688,aes_sbox_us11,main_sbox,bfs_h2
_22689,aes_cipher_top,top,bfs_h2
_22690,aes_cipher_top,top,bfs_h3
_22691,aes_key_expand_128_u0,key_expand,bfs_h2
_22692,aes_sbox_us10,main_sbox,bfs_h3
_22693,aes_sbox_us10,main_sbox,bfs_h2
_22694,aes_key_expand_128_u0/aes_sbox_u1,kexp_sbox,bfs_h4
_22695,aes_sbox_us10,main_sbox,bfs_h4
_22696,aes_sbox_us10,main_sbox,bfs_h5
_22697,aes_sbox_us10,main_sbox,bfs_h5
_22698,aes_sbox_us10,main_sbox,bfs_h5
_22699,aes_sbox_us10,main_sbox,bfs_h4
_22700,aes_sbox_us10,main_sbox,bfs_h3
_22701,aes_sbox_us10,main_sbox,bfs_h3
_22702,aes_sbox_us10,main_sbox,bfs_h5
_22703,aes_sbox_us10,main_sbox,bfs_h5
_22704,aes_sbox_us10,main_sbox,bfs_h5
_22705,aes_sbox_us11,main_sbox,bfs_h4
_22706,aes_sbox_us10,main_sbox,bfs_h4
_22707,aes_sbox_us10,main_sbox,bfs_h4
_22708,aes_sbox_us10,main_sbox,bfs_h5
_22709,aes_sbox_us10,main_sbox,bfs_h4
_22710,aes_sbox_us10,main_sbox,bfs_h3
_22711,aes_sbox_us10,main_sbox,bfs_h6
_22712,aes_sbox_us10,main_sbox,bfs_h5
_22713,aes_key_expand_128_u0/aes_sbox_u1,kexp_sbox,bfs_h4
_22714,aes_sbox_us10,main_sbox,bfs_h5
_22715,aes_sbox_us10,main_sbox,bfs_h4
_22716,aes_key_expand_128_u0/aes_sbox_u1,kexp_sbox,bfs_h5
_22717,aes_sbox_us10,main_sbox,bfs_h5
_22718,aes_sbox_us10,main_sbox,bfs_h5
_22719,aes_cipher_top,top,bfs_h5
_22720,aes_sbox_us10,main_sbox,bfs_h5
_22721,aes_sbox_us10,main_sbox,bfs_h5
_22722,aes_sbox_us10,main_sbox,bfs_h4
_22723,aes_sbox_us10,main_sbox,bfs_h3
_22724,aes_sbox_us10,main_sbox,bfs_h2
_22725,aes_key_expand_128_u0/aes_sbox_u1,kexp_sbox,bfs_h4
_22726,aes_sbox_us10,main_sbox,bfs_h5
_22727,aes_sbox_us10,main_sbox,bfs_h5
_22728,aes_sbox_us10,main_sbox,bfs_h5
_22729,aes_cipher_top,top,bfs_h5
_22730,aes_sbox_us10,main_sbox,bfs_h5
_22731,aes_sbox_us10,main_sbox,bfs_h5
_22732,aes_sbox_us11,main_sbox,bfs_h4
_22733,aes_sbox_us10,main_sbox,bfs_h5
_22734,aes_sbox_us10,main_sbox,bfs_h4
_22735,aes_key_expand_128_u0/aes_sbox_u1,kexp_sbox,bfs_h5
_22736,aes_sbox_us10,main_sbox,bfs_h5
_22737,aes_sbox_us10,main_sbox,bfs_h6
_22738,aes_sbox_us10,main_sbox,bfs_h5
_22739,aes_sbox_us10,main_sbox,bfs_h5
_22740,aes_sbox_us10,main_sbox,bfs_h5
_22741,aes_sbox_us10,main_sbox,bfs_h4
_22742,aes_sbox_us10,main_sbox,bfs_h3
_22743,aes_sbox_us10,main_sbox,bfs_h3
_22744,aes_sbox_us10,main_sbox,bfs_h5
_22745,aes_cipher_top,top,bfs_h5
_22746,aes_sbox_us10,main_sbox,bfs_h5
_22747,aes_sbox_us10,main_sbox,bfs_h5
_22748,aes_sbox_us10,main_sbox,bfs_h4
_22749,aes_sbox_us10,main_sbox,bfs_h5
_22750,aes_cipher_top,top,bfs_h4
_22751,aes_cipher_top,top,bfs_h5
_22752,aes_cipher_top,top,bfs_h4
_22753,aes_cipher_top,top,bfs_h5
_22754,aes_sbox_us10,main_sbox,bfs_h5
_22755,aes_sbox_us10,main_sbox,bfs_h5
_22756,aes_sbox_us10,main_sbox,bfs_h4
_22757,aes_sbox_us10,main_sbox,bfs_h3
_22758,aes_sbox_us10,main_sbox,bfs_h2
_22759,aes_sbox_us10,main_sbox,bfs_h1
_22760,aes_sbox_us10,main_sbox,bfs_h5
_22761,aes_cipher_top,top,bfs_h5
_22762,aes_sbox_us10,main_sbox,bfs_h5
_22763,aes_sbox_us10,main_sbox,bfs_h5
_22764,aes_sbox_us10,main_sbox,bfs_h5
_22765,aes_sbox_us10,main_sbox,bfs_h6
_22766,aes_sbox_us10,main_sbox,bfs_h5
_22767,aes_sbox_us10,main_sbox,bfs_h4
_22768,aes_cipher_top,top,bfs_h5
_22769,aes_sbox_us10,main_sbox,bfs_h5
_22770,aes_sbox_us10,main_sbox,bfs_h5
_22771,aes_sbox_us10,main_sbox,bfs_h4
_22772,aes_sbox_us10,main_sbox,bfs_h3
_22773,aes_sbox_us10,main_sbox,bfs_h5
_22774,aes_sbox_us10,main_sbox,bfs_h5
_22775,aes_sbox_us10,main_sbox,bfs_h5
_22776,aes_cipher_top,top,bfs_h5
_22777,aes_sbox_us10,main_sbox,bfs_h5
_22778,aes_key_expand_128_u0/aes_sbox_u1,kexp_sbox,bfs_h4
_22779,aes_sbox_us10,main_sbox,bfs_h5
_22780,aes_sbox_us10,main_sbox,bfs_h4
_22781,aes_sbox_us10,main_sbox,bfs_h4
_22782,aes_cipher_top,top,bfs_h5
_22783,aes_sbox_us10,main_sbox,bfs_h5
_22784,aes_sbox_us10,main_sbox,bfs_h4
_22785,aes_sbox_us10,main_sbox,bfs_h5
_22786,aes_sbox_us10,main_sbox,bfs_h5
_22787,aes_sbox_us10,main_sbox,bfs_h4
_22788,aes_sbox_us10,main_sbox,bfs_h3
_22789,aes_sbox_us10,main_sbox,bfs_h2
_22790,aes_sbox_us10,main_sbox,bfs_h6
_22791,aes_sbox_us10,main_sbox,bfs_h5
_22792,aes_sbox_us10,main_sbox,bfs_h5
_22793,aes_sbox_us10,main_sbox,bfs_h5
_22794,aes_sbox_us10,main_sbox,bfs_h5
_22795,aes_sbox_us10,main_sbox,bfs_h5
_22796,aes_sbox_us10,main_sbox,bfs_h5
_22797,aes_sbox_us10,main_sbox,bfs_h4
_22798,aes_sbox_us10,main_sbox,bfs_h5
_22799,aes_sbox_us10,main_sbox,bfs_h6
_22800,aes_sbox_us10,main_sbox,bfs_h5
_22801,aes_sbox_us10,main_sbox,bfs_h5
_22802,aes_sbox_us10,main_sbox,bfs_h4
_22803,aes_sbox_us10,main_sbox,bfs_h3
_22804,aes_sbox_us10,main_sbox,bfs_h2
_22805,aes_cipher_top,top,bfs_h4
_22806,aes_cipher_top,top,bfs_h5
_22807,aes_sbox_us10,main_sbox,bfs_h5
_22808,aes_sbox_us10,main_sbox,bfs_h5
_22809,aes_key_expand_128_u0/aes_sbox_u1,kexp_sbox,bfs_h5
_22810,aes_sbox_us10,main_sbox,bfs_h6
_22811,aes_sbox_us10,main_sbox,bfs_h6
_22812,aes_cipher_top,top,bfs_h5
_22813,aes_sbox_us10,main_sbox,bfs_h5
_22814,aes_sbox_us10,main_sbox,bfs_h5
_22815,aes_sbox_us10,main_sbox,bfs_h4
_22816,aes_sbox_us10,main_sbox,bfs_h5
_22817,aes_sbox_us10,main_sbox,bfs_h6
_22818,aes_key_expand_128_u0/aes_sbox_u1,kexp_sbox,bfs_h4
_22819,aes_sbox_us10,main_sbox,bfs_h5
_22820,aes_sbox_us10,main_sbox,bfs_h5
_22821,aes_sbox_us10,main_sbox,bfs_h5
_22822,aes_sbox_us10,main_sbox,bfs_h5
_22823,aes_sbox_us10,main_sbox,bfs_h5
_22824,aes_sbox_us10,main_sbox,bfs_h4
_22825,aes_sbox_us10,main_sbox,bfs_h4
_22826,aes_sbox_us10,main_sbox,bfs_h3
_22827,aes_sbox_us10,main_sbox,bfs_h5
_22828,aes_sbox_us10,main_sbox,bfs_h5
_22829,aes_cipher_top,top,bfs_h5
_22830,aes_sbox_us10,main_sbox,bfs_h5
_22831,aes_cipher_top,top,bfs_h5
_22832,aes_sbox_us10,main_sbox,bfs_h5
_22833,aes_sbox_us10,main_sbox,bfs_h5
_22834,aes_sbox_us10,main_sbox,bfs_h4
_22835,aes_sbox_us10,main_sbox,bfs_h4
_22836,aes_cipher_top,top,bfs_h5
_22837,aes_sbox_us10,main_sbox,bfs_h5
_22838,aes_sbox_us10,main_sbox,bfs_h5
_22839,aes_sbox_us10,main_sbox,bfs_h5
_22840,aes_sbox_us10,main_sbox,bfs_h5
_22841,aes_key_expand_128_u0/aes_sbox_u1,kexp_sbox,bfs_h5
_22842,aes_sbox_us10,main_sbox,bfs_h5
_22843,aes_sbox_us10,main_sbox,bfs_h5
_22844,aes_sbox_us10,main_sbox,bfs_h4
_22845,aes_sbox_us10,main_sbox,bfs_h5
_22846,aes_sbox_us10,main_sbox,bfs_h4
_22847,aes_sbox_us10,main_sbox,bfs_h3
_22848,aes_sbox_us10,main_sbox,bfs_h2
_22849,aes_sbox_us10,main_sbox,bfs_h1
_22850,aes_sbox_us10,main_sbox,bfs_h5
_22851,aes_cipher_top,top,bfs_h4
_22852,aes_sbox_us10,main_sbox,bfs_h5
_22853,aes_sbox_us10,main_sbox,bfs_h4
_22854,aes_sbox_us10,main_sbox,bfs_h5
_22855,aes_sbox_us10,main_sbox,bfs_h5
_22856,aes_sbox_us10,main_sbox,bfs_h4
_22857,aes_sbox_us10,main_sbox,bfs_h3
_22858,aes_cipher_top,top,bfs_h4
_22859,aes_sbox_us10,main_sbox,bfs_h4
_22860,aes_sbox_us10,main_sbox,bfs_h4
_22861,aes_sbox_us10,main_sbox,bfs_h4
_22862,aes_cipher_top,top,bfs_h5
_22863,aes_sbox_us10,main_sbox,bfs_h5
_22864,aes_sbox_us10,main_sbox,bfs_h4
_22865,aes_sbox_us10,main_sbox,bfs_h3
_22866,aes_sbox_us10,main_sbox,bfs_h2
_22867,aes_sbox_us10,main_sbox,bfs_h5
_22868,aes_sbox_us10,main_sbox,bfs_h5
_22869,aes_sbox_us10,main_sbox,bfs_h5
_22870,aes_sbox_us10,main_sbox,bfs_h4
_22871,aes_cipher_top,top,bfs_h4
_22872,aes_sbox_us10,main_sbox,bfs_h5
_22873,aes_cipher_top,top,bfs_h5
_22874,aes_sbox_us10,main_sbox,bfs_h4
_22875,aes_sbox_us10,main_sbox,bfs_h3
_22876,aes_sbox_us10,main_sbox,bfs_h5
_22877,aes_sbox_us10,main_sbox,bfs_h4
_22878,aes_sbox_us10,main_sbox,bfs_h4
_22879,aes_sbox_us10,main_sbox,bfs_h5
_22880,aes_sbox_us10,main_sbox,bfs_h5
_22881,aes_sbox_us10,main_sbox,bfs_h5
_22882,aes_sbox_us10,main_sbox,bfs_h4
_22883,aes_sbox_us10,main_sbox,bfs_h3
_22884,aes_sbox_us10,main_sbox,bfs_h2
_22885,aes_sbox_us10,main_sbox,bfs_h4
_22886,aes_sbox_us10,main_sbox,bfs_h5
_22887,aes_sbox_us10,main_sbox,bfs_h4
_22888,aes_sbox_us10,main_sbox,bfs_h5
_22889,aes_sbox_us10,main_sbox,bfs_h5
_22890,aes_sbox_us10,main_sbox,bfs_h4
_22891,aes_sbox_us10,main_sbox,bfs_h3
_22892,aes_sbox_us10,main_sbox,bfs_h5
_22893,aes_sbox_us10,main_sbox,bfs_h6
_22894,aes_sbox_us10,main_sbox,bfs_h5
_22895,aes_sbox_us10,main_sbox,bfs_h4
_22896,aes_sbox_us10,main_sbox,bfs_h4
_22897,aes_sbox_us10,main_sbox,bfs_h4
_22898,aes_sbox_us10,main_sbox,bfs_h3
_22899,aes_sbox_us10,main_sbox,bfs_h3
_22900,aes_sbox_us10,main_sbox,bfs_h2
_22901,aes_sbox_us10,main_sbox,bfs_h5
_22902,aes_sbox_us10,main_sbox,bfs_h5
_22903,aes_sbox_us10,main_sbox,bfs_h4
_22904,aes_sbox_us10,main_sbox,bfs_h5
_22905,aes_sbox_us10,main_sbox,bfs_h5
_22906,aes_sbox_us10,main_sbox,bfs_h4
_22907,aes_sbox_us10,main_sbox,bfs_h3
_22908,aes_sbox_us10,main_sbox,bfs_h4
_22909,aes_sbox_us10,main_sbox,bfs_h3
_22910,aes_cipher_top,top,bfs_h5
_22911,aes_cipher_top,top,bfs_h4
_22912,aes_cipher_top,top,bfs_h5
_22913,aes_sbox_us10,main_sbox,bfs_h5
_22914,aes_sbox_us10,main_sbox,bfs_h5
_22915,aes_sbox_us10,main_sbox,bfs_h4
_22916,aes_sbox_us10,main_sbox,bfs_h3
_22917,aes_sbox_us10,main_sbox,bfs_h2
_22918,aes_sbox_us10,main_sbox,bfs_h1
_22919,aes_cipher_top,top,bfs_h5
_22920,aes_sbox_us10,main_sbox,bfs_h5
_22921,aes_sbox_us10,main_sbox,bfs_h4
_22922,aes_sbox_us10,main_sbox,bfs_h5
_22923,aes_sbox_us10,main_sbox,bfs_h4
_22924,aes_sbox_us10,main_sbox,bfs_h3
_22925,aes_sbox_us10,main_sbox,bfs_h4
_22926,aes_sbox_us10,main_sbox,bfs_h4
_22927,aes_sbox_us10,main_sbox,bfs_h5
_22928,aes_cipher_top,top,bfs_h5
_22929,aes_cipher_top,top,bfs_h5
_22930,aes_sbox_us10,main_sbox,bfs_h4
_22931,aes_sbox_us10,main_sbox,bfs_h3
_22932,aes_sbox_us10,main_sbox,bfs_h2
_22933,aes_sbox_us10,main_sbox,bfs_h5
_22934,aes_sbox_us10,main_sbox,bfs_h5
_22935,aes_sbox_us10,main_sbox,bfs_h4
_22936,aes_sbox_us10,main_sbox,bfs_h4
_22937,aes_sbox_us10,main_sbox,bfs_h3
_22938,aes_cipher_top,top,bfs_h4
_22939,aes_cipher_top,top,bfs_h5
_22940,aes_sbox_us10,main_sbox,bfs_h5
_22941,aes_sbox_us10,main_sbox,bfs_h6
_22942,aes_sbox_us10,main_sbox,bfs_h5
_22943,aes_sbox_us10,main_sbox,bfs_h4
_22944,aes_sbox_us10,main_sbox,bfs_h3
_22945,aes_sbox_us10,main_sbox,bfs_h2
_22946,aes_sbox_us10,main_sbox,bfs_h6
_22947,aes_sbox_us10,main_sbox,bfs_h5
_22948,aes_sbox_us10,main_sbox,bfs_h5
_22949,aes_sbox_us10,main_sbox,bfs_h5
_22950,aes_cipher_top,top,bfs_h5
_22951,aes_sbox_us10,main_sbox,bfs_h5
_22952,aes_sbox_us10,main_sbox,bfs_h4
_22953,aes_key_expand_128_u0/aes_sbox_u1,kexp_sbox,bfs_h5
_22954,aes_cipher_top,top,bfs_h5
_22955,aes_sbox_us10,main_sbox,bfs_h5
_22956,aes_sbox_us10,main_sbox,bfs_h5
_22957,aes_cipher_top,top,bfs_h5
_22958,aes_sbox_us11,main_sbox,bfs_h5
_22959,aes_sbox_us10,main_sbox,bfs_h5
_22960,aes_sbox_us10,main_sbox,bfs_h4
_22961,aes_sbox_us10,main_sbox,bfs_h3
_22962,aes_cipher_top,top,bfs_h5
_22963,aes_sbox_us10,main_sbox,bfs_h5
_22964,aes_sbox_us10,main_sbox,bfs_h5
_22965,aes_sbox_us10,main_sbox,bfs_h5
_22966,aes_sbox_us10,main_sbox,bfs_h5
_22967,aes_sbox_us10,main_sbox,bfs_h5
_22968,aes_sbox_us10,main_sbox,bfs_h4
_22969,aes_cipher_top,top,bfs_h5
_22970,aes_sbox_us10,main_sbox,bfs_h5
_22971,aes_sbox_us10,main_sbox,bfs_h5
_22972,aes_cipher_top,top,bfs_h5
_22973,aes_sbox_us10,main_sbox,bfs_h5
_22974,aes_sbox_us10,main_sbox,bfs_h5
_22975,aes_sbox_us10,main_sbox,bfs_h4
_22976,aes_sbox_us10,main_sbox,bfs_h3
_22977,aes_sbox_us10,main_sbox,bfs_h2
_22978,aes_sbox_us10,main_sbox,bfs_h1
_22979,aes_sbox_us10,main_sbox,bfs_h5
_22980,aes_sbox_us10,main_sbox,bfs_h4
_22981,aes_sbox_us10,main_sbox,bfs_h5
_22982,aes_sbox_us10,main_sbox,bfs_h5
_22983,aes_sbox_us10,main_sbox,bfs_h5
_22984,aes_sbox_us10,main_sbox,bfs_h4
_22985,aes_sbox_us10,main_sbox,bfs_h3
_22986,aes_sbox_us10,main_sbox,bfs_h4
_22987,aes_sbox_us10,main_sbox,bfs_h5
_22988,aes_sbox_us10,main_sbox,bfs_h4
_22989,aes_sbox_us10,main_sbox,bfs_h5
_22990,aes_sbox_us10,main_sbox,bfs_h5
_22991,aes_sbox_us10,main_sbox,bfs_h5
_22992,aes_sbox_us10,main_sbox,bfs_h4
_22993,aes_sbox_us10,main_sbox,bfs_h3
_22994,aes_sbox_us10,main_sbox,bfs_h2
_22995,aes_sbox_us10,main_sbox,bfs_h4
_22996,aes_sbox_us10,main_sbox,bfs_h4
_22997,aes_sbox_us10,main_sbox,bfs_h4
_22998,aes_sbox_us10,main_sbox,bfs_h3
_22999,aes_sbox_us10,main_sbox,bfs_h3
_23000,aes_sbox_us10,main_sbox,bfs_h5
_23001,aes_sbox_us10,main_sbox,bfs_h5
_23002,aes_key_expand_128_u0/aes_sbox_u1,kexp_sbox,bfs_h5
_23003,aes_sbox_us10,main_sbox,bfs_h5
_23004,aes_sbox_us10,main_sbox,bfs_h4
_23005,aes_sbox_us10,main_sbox,bfs_h6
_23006,aes_sbox_us10,main_sbox,bfs_h5
_23007,aes_sbox_us10,main_sbox,bfs_h4
_23008,aes_sbox_us10,main_sbox,bfs_h3
_23009,aes_sbox_us10,main_sbox,bfs_h2
_23010,aes_sbox_us10,main_sbox,bfs_h5
_23011,aes_sbox_us10,main_sbox,bfs_h4
_23012,aes_sbox_us10,main_sbox,bfs_h5
_23013,aes_sbox_us10,main_sbox,bfs_h4
_23014,aes_sbox_us10,main_sbox,bfs_h3
_23015,aes_sbox_us10,main_sbox,bfs_h5
_23016,aes_sbox_us10,main_sbox,bfs_h4
_23017,aes_sbox_us10,main_sbox,bfs_h3
_23018,aes_sbox_us10,main_sbox,bfs_h5
_23019,aes_sbox_us10,main_sbox,bfs_h5
_23020,aes_sbox_us10,main_sbox,bfs_h4
_23021,aes_sbox_us10,main_sbox,bfs_h3
_23022,aes_sbox_us10,main_sbox,bfs_h2
_23023,aes_sbox_us10,main_sbox,bfs_h5
_23024,aes_sbox_us10,main_sbox,bfs_h4
_23025,aes_sbox_us10,main_sbox,bfs_h5
_23026,aes_sbox_us10,main_sbox,bfs_h5
_23027,aes_sbox_us10,main_sbox,bfs_h4
_23028,aes_sbox_us10,main_sbox,bfs_h3
_23029,aes_sbox_us10,main_sbox,bfs_h4
_23030,aes_sbox_us10,main_sbox,bfs_h4
_23031,aes_sbox_us10,main_sbox,bfs_h3
_23032,aes_sbox_us10,main_sbox,bfs_h4
_23033,aes_sbox_us10,main_sbox,bfs_h3
_23034,aes_sbox_us10,main_sbox,bfs_h2
_23035,aes_sbox_us10,main_sbox,bfs_h1
_23036,aes_sbox_us10,main_sbox,bfs_h5
_23037,aes_sbox_us10,main_sbox,bfs_h4
_23038,aes_sbox_us10,main_sbox,bfs_h5
_23039,aes_sbox_us10,main_sbox,bfs_h4
_23040,aes_sbox_us10,main_sbox,bfs_h3
_23041,aes_sbox_us10,main_sbox,bfs_h4
_23042,aes_sbox_us10,main_sbox,bfs_h4
_23043,aes_sbox_us10,main_sbox,bfs_h5
_23044,aes_sbox_us10,main_sbox,bfs_h4
_23045,aes_sbox_us10,main_sbox,bfs_h3
_23046,aes_sbox_us10,main_sbox,bfs_h2
_23047,aes_sbox_us10,main_sbox,bfs_h4
_23048,aes_sbox_us10,main_sbox,bfs_h6
_23049,aes_sbox_us10,main_sbox,bfs_h5
_23050,aes_sbox_us10,main_sbox,bfs_h5
_23051,aes_sbox_us10,main_sbox,bfs_h4
_23052,aes_sbox_us10,main_sbox,bfs_h3
_23053,aes_sbox_us10,main_sbox,bfs_h5
_23054,aes_sbox_us10,main_sbox,bfs_h4
_23055,aes_cipher_top,top,bfs_h5
_23056,aes_sbox_us10,main_sbox,bfs_h5
_23057,aes_cipher_top,top,bfs_h5
_23058,aes_sbox_us10,main_sbox,bfs_h5
_23059,aes_sbox_us10,main_sbox,bfs_h4
_23060,aes_sbox_us10,main_sbox,bfs_h3
_23061,aes_sbox_us10,main_sbox,bfs_h2
_23062,aes_sbox_us10,main_sbox,bfs_h4
_23063,aes_sbox_us10,main_sbox,bfs_h5
_23064,aes_sbox_us10,main_sbox,bfs_h5
_23065,aes_sbox_us10,main_sbox,bfs_h5
_23066,aes_sbox_us10,main_sbox,bfs_h5
_23067,aes_sbox_us10,main_sbox,bfs_h4
_23068,aes_sbox_us10,main_sbox,bfs_h5
_23069,aes_sbox_us10,main_sbox,bfs_h4
_23070,aes_sbox_us10,main_sbox,bfs_h5
_23071,aes_sbox_us10,main_sbox,bfs_h5
_23072,aes_sbox_us10,main_sbox,bfs_h5
_23073,aes_sbox_us10,main_sbox,bfs_h4
_23074,aes_sbox_us10,main_sbox,bfs_h3
_23075,aes_sbox_us10,main_sbox,bfs_h5
_23076,aes_cipher_top,top,bfs_h5
_23077,aes_sbox_us10,main_sbox,bfs_h5
_23078,aes_sbox_us10,main_sbox,bfs_h5
_23079,aes_sbox_us10,main_sbox,bfs_h4
_23080,aes_sbox_us10,main_sbox,bfs_h4
_23081,aes_cipher_top,top,bfs_h5
_23082,aes_cipher_top,top,bfs_h4
_23083,aes_sbox_us10,main_sbox,bfs_h5
_23084,aes_sbox_us10,main_sbox,bfs_h5
_23085,aes_cipher_top,top,bfs_h5
_23086,aes_sbox_us10,main_sbox,bfs_h6
_23087,aes_sbox_us10,main_sbox,bfs_h5
_23088,aes_sbox_us10,main_sbox,bfs_h4
_23089,aes_sbox_us10,main_sbox,bfs_h3
_23090,aes_sbox_us10,main_sbox,bfs_h2
_23091,aes_sbox_us10,main_sbox,bfs_h1
_23092,aes_sbox_us10,main_sbox,bfs_h5
_23093,aes_sbox_us10,main_sbox,bfs_h5
_23094,aes_sbox_us10,main_sbox,bfs_h4
_23095,aes_sbox_us10,main_sbox,bfs_h5
_23096,aes_sbox_us10,main_sbox,bfs_h5
_23097,aes_sbox_us10,main_sbox,bfs_h4
_23098,aes_sbox_us10,main_sbox,bfs_h3
_23099,aes_sbox_us10,main_sbox,bfs_h5
_23100,aes_sbox_us10,main_sbox,bfs_h4
_23101,aes_sbox_us10,main_sbox,bfs_h5
_23102,aes_sbox_us10,main_sbox,bfs_h4
_23103,aes_sbox_us10,main_sbox,bfs_h4
_23104,aes_sbox_us10,main_sbox,bfs_h3
_23105,aes_sbox_us10,main_sbox,bfs_h2
_23106,aes_sbox_us10,main_sbox,bfs_h5
_23107,aes_sbox_us10,main_sbox,bfs_h4
_23108,aes_sbox_us10,main_sbox,bfs_h5
_23109,aes_sbox_us11,main_sbox,bfs_h5
_23110,aes_sbox_us10,main_sbox,bfs_h5
_23111,aes_sbox_us10,main_sbox,bfs_h4
_23112,aes_sbox_us10,main_sbox,bfs_h3
_23113,aes_sbox_us10,main_sbox,bfs_h5
_23114,aes_sbox_us10,main_sbox,bfs_h5
_23115,aes_sbox_us10,main_sbox,bfs_h4
_23116,aes_sbox_us10,main_sbox,bfs_h5
_23117,aes_sbox_us10,main_sbox,bfs_h5
_23118,aes_sbox_us10,main_sbox,bfs_h4
_23119,aes_sbox_us10,main_sbox,bfs_h3
_23120,aes_sbox_us10,main_sbox,bfs_h2
_23121,aes_sbox_us10,main_sbox,bfs_h5
_23122,aes_sbox_us10,main_sbox,bfs_h5
_23123,aes_sbox_us10,main_sbox,bfs_h4
_23124,aes_sbox_us10,main_sbox,bfs_h4
_23125,aes_sbox_us10,main_sbox,bfs_h4
_23126,aes_sbox_us10,main_sbox,bfs_h5
_23127,aes_sbox_us10,main_sbox,bfs_h5
_23128,aes_sbox_us10,main_sbox,bfs_h5
_23129,aes_sbox_us10,main_sbox,bfs_h4
_23130,aes_sbox_us10,main_sbox,bfs_h3
_23131,aes_sbox_us10,main_sbox,bfs_h6
_23132,aes_sbox_us10,main_sbox,bfs_h5
_23133,aes_sbox_us10,main_sbox,bfs_h5
_23134,aes_sbox_us10,main_sbox,bfs_h4
_23135,aes_sbox_us10,main_sbox,bfs_h4
_23136,aes_sbox_us10,main_sbox,bfs_h5
_23137,aes_sbox_us10,main_sbox,bfs_h5
_23138,aes_sbox_us10,main_sbox,bfs_h4
_23139,aes_sbox_us10,main_sbox,bfs_h5
_23140,aes_sbox_us10,main_sbox,bfs_h4
_23141,aes_sbox_us10,main_sbox,bfs_h3
_23142,aes_sbox_us10,main_sbox,bfs_h3
_23143,aes_sbox_us10,main_sbox,bfs_h2
_23144,aes_sbox_us10,main_sbox,bfs_h1
_23145,aes_sbox_us10,main_sbox,bfs_h5
_23146,aes_sbox_us10,main_sbox,bfs_h4
_23147,aes_sbox_us10,main_sbox,bfs_h4
_23148,aes_sbox_us10,main_sbox,bfs_h5
_23149,aes_sbox_us10,main_sbox,bfs_h5
_23150,aes_sbox_us10,main_sbox,bfs_h4
_23151,aes_sbox_us10,main_sbox,bfs_h3
_23152,aes_sbox_us10,main_sbox,bfs_h5
_23153,aes_sbox_us10,main_sbox,bfs_h4
_23154,aes_sbox_us10,main_sbox,bfs_h4
_23155,aes_sbox_us10,main_sbox,bfs_h3
_23156,aes_sbox_us10,main_sbox,bfs_h2
_23157,aes_sbox_us10,main_sbox,bfs_h4
_23158,aes_sbox_us10,main_sbox,bfs_h5
_23159,aes_sbox_us10,main_sbox,bfs_h4
_23160,aes_sbox_us10,main_sbox,bfs_h5
_23161,aes_sbox_us10,main_sbox,bfs_h4
_23162,aes_sbox_us10,main_sbox,bfs_h4
_23163,aes_sbox_us10,main_sbox,bfs_h3
_23164,aes_sbox_us10,main_sbox,bfs_h4
_23165,aes_sbox_us10,main_sbox,bfs_h4
_23166,aes_sbox_us10,main_sbox,bfs_h3
_23167,aes_sbox_us10,main_sbox,bfs_h5
_23168,aes_sbox_us10,main_sbox,bfs_h4
_23169,aes_sbox_us10,main_sbox,bfs_h3
_23170,aes_sbox_us10,main_sbox,bfs_h2
_23171,aes_sbox_us10,main_sbox,bfs_h4
_23172,aes_sbox_us10,main_sbox,bfs_h4
_23173,aes_sbox_us10,main_sbox,bfs_h5
_23174,aes_sbox_us10,main_sbox,bfs_h4
_23175,aes_sbox_us10,main_sbox,bfs_h3
_23176,aes_sbox_us10,main_sbox,bfs_h5
_23177,aes_sbox_us10,main_sbox,bfs_h5
_23178,aes_sbox_us10,main_sbox,bfs_h4
_23179,aes_cipher_top,top,bfs_h5
_23180,aes_sbox_us10,main_sbox,bfs_h5
_23181,aes_sbox_us10,main_sbox,bfs_h5
_23182,aes_sbox_us10,main_sbox,bfs_h4
_23183,aes_sbox_us10,main_sbox,bfs_h3
_23184,aes_sbox_us10,main_sbox,bfs_h2
_23185,aes_sbox_us10,main_sbox,bfs_h5
_23186,aes_sbox_us10,main_sbox,bfs_h5
_23187,aes_sbox_us10,main_sbox,bfs_h4
_23188,aes_sbox_us10,main_sbox,bfs_h5
_23189,aes_sbox_us10,main_sbox,bfs_h5
_23190,aes_sbox_us10,main_sbox,bfs_h4
_23191,aes_sbox_us10,main_sbox,bfs_h3
_23192,aes_sbox_us10,main_sbox,bfs_h4
_23193,aes_sbox_us10,main_sbox,bfs_h3
_23194,aes_sbox_us10,main_sbox,bfs_h5
_23195,aes_sbox_us10,main_sbox,bfs_h4
_23196,aes_sbox_us10,main_sbox,bfs_h3
_23197,aes_sbox_us10,main_sbox,bfs_h2
_23198,aes_sbox_us10,main_sbox,bfs_h1
_23199,aes_sbox_us12,main_sbox,bfs_h2
_23200,aes_sbox_us12,main_sbox,bfs_h2
_23201,aes_sbox_us22,main_sbox,bfs_h1
_23202,aes_sbox_us22,main_sbox,bfs_h1
_23203,aes_sbox_us22,main_sbox,bfs_h2
_23204,aes_sbox_us12,main_sbox,bfs_h3
_23205,aes_sbox_us12,main_sbox,bfs_h2
_23206,aes_sbox_us22,main_sbox,bfs_h1
_23207,aes_sbox_us22,main_sbox,bfs_h2
_23208,aes_cipher_top,top,bfs_h3
_23209,aes_cipher_top,top,bfs_h2
_23210,aes_sbox_us12,main_sbox,bfs_h3
_23211,aes_sbox_us12,main_sbox,bfs_h2
_23212,aes_sbox_us12,main_sbox,bfs_h3
_23213,aes_cipher_top,top,bfs_h2
_23214,aes_sbox_us02,main_sbox,bfs_h2
_23215,aes_sbox_us02,main_sbox,bfs_h3
_23216,aes_sbox_us02,main_sbox,bfs_h2
_23217,aes_sbox_us32,main_sbox,bfs_h2
_23218,aes_sbox_us22,main_sbox,bfs_h2
_23219,aes_sbox_us12,main_sbox,bfs_h2
_23220,aes_sbox_us02,main_sbox,bfs_h2
_23221,aes_sbox_us02,main_sbox,bfs_h2
_23222,aes_sbox_us12,main_sbox,bfs_h2
_23223,aes_sbox_us12,main_sbox,bfs_h3
_23224,aes_sbox_us22,main_sbox,bfs_h2
_23225,aes_cipher_top,top,bfs_h3
_23226,aes_sbox_us12,main_sbox,bfs_h3
_23227,aes_sbox_us12,main_sbox,bfs_h2
_23228,aes_sbox_us12,main_sbox,bfs_h2
_23229,aes_sbox_us12,main_sbox,bfs_h3
_23230,aes_sbox_us12,main_sbox,bfs_h3
_23231,aes_sbox_us12,main_sbox,bfs_h3
_23232,aes_cipher_top,top,bfs_h2
_23233,aes_cipher_top,top,bfs_h3
_23234,aes_sbox_us02,main_sbox,bfs_h2
_23235,aes_sbox_us12,main_sbox,bfs_h3
_23236,aes_sbox_us02,main_sbox,bfs_h2
_23237,aes_sbox_us12,main_sbox,bfs_h2
_23238,aes_sbox_us12,main_sbox,bfs_h3
_23239,aes_sbox_us12,main_sbox,bfs_h2
_23240,aes_cipher_top,top,bfs_h3
_23241,aes_cipher_top,top,bfs_h3
_23242,aes_cipher_top,top,bfs_h4
_23243,aes_cipher_top,top,bfs_h2
_23244,aes_cipher_top,top,bfs_h3
_23245,aes_sbox_us02,main_sbox,bfs_h3
_23246,aes_sbox_us12,main_sbox,bfs_h2
_23247,aes_sbox_us22,main_sbox,bfs_h2
_23248,aes_sbox_us22,main_sbox,bfs_h2
_23249,aes_sbox_us02,main_sbox,bfs_h2
_23250,aes_sbox_us02,main_sbox,bfs_h3
_23251,aes_cipher_top,top,bfs_h3
_23252,aes_cipher_top,top,bfs_h3
_23253,aes_cipher_top,top,bfs_h4
_23254,aes_sbox_us12,main_sbox,bfs_h5
_23255,aes_sbox_us11,main_sbox,bfs_h5
_23256,aes_sbox_us12,main_sbox,bfs_h2
_23257,aes_sbox_us12,main_sbox,bfs_h2
_23258,aes_sbox_us12,main_sbox,bfs_h3
_23259,aes_sbox_us12,main_sbox,bfs_h4
_23260,aes_cipher_top,top,bfs_h3
_23261,aes_cipher_top,top,bfs_h4
_23262,aes_sbox_us12,main_sbox,bfs_h4
_23263,aes_sbox_us12,main_sbox,bfs_h4
_23264,aes_sbox_us12,main_sbox,bfs_h4
_23265,aes_sbox_us12,main_sbox,bfs_h4
_23266,aes_sbox_us02,main_sbox,bfs_h1
_23267,aes_sbox_us22,main_sbox,bfs_h2
_23268,aes_sbox_us32,main_sbox,bfs_h2
_23269,aes_sbox_us02,main_sbox,bfs_h2
_23270,aes_sbox_us02,main_sbox,bfs_h1
_23271,aes_sbox_us32,main_sbox,bfs_h2
_23272,aes_sbox_us02,main_sbox,bfs_h2
_23273,aes_cipher_top,top,bfs_h3
_23274,aes_cipher_top,top,bfs_h2
_23275,aes_key_expand_128_u0/aes_sbox_u1,kexp_sbox,bfs_h3
_23276,aes_key_expand_128_u0/aes_sbox_u1,kexp_sbox,bfs_h2
_23277,aes_key_expand_128_u0/aes_sbox_u1,kexp_sbox,bfs_h2
_23278,aes_key_expand_128_u0/aes_sbox_u1,kexp_sbox,bfs_h3
_23279,aes_key_expand_128_u0/aes_sbox_u1,kexp_sbox,bfs_h4
_23280,aes_sbox_us11,main_sbox,bfs_h4
_23281,aes_cipher_top,top,bfs_h4
_23282,aes_sbox_us12,main_sbox,bfs_h5
_23283,aes_sbox_us12,main_sbox,bfs_h4
_23284,aes_sbox_us12,main_sbox,bfs_h4
_23285,aes_key_expand_128_u0/aes_sbox_u1,kexp_sbox,bfs_h2
_23286,aes_key_expand_128_u0/aes_sbox_u1,kexp_sbox,bfs_h3
_23287,aes_key_expand_128_u0/aes_sbox_u1,kexp_sbox,bfs_h3
_23288,aes_key_expand_128_u0/aes_sbox_u1,kexp_sbox,bfs_h4
_23289,aes_sbox_us11,main_sbox,bfs_h6
_23290,aes_sbox_us11,main_sbox,bfs_h6
_23291,aes_sbox_us12,main_sbox,bfs_h5
_23292,aes_cipher_top,top,bfs_h5
_23293,aes_cipher_top,top,bfs_h4
_23294,aes_cipher_top,top,bfs_h5
_23295,aes_sbox_us11,main_sbox,bfs_h5
_23296,aes_cipher_top,top,bfs_h2
_23297,aes_sbox_us22,main_sbox,bfs_h2
_23298,aes_sbox_us32,main_sbox,bfs_h1
_23299,aes_sbox_us32,main_sbox,bfs_h2
_23300,aes_sbox_us12,main_sbox,bfs_h1
_23301,aes_sbox_us02,main_sbox,bfs_h1
_23302,aes_sbox_us02,main_sbox,bfs_h2
_23303,aes_sbox_us02,main_sbox,bfs_h3
_23304,aes_sbox_us32,main_sbox,bfs_h3
_23305,aes_sbox_us02,main_sbox,bfs_h3
_23306,aes_cipher_top,top,bfs_h4
_23307,aes_cipher_top,top,bfs_h3
_23308,aes_sbox_us12,main_sbox,bfs_h2
_23309,aes_cipher_top,top,bfs_h2
_23310,aes_sbox_us02,main_sbox,bfs_h1
_23311,aes_sbox_us22,main_sbox,bfs_h2
_23312,aes_sbox_us02,main_sbox,bfs_h2
_23313,aes_sbox_us02,main_sbox,bfs_h2
_23314,aes_sbox_us02,main_sbox,bfs_h3
_23315,aes_sbox_us02,main_sbox,bfs_h3
_23316,aes_cipher_top,top,bfs_h3
_23317,aes_sbox_us12,main_sbox,bfs_h2
_23318,aes_cipher_top,top,bfs_h3
_23319,aes_sbox_us12,main_sbox,bfs_h3
_23320,aes_sbox_us12,main_sbox,bfs_h4
_23321,aes_sbox_us11,main_sbox,bfs_h4
_23322,aes_sbox_us12,main_sbox,bfs_h4
_23323,aes_cipher_top,top,bfs_h5
_23324,aes_cipher_top,top,bfs_h4
_23325,aes_sbox_us12,main_sbox,bfs_h5
_23326,aes_sbox_us12,main_sbox,bfs_h4
_23327,aes_sbox_us12,main_sbox,bfs_h5
_23328,aes_sbox_us12,main_sbox,bfs_h4
_23329,aes_key_expand_128_u0/aes_sbox_u1,kexp_sbox,bfs_h4
_23330,aes_cipher_top,top,bfs_h2
_23331,aes_sbox_us02,main_sbox,bfs_h1
_23332,aes_sbox_us02,main_sbox,bfs_h2
_23333,aes_sbox_us22,main_sbox,bfs_h1
_23334,aes_sbox_us32,main_sbox,bfs_h2
_23335,aes_sbox_us02,main_sbox,bfs_h3
_23336,aes_sbox_us22,main_sbox,bfs_h2
_23337,aes_sbox_us02,main_sbox,bfs_h2
_23338,aes_cipher_top,top,bfs_h3
_23339,aes_sbox_us12,main_sbox,bfs_h3
_23340,aes_sbox_us12,main_sbox,bfs_h2
_23341,aes_sbox_us12,main_sbox,bfs_h3
_23342,aes_sbox_us11,main_sbox,bfs_h4
_23343,aes_sbox_us11,main_sbox,bfs_h3
_23344,aes_sbox_us12,main_sbox,bfs_h5
_23345,aes_key_expand_128_u0/aes_sbox_u1,kexp_sbox,bfs_h4
_23346,aes_sbox_us11,main_sbox,bfs_h6
_23347,aes_sbox_us12,main_sbox,bfs_h5
_23348,aes_sbox_us12,main_sbox,bfs_h5
_23349,aes_sbox_us12,main_sbox,bfs_h3
_23350,aes_sbox_us12,main_sbox,bfs_h4
_23351,aes_sbox_us12,main_sbox,bfs_h5
_23352,aes_sbox_us12,main_sbox,bfs_h5
_23353,aes_sbox_us11,main_sbox,bfs_h5
_23354,aes_sbox_us12,main_sbox,bfs_h3
_23355,aes_sbox_us11,main_sbox,bfs_h4
_23356,aes_sbox_us11,main_sbox,bfs_h5
_23357,aes_sbox_us12,main_sbox,bfs_h5
_23358,aes_sbox_us12,main_sbox,bfs_h5
_23359,aes_sbox_us12,main_sbox,bfs_h5
_23360,aes_sbox_us12,main_sbox,bfs_h4
_23361,aes_sbox_us12,main_sbox,bfs_h4
_23362,aes_sbox_us11,main_sbox,bfs_h4
_23363,aes_sbox_us22,main_sbox,bfs_h1
_23364,aes_sbox_us02,main_sbox,bfs_h1
_23365,aes_sbox_us02,main_sbox,bfs_h2
_23366,aes_cipher_top,top,bfs_h2
_23367,aes_cipher_top,top,bfs_h3
_23368,aes_key_expand_128_u0,key_expand,bfs_h2
_23369,aes_sbox_us11,main_sbox,bfs_h4
_23370,aes_sbox_us11,main_sbox,bfs_h4
_23371,aes_sbox_us11,main_sbox,bfs_h3
_23372,aes_sbox_us11,main_sbox,bfs_h2
_23373,aes_sbox_us11,main_sbox,bfs_h6
_23374,aes_sbox_us12,main_sbox,bfs_h5
_23375,aes_sbox_us12,main_sbox,bfs_h4
_23376,aes_sbox_us11,main_sbox,bfs_h5
_23377,aes_sbox_us12,main_sbox,bfs_h4
_23378,aes_sbox_us12,main_sbox,bfs_h5
_23379,aes_sbox_us12,main_sbox,bfs_h4
_23380,aes_sbox_us11,main_sbox,bfs_h5
_23381,aes_sbox_us11,main_sbox,bfs_h4
_23382,aes_sbox_us12,main_sbox,bfs_h5
_23383,aes_cipher_top,top,bfs_h4
_23384,aes_sbox_us12,main_sbox,bfs_h5
_23385,aes_sbox_us11,main_sbox,bfs_h6
_23386,aes_sbox_us11,main_sbox,bfs_h6
_23387,aes_sbox_us11,main_sbox,bfs_h5
_23388,aes_sbox_us12,main_sbox,bfs_h4
_23389,aes_sbox_us11,main_sbox,bfs_h5
_23390,aes_sbox_us12,main_sbox,bfs_h5
_23391,aes_sbox_us12,main_sbox,bfs_h2
_23392,aes_sbox_us12,main_sbox,bfs_h3
_23393,aes_sbox_us11,main_sbox,bfs_h4
_23394,aes_sbox_us11,main_sbox,bfs_h3
_23395,aes_sbox_us11,main_sbox,bfs_h3
_23396,aes_cipher_top,top,bfs_h7
_23397,aes_sbox_us12,main_sbox,bfs_h4
_23398,aes_sbox_us12,main_sbox,bfs_h4
_23399,aes_sbox_us12,main_sbox,bfs_h5
_23400,aes_cipher_top,top,bfs_h4
_23401,aes_sbox_us12,main_sbox,bfs_h5
_23402,aes_sbox_us12,main_sbox,bfs_h4
_23403,aes_sbox_us12,main_sbox,bfs_h4
_23404,aes_sbox_us11,main_sbox,bfs_h4
_23405,aes_sbox_us11,main_sbox,bfs_h4
_23406,aes_sbox_us12,main_sbox,bfs_h4
_23407,aes_sbox_us12,main_sbox,bfs_h4
_23408,aes_sbox_us11,main_sbox,bfs_h6
_23409,aes_sbox_us12,main_sbox,bfs_h5
_23410,aes_sbox_us12,main_sbox,bfs_h4
_23411,aes_sbox_us11,main_sbox,bfs_h6
_23412,aes_sbox_us12,main_sbox,bfs_h4
_23413,aes_sbox_us12,main_sbox,bfs_h5
_23414,aes_sbox_us12,main_sbox,bfs_h4
_23415,aes_sbox_us11,main_sbox,bfs_h4
_23416,aes_sbox_us11,main_sbox,bfs_h4
_23417,aes_sbox_us12,main_sbox,bfs_h3
_23418,aes_sbox_us11,main_sbox,bfs_h3
_23419,aes_sbox_us11,main_sbox,bfs_h3
_23420,aes_sbox_us22,main_sbox,bfs_h1
_23421,aes_sbox_us22,main_sbox,bfs_h2
_23422,aes_sbox_us12,main_sbox,bfs_h1
_23423,aes_sbox_us12,main_sbox,bfs_h2
_23424,aes_cipher_top,top,bfs_h2
_23425,aes_cipher_top,top,bfs_h3
_23426,aes_key_expand_128_u0,key_expand,bfs_h2
_23427,aes_sbox_us11,main_sbox,bfs_h3
_23428,aes_sbox_us11,main_sbox,bfs_h2
_23429,aes_cipher_top,top,bfs_h8
_23430,aes_sbox_us12,main_sbox,bfs_h5
_23431,aes_sbox_us12,main_sbox,bfs_h4
_23432,aes_sbox_us12,main_sbox,bfs_h4
_23433,aes_sbox_us11,main_sbox,bfs_h5
_23434,aes_sbox_us12,main_sbox,bfs_h4
_23435,aes_sbox_us12,main_sbox,bfs_h5
_23436,aes_sbox_us11,main_sbox,bfs_h4
_23437,aes_sbox_us12,main_sbox,bfs_h5
_23438,aes_sbox_us11,main_sbox,bfs_h5
_23439,aes_sbox_us12,main_sbox,bfs_h4
_23440,aes_sbox_us12,main_sbox,bfs_h5
_23441,aes_sbox_us12,main_sbox,bfs_h3
_23442,aes_sbox_us11,main_sbox,bfs_h4
_23443,aes_sbox_us11,main_sbox,bfs_h3
_23444,aes_sbox_us12,main_sbox,bfs_h3
_23445,aes_sbox_us12,main_sbox,bfs_h4
_23446,aes_sbox_us11,main_sbox,bfs_h5
_23447,aes_sbox_us11,main_sbox,bfs_h4
_23448,aes_key_expand_128_u0/aes_sbox_u1,kexp_sbox,bfs_h4
_23449,aes_sbox_us11,main_sbox,bfs_h5
_23450,aes_sbox_us12,main_sbox,bfs_h2
_23451,aes_sbox_us12,main_sbox,bfs_h3
_23452,aes_sbox_us12,main_sbox,bfs_h4
_23453,aes_sbox_us12,main_sbox,bfs_h4
_23454,aes_sbox_us12,main_sbox,bfs_h4
_23455,aes_sbox_us11,main_sbox,bfs_h6
_23456,aes_sbox_us11,main_sbox,bfs_h5
_23457,aes_sbox_us11,main_sbox,bfs_h5
_23458,aes_sbox_us11,main_sbox,bfs_h4
_23459,aes_sbox_us11,main_sbox,bfs_h3
_23460,aes_sbox_us11,main_sbox,bfs_h2
_23461,aes_sbox_us12,main_sbox,bfs_h4
_23462,aes_sbox_us11,main_sbox,bfs_h6
_23463,aes_sbox_us12,main_sbox,bfs_h4
_23464,aes_sbox_us11,main_sbox,bfs_h5
_23465,aes_sbox_us11,main_sbox,bfs_h5
_23466,aes_sbox_us11,main_sbox,bfs_h4
_23467,aes_sbox_us12,main_sbox,bfs_h4
_23468,aes_sbox_us12,main_sbox,bfs_h5
_23469,aes_sbox_us11,main_sbox,bfs_h4
_23470,aes_sbox_us11,main_sbox,bfs_h3
_23471,aes_sbox_us12,main_sbox,bfs_h4
_23472,aes_cipher_top,top,bfs_h4
_23473,aes_cipher_top,top,bfs_h5
_23474,aes_sbox_us11,main_sbox,bfs_h4
_23475,aes_cipher_top,top,bfs_h4
_23476,aes_sbox_us12,main_sbox,bfs_h5
_23477,aes_sbox_us12,main_sbox,bfs_h3
_23478,aes_sbox_us11,main_sbox,bfs_h4
_23479,aes_sbox_us11,main_sbox,bfs_h3
_23480,aes_sbox_us12,main_sbox,bfs_h4
_23481,aes_key_expand_128_u0/aes_sbox_u1,kexp_sbox,bfs_h4
_23482,aes_sbox_us12,main_sbox,bfs_h5
_23483,aes_sbox_us12,main_sbox,bfs_h4
_23484,aes_sbox_us12,main_sbox,bfs_h4
_23485,aes_sbox_us11,main_sbox,bfs_h4
_23486,aes_sbox_us11,main_sbox,bfs_h5
_23487,aes_sbox_us12,main_sbox,bfs_h5
_23488,aes_sbox_us11,main_sbox,bfs_h5
_23489,aes_sbox_us11,main_sbox,bfs_h4
_23490,aes_sbox_us11,main_sbox,bfs_h3
_23491,aes_sbox_us11,main_sbox,bfs_h2
_23492,aes_sbox_us11,main_sbox,bfs_h1
_23493,aes_sbox_us11,main_sbox,bfs_h6
_23494,aes_sbox_us12,main_sbox,bfs_h4
_23495,aes_sbox_us11,main_sbox,bfs_h4
_23496,aes_sbox_us12,main_sbox,bfs_h4
_23497,aes_sbox_us12,main_sbox,bfs_h4
_23498,aes_sbox_us12,main_sbox,bfs_h5
_23499,aes_sbox_us12,main_sbox,bfs_h4
_23500,aes_sbox_us11,main_sbox,bfs_h5
_23501,aes_sbox_us12,main_sbox,bfs_h4
_23502,aes_sbox_us12,main_sbox,bfs_h4
_23503,aes_sbox_us11,main_sbox,bfs_h5
_23504,aes_sbox_us12,main_sbox,bfs_h3
_23505,aes_sbox_us12,main_sbox,bfs_h4
_23506,aes_sbox_us11,main_sbox,bfs_h5
_23507,aes_sbox_us11,main_sbox,bfs_h5
_23508,aes_sbox_us11,main_sbox,bfs_h4
_23509,aes_sbox_us11,main_sbox,bfs_h5
_23510,aes_sbox_us12,main_sbox,bfs_h3
_23511,aes_sbox_us11,main_sbox,bfs_h6
_23512,aes_sbox_us12,main_sbox,bfs_h4
_23513,aes_sbox_us12,main_sbox,bfs_h4
_23514,aes_sbox_us11,main_sbox,bfs_h4
_23515,aes_sbox_us11,main_sbox,bfs_h3
_23516,aes_sbox_us12,main_sbox,bfs_h5
_23517,aes_sbox_us12,main_sbox,bfs_h5
_23518,aes_sbox_us11,main_sbox,bfs_h5
_23519,aes_sbox_us12,main_sbox,bfs_h4
_23520,aes_sbox_us12,main_sbox,bfs_h5
_23521,aes_sbox_us11,main_sbox,bfs_h4
_23522,aes_cipher_top,top,bfs_h4
_23523,aes_cipher_top,top,bfs_h5
_23524,aes_sbox_us12,main_sbox,bfs_h4
_23525,aes_sbox_us12,main_sbox,bfs_h5
_23526,aes_sbox_us12,main_sbox,bfs_h4
_23527,aes_sbox_us11,main_sbox,bfs_h5
_23528,aes_sbox_us12,main_sbox,bfs_h5
_23529,aes_sbox_us11,main_sbox,bfs_h4
_23530,aes_sbox_us11,main_sbox,bfs_h4
_23531,aes_sbox_us12,main_sbox,bfs_h4
_23532,aes_sbox_us11,main_sbox,bfs_h4
_23533,aes_sbox_us11,main_sbox,bfs_h3
_23534,aes_sbox_us11,main_sbox,bfs_h2
_23535,aes_sbox_us11,main_sbox,bfs_h6
_23536,aes_sbox_us12,main_sbox,bfs_h5
_23537,aes_sbox_us12,main_sbox,bfs_h5
_23538,aes_sbox_us11,main_sbox,bfs_h5
_23539,aes_sbox_us12,main_sbox,bfs_h4
_23540,aes_sbox_us12,main_sbox,bfs_h4
_23541,aes_sbox_us12,main_sbox,bfs_h5
_23542,aes_sbox_us11,main_sbox,bfs_h4
_23543,aes_sbox_us12,main_sbox,bfs_h4
_23544,aes_sbox_us11,main_sbox,bfs_h4
_23545,aes_sbox_us12,main_sbox,bfs_h5
_23546,aes_sbox_us12,main_sbox,bfs_h4
_23547,aes_sbox_us11,main_sbox,bfs_h5
_23548,aes_sbox_us12,main_sbox,bfs_h4
_23549,aes_sbox_us11,main_sbox,bfs_h5
_23550,aes_sbox_us11,main_sbox,bfs_h4
_23551,aes_sbox_us11,main_sbox,bfs_h3
_23552,aes_sbox_us12,main_sbox,bfs_h5
_23553,aes_sbox_us12,main_sbox,bfs_h5
_23554,aes_sbox_us11,main_sbox,bfs_h4
_23555,aes_sbox_us12,main_sbox,bfs_h4
_23556,aes_sbox_us12,main_sbox,bfs_h5
_23557,aes_sbox_us12,main_sbox,bfs_h4
_23558,aes_sbox_us11,main_sbox,bfs_h4
_23559,aes_sbox_us11,main_sbox,bfs_h5
_23560,aes_sbox_us12,main_sbox,bfs_h5
_23561,aes_sbox_us12,main_sbox,bfs_h4
_23562,aes_sbox_us12,main_sbox,bfs_h5
_23563,aes_sbox_us12,main_sbox,bfs_h3
_23564,aes_sbox_us12,main_sbox,bfs_h4
_23565,aes_sbox_us12,main_sbox,bfs_h4
_23566,aes_sbox_us11,main_sbox,bfs_h4
_23567,aes_sbox_us11,main_sbox,bfs_h4
_23568,aes_sbox_us11,main_sbox,bfs_h3
_23569,aes_sbox_us11,main_sbox,bfs_h2
_23570,aes_sbox_us11,main_sbox,bfs_h1
_23571,aes_sbox_us12,main_sbox,bfs_h4
_23572,aes_sbox_us12,main_sbox,bfs_h3
_23573,aes_sbox_us11,main_sbox,bfs_h4
_23574,aes_sbox_us12,main_sbox,bfs_h3
_23575,aes_sbox_us11,main_sbox,bfs_h6
_23576,aes_sbox_us12,main_sbox,bfs_h5
_23577,aes_sbox_us11,main_sbox,bfs_h4
_23578,aes_sbox_us11,main_sbox,bfs_h4
_23579,aes_sbox_us12,main_sbox,bfs_h4
_23580,aes_sbox_us12,main_sbox,bfs_h4
_23581,aes_sbox_us11,main_sbox,bfs_h4
_23582,aes_sbox_us12,main_sbox,bfs_h5
_23583,aes_sbox_us12,main_sbox,bfs_h4
_23584,aes_sbox_us12,main_sbox,bfs_h3
_23585,aes_sbox_us11,main_sbox,bfs_h4
_23586,aes_sbox_us11,main_sbox,bfs_h4
_23587,aes_sbox_us11,main_sbox,bfs_h3
_23588,aes_sbox_us12,main_sbox,bfs_h4
_23589,aes_sbox_us12,main_sbox,bfs_h4
_23590,aes_sbox_us12,main_sbox,bfs_h3
_23591,aes_sbox_us11,main_sbox,bfs_h4
_23592,aes_cipher_top,top,bfs_h6
_23593,aes_cipher_top,top,bfs_h7
_23594,aes_sbox_us12,main_sbox,bfs_h4
_23595,aes_sbox_us11,main_sbox,bfs_h4
_23596,aes_sbox_us11,main_sbox,bfs_h5
_23597,aes_sbox_us11,main_sbox,bfs_h4
_23598,aes_sbox_us12,main_sbox,bfs_h4
_23599,aes_sbox_us12,main_sbox,bfs_h5
_23600,aes_sbox_us11,main_sbox,bfs_h5
_23601,aes_sbox_us11,main_sbox,bfs_h4
_23602,aes_sbox_us12,main_sbox,bfs_h5
_23603,aes_sbox_us12,main_sbox,bfs_h4
_23604,aes_sbox_us12,main_sbox,bfs_h5
_23605,aes_sbox_us12,main_sbox,bfs_h4
_23606,aes_sbox_us11,main_sbox,bfs_h4
_23607,aes_sbox_us11,main_sbox,bfs_h4
_23608,aes_sbox_us11,main_sbox,bfs_h3
_23609,aes_sbox_us11,main_sbox,bfs_h2
_23610,aes_cipher_top,top,bfs_h4
_23611,aes_sbox_us12,main_sbox,bfs_h4
_23612,aes_sbox_us11,main_sbox,bfs_h6
_23613,aes_sbox_us11,main_sbox,bfs_h5
_23614,aes_sbox_us11,main_sbox,bfs_h6
_23615,aes_sbox_us11,main_sbox,bfs_h5
_23616,aes_sbox_us11,main_sbox,bfs_h4
_23617,aes_sbox_us12,main_sbox,bfs_h5
_23618,aes_sbox_us12,main_sbox,bfs_h4
_23619,aes_sbox_us12,main_sbox,bfs_h5
_23620,aes_sbox_us11,main_sbox,bfs_h5
_23621,aes_sbox_us12,main_sbox,bfs_h4
_23622,aes_sbox_us12,main_sbox,bfs_h5
_23623,aes_sbox_us12,main_sbox,bfs_h5
_23624,aes_sbox_us11,main_sbox,bfs_h5
_23625,aes_sbox_us11,main_sbox,bfs_h4
_23626,aes_sbox_us11,main_sbox,bfs_h3
_23627,aes_sbox_us11,main_sbox,bfs_h6
_23628,aes_sbox_us12,main_sbox,bfs_h4
_23629,aes_sbox_us11,main_sbox,bfs_h5
_23630,aes_cipher_top,top,bfs_h7
_23631,aes_sbox_us12,main_sbox,bfs_h4
_23632,aes_sbox_us11,main_sbox,bfs_h5
_23633,aes_sbox_us11,main_sbox,bfs_h4
_23634,aes_sbox_us12,main_sbox,bfs_h5
_23635,aes_sbox_us11,main_sbox,bfs_h6
_23636,aes_sbox_us11,main_sbox,bfs_h5
_23637,aes_sbox_us12,main_sbox,bfs_h5
_23638,aes_sbox_us11,main_sbox,bfs_h6
_23639,aes_sbox_us12,main_sbox,bfs_h5
_23640,aes_sbox_us11,main_sbox,bfs_h5
_23641,aes_sbox_us11,main_sbox,bfs_h4
_23642,aes_sbox_us11,main_sbox,bfs_h3
_23643,aes_sbox_us11,main_sbox,bfs_h2
_23644,aes_sbox_us11,main_sbox,bfs_h1
_23645,aes_sbox_us12,main_sbox,bfs_h4
_23646,aes_sbox_us12,main_sbox,bfs_h4
_23647,aes_sbox_us12,main_sbox,bfs_h3
_23648,aes_sbox_us12,main_sbox,bfs_h4
_23649,aes_sbox_us12,main_sbox,bfs_h3
_23650,aes_sbox_us12,main_sbox,bfs_h4
_23651,aes_sbox_us12,main_sbox,bfs_h4
_23652,aes_sbox_us12,main_sbox,bfs_h3
_23653,aes_sbox_us12,main_sbox,bfs_h4
_23654,aes_sbox_us12,main_sbox,bfs_h4
_23655,aes_sbox_us12,main_sbox,bfs_h4
_23656,aes_sbox_us12,main_sbox,bfs_h4
_23657,aes_sbox_us12,main_sbox,bfs_h3
_23658,aes_sbox_us12,main_sbox,bfs_h4
_23659,aes_sbox_us11,main_sbox,bfs_h4
_23660,aes_sbox_us11,main_sbox,bfs_h3
_23661,aes_sbox_us12,main_sbox,bfs_h4
_23662,aes_sbox_us12,main_sbox,bfs_h5
_23663,aes_sbox_us11,main_sbox,bfs_h5
_23664,aes_sbox_us11,main_sbox,bfs_h5
_23665,aes_sbox_us11,main_sbox,bfs_h5
_23666,aes_sbox_us11,main_sbox,bfs_h4
_23667,aes_sbox_us11,main_sbox,bfs_h6
_23668,aes_sbox_us12,main_sbox,bfs_h4
_23669,aes_sbox_us11,main_sbox,bfs_h6
_23670,aes_sbox_us11,main_sbox,bfs_h5
_23671,aes_sbox_us11,main_sbox,bfs_h4
_23672,aes_sbox_us11,main_sbox,bfs_h3
_23673,aes_sbox_us11,main_sbox,bfs_h2
_23674,aes_sbox_us12,main_sbox,bfs_h5
_23675,aes_sbox_us11,main_sbox,bfs_h4
_23676,aes_sbox_us12,main_sbox,bfs_h4
_23677,aes_sbox_us12,main_sbox,bfs_h5
_23678,aes_sbox_us11,main_sbox,bfs_h4
_23679,aes_sbox_us11,main_sbox,bfs_h3
_23680,aes_sbox_us12,main_sbox,bfs_h5
_23681,aes_sbox_us12,main_sbox,bfs_h4
_23682,aes_sbox_us11,main_sbox,bfs_h5
_23683,aes_sbox_us11,main_sbox,bfs_h5
_23684,aes_sbox_us12,main_sbox,bfs_h5
_23685,aes_sbox_us11,main_sbox,bfs_h5
_23686,aes_sbox_us11,main_sbox,bfs_h5
_23687,aes_sbox_us11,main_sbox,bfs_h4
_23688,aes_sbox_us11,main_sbox,bfs_h3
_23689,aes_sbox_us12,main_sbox,bfs_h5
_23690,aes_sbox_us12,main_sbox,bfs_h4
_23691,aes_sbox_us11,main_sbox,bfs_h5
_23692,aes_sbox_us11,main_sbox,bfs_h5
_23693,aes_sbox_us12,main_sbox,bfs_h5
_23694,aes_sbox_us11,main_sbox,bfs_h5
_23695,aes_sbox_us11,main_sbox,bfs_h4
_23696,aes_sbox_us12,main_sbox,bfs_h5
_23697,aes_sbox_us11,main_sbox,bfs_h4
_23698,aes_sbox_us12,main_sbox,bfs_h4
_23699,aes_sbox_us11,main_sbox,bfs_h4
_23700,aes_sbox_us11,main_sbox,bfs_h5
_23701,aes_sbox_us11,main_sbox,bfs_h4
_23702,aes_sbox_us11,main_sbox,bfs_h3
_23703,aes_sbox_us11,main_sbox,bfs_h2
_23704,aes_sbox_us11,main_sbox,bfs_h1
_23705,aes_sbox_us11,main_sbox,bfs_h5
_23706,aes_sbox_us11,main_sbox,bfs_h5
_23707,aes_sbox_us11,main_sbox,bfs_h4
_23708,aes_sbox_us11,main_sbox,bfs_h5
_23709,aes_sbox_us11,main_sbox,bfs_h4
_23710,aes_sbox_us11,main_sbox,bfs_h3
_23711,aes_sbox_us11,main_sbox,bfs_h5
_23712,aes_sbox_us11,main_sbox,bfs_h5
_23713,aes_sbox_us11,main_sbox,bfs_h4
_23714,aes_sbox_us12,main_sbox,bfs_h5
_23715,aes_sbox_us11,main_sbox,bfs_h4
_23716,aes_sbox_us11,main_sbox,bfs_h4
_23717,aes_sbox_us11,main_sbox,bfs_h3
_23718,aes_sbox_us11,main_sbox,bfs_h2
_23719,aes_sbox_us11,main_sbox,bfs_h4
_23720,aes_sbox_us11,main_sbox,bfs_h4
_23721,aes_sbox_us12,main_sbox,bfs_h4
_23722,aes_sbox_us12,main_sbox,bfs_h4
_23723,aes_sbox_us11,main_sbox,bfs_h4
_23724,aes_sbox_us11,main_sbox,bfs_h3
_23725,aes_sbox_us11,main_sbox,bfs_h4
_23726,aes_sbox_us11,main_sbox,bfs_h6
_23727,aes_sbox_us12,main_sbox,bfs_h4
_23728,aes_sbox_us12,main_sbox,bfs_h4
_23729,aes_sbox_us11,main_sbox,bfs_h4
_23730,aes_sbox_us11,main_sbox,bfs_h3
_23731,aes_sbox_us11,main_sbox,bfs_h2
_23732,aes_sbox_us11,main_sbox,bfs_h5
_23733,aes_sbox_us11,main_sbox,bfs_h4
_23734,aes_sbox_us12,main_sbox,bfs_h4
_23735,aes_sbox_us11,main_sbox,bfs_h5
_23736,aes_sbox_us11,main_sbox,bfs_h5
_23737,aes_sbox_us11,main_sbox,bfs_h4
_23738,aes_sbox_us11,main_sbox,bfs_h3
_23739,aes_sbox_us11,main_sbox,bfs_h6
_23740,aes_sbox_us12,main_sbox,bfs_h5
_23741,aes_sbox_us11,main_sbox,bfs_h5
_23742,aes_sbox_us11,main_sbox,bfs_h4
_23743,aes_sbox_us12,main_sbox,bfs_h4
_23744,aes_sbox_us11,main_sbox,bfs_h5
_23745,aes_sbox_us12,main_sbox,bfs_h5
_23746,aes_sbox_us11,main_sbox,bfs_h5
_23747,aes_sbox_us11,main_sbox,bfs_h4
_23748,aes_sbox_us11,main_sbox,bfs_h3
_23749,aes_sbox_us11,main_sbox,bfs_h2
_23750,aes_sbox_us11,main_sbox,bfs_h4
_23751,aes_sbox_us11,main_sbox,bfs_h4
_23752,aes_sbox_us12,main_sbox,bfs_h5
_23753,aes_cipher_top,top,bfs_h6
_23754,aes_sbox_us12,main_sbox,bfs_h5
_23755,aes_sbox_us11,main_sbox,bfs_h4
_23756,aes_sbox_us11,main_sbox,bfs_h3
_23757,aes_sbox_us12,main_sbox,bfs_h4
_23758,aes_sbox_us12,main_sbox,bfs_h4
_23759,aes_sbox_us11,main_sbox,bfs_h4
_23760,aes_sbox_us11,main_sbox,bfs_h4
_23761,aes_sbox_us11,main_sbox,bfs_h4
_23762,aes_sbox_us11,main_sbox,bfs_h3
_23763,aes_sbox_us11,main_sbox,bfs_h3
_23764,aes_sbox_us11,main_sbox,bfs_h2
_23765,aes_sbox_us11,main_sbox,bfs_h1
_23766,aes_sbox_us12,main_sbox,bfs_h5
_23767,aes_sbox_us12,main_sbox,bfs_h5
_23768,aes_sbox_us11,main_sbox,bfs_h5
_23769,aes_sbox_us11,main_sbox,bfs_h4
_23770,aes_sbox_us12,main_sbox,bfs_h4
_23771,aes_sbox_us11,main_sbox,bfs_h4
_23772,aes_sbox_us11,main_sbox,bfs_h3
_23773,aes_sbox_us11,main_sbox,bfs_h6
_23774,aes_sbox_us11,main_sbox,bfs_h5
_23775,aes_sbox_us11,main_sbox,bfs_h4
_23776,aes_sbox_us12,main_sbox,bfs_h5
_23777,aes_sbox_us11,main_sbox,bfs_h5
_23778,aes_sbox_us11,main_sbox,bfs_h4
_23779,aes_sbox_us11,main_sbox,bfs_h3
_23780,aes_sbox_us11,main_sbox,bfs_h2
_23781,aes_sbox_us11,main_sbox,bfs_h4
_23782,aes_sbox_us11,main_sbox,bfs_h4
_23783,aes_sbox_us11,main_sbox,bfs_h3
_23784,aes_sbox_us12,main_sbox,bfs_h4
_23785,aes_sbox_us11,main_sbox,bfs_h4
_23786,aes_sbox_us11,main_sbox,bfs_h3
_23787,aes_sbox_us11,main_sbox,bfs_h4
_23788,aes_sbox_us11,main_sbox,bfs_h5
_23789,aes_sbox_us11,main_sbox,bfs_h5
_23790,aes_sbox_us11,main_sbox,bfs_h4
_23791,aes_sbox_us11,main_sbox,bfs_h3
_23792,aes_sbox_us11,main_sbox,bfs_h2
_23793,aes_sbox_us12,main_sbox,bfs_h5
_23794,aes_sbox_us11,main_sbox,bfs_h4
_23795,aes_sbox_us11,main_sbox,bfs_h4
_23796,aes_sbox_us11,main_sbox,bfs_h3
_23797,aes_sbox_us12,main_sbox,bfs_h5
_23798,aes_sbox_us11,main_sbox,bfs_h4
_23799,aes_sbox_us12,main_sbox,bfs_h5
_23800,aes_sbox_us11,main_sbox,bfs_h5
_23801,aes_sbox_us11,main_sbox,bfs_h4
_23802,aes_sbox_us11,main_sbox,bfs_h3
_23803,aes_sbox_us11,main_sbox,bfs_h2
_23804,aes_sbox_us11,main_sbox,bfs_h4
_23805,aes_sbox_us11,main_sbox,bfs_h5
_23806,aes_sbox_us11,main_sbox,bfs_h4
_23807,aes_sbox_us12,main_sbox,bfs_h4
_23808,aes_sbox_us11,main_sbox,bfs_h4
_23809,aes_sbox_us11,main_sbox,bfs_h3
_23810,aes_sbox_us12,main_sbox,bfs_h5
_23811,aes_sbox_us11,main_sbox,bfs_h4
_23812,aes_sbox_us11,main_sbox,bfs_h4
_23813,aes_sbox_us12,main_sbox,bfs_h4
_23814,aes_sbox_us11,main_sbox,bfs_h4
_23815,aes_sbox_us11,main_sbox,bfs_h3
_23816,aes_sbox_us11,main_sbox,bfs_h2
_23817,aes_sbox_us11,main_sbox,bfs_h1
_23818,aes_sbox_us11,main_sbox,bfs_h5
_23819,aes_sbox_us12,main_sbox,bfs_h4
_23820,aes_sbox_us11,main_sbox,bfs_h5
_23821,aes_sbox_us11,main_sbox,bfs_h5
_23822,aes_sbox_us11,main_sbox,bfs_h5
_23823,aes_sbox_us11,main_sbox,bfs_h4
_23824,aes_sbox_us11,main_sbox,bfs_h3
_23825,aes_sbox_us12,main_sbox,bfs_h5
_23826,aes_sbox_us11,main_sbox,bfs_h4
_23827,aes_sbox_us11,main_sbox,bfs_h6
_23828,aes_sbox_us11,main_sbox,bfs_h5
_23829,aes_sbox_us12,main_sbox,bfs_h4
_23830,aes_sbox_us11,main_sbox,bfs_h4
_23831,aes_sbox_us11,main_sbox,bfs_h3
_23832,aes_sbox_us11,main_sbox,bfs_h2
_23833,aes_sbox_us12,main_sbox,bfs_h5
_23834,aes_sbox_us11,main_sbox,bfs_h4
_23835,aes_sbox_us12,main_sbox,bfs_h5
_23836,aes_sbox_us12,main_sbox,bfs_h5
_23837,aes_sbox_us11,main_sbox,bfs_h4
_23838,aes_sbox_us11,main_sbox,bfs_h3
_23839,aes_sbox_us12,main_sbox,bfs_h5
_23840,aes_sbox_us12,main_sbox,bfs_h4
_23841,aes_sbox_us11,main_sbox,bfs_h4
_23842,aes_sbox_us12,main_sbox,bfs_h4
_23843,aes_sbox_us12,main_sbox,bfs_h5
_23844,aes_sbox_us11,main_sbox,bfs_h5
_23845,aes_sbox_us11,main_sbox,bfs_h4
_23846,aes_sbox_us11,main_sbox,bfs_h3
_23847,aes_sbox_us11,main_sbox,bfs_h2
_23848,aes_sbox_us12,main_sbox,bfs_h4
_23849,aes_sbox_us12,main_sbox,bfs_h5
_23850,aes_sbox_us11,main_sbox,bfs_h7
_23851,aes_sbox_us12,main_sbox,bfs_h4
_23852,aes_sbox_us12,main_sbox,bfs_h4
_23853,aes_sbox_us11,main_sbox,bfs_h5
_23854,aes_sbox_us11,main_sbox,bfs_h4
_23855,aes_sbox_us11,main_sbox,bfs_h6
_23856,aes_sbox_us11,main_sbox,bfs_h5
_23857,aes_sbox_us12,main_sbox,bfs_h4
_23858,aes_sbox_us11,main_sbox,bfs_h4
_23859,aes_sbox_us11,main_sbox,bfs_h4
_23860,aes_sbox_us11,main_sbox,bfs_h3
_23861,aes_sbox_us11,main_sbox,bfs_h5
_23862,aes_sbox_us12,main_sbox,bfs_h5
_23863,aes_sbox_us12,main_sbox,bfs_h5
_23864,aes_sbox_us11,main_sbox,bfs_h5
_23865,aes_sbox_us11,main_sbox,bfs_h4
_23866,aes_sbox_us11,main_sbox,bfs_h4
_23867,aes_sbox_us11,main_sbox,bfs_h5
_23868,aes_sbox_us11,main_sbox,bfs_h4
_23869,aes_sbox_us11,main_sbox,bfs_h5
_23870,aes_sbox_us11,main_sbox,bfs_h4
_23871,aes_sbox_us11,main_sbox,bfs_h3
_23872,aes_sbox_us11,main_sbox,bfs_h3
_23873,aes_sbox_us11,main_sbox,bfs_h2
_23874,aes_sbox_us11,main_sbox,bfs_h1
_23875,aes_sbox_us12,main_sbox,bfs_h4
_23876,aes_sbox_us12,main_sbox,bfs_h4
_23877,aes_sbox_us11,main_sbox,bfs_h4
_23878,aes_sbox_us12,main_sbox,bfs_h5
_23879,aes_sbox_us11,main_sbox,bfs_h4
_23880,aes_sbox_us11,main_sbox,bfs_h3
_23881,aes_sbox_us12,main_sbox,bfs_h5
_23882,aes_key_expand_128_u0/aes_sbox_u1,kexp_sbox,bfs_h4
_23883,aes_sbox_us11,main_sbox,bfs_h4
_23884,aes_sbox_us12,main_sbox,bfs_h4
_23885,aes_sbox_us12,main_sbox,bfs_h4
_23886,aes_sbox_us11,main_sbox,bfs_h4
_23887,aes_sbox_us11,main_sbox,bfs_h3
_23888,aes_sbox_us11,main_sbox,bfs_h2
_23889,aes_sbox_us11,main_sbox,bfs_h5
_23890,aes_sbox_us12,main_sbox,bfs_h4
_23891,aes_sbox_us11,main_sbox,bfs_h5
_23892,aes_sbox_us11,main_sbox,bfs_h4
_23893,aes_sbox_us12,main_sbox,bfs_h4
_23894,aes_sbox_us11,main_sbox,bfs_h5
_23895,aes_sbox_us11,main_sbox,bfs_h4
_23896,aes_sbox_us11,main_sbox,bfs_h3
_23897,aes_sbox_us11,main_sbox,bfs_h5
_23898,aes_sbox_us11,main_sbox,bfs_h5
_23899,aes_sbox_us11,main_sbox,bfs_h4
_23900,aes_sbox_us12,main_sbox,bfs_h4
_23901,aes_sbox_us11,main_sbox,bfs_h4
_23902,aes_sbox_us11,main_sbox,bfs_h3
_23903,aes_sbox_us11,main_sbox,bfs_h2
_23904,aes_sbox_us11,main_sbox,bfs_h4
_23905,aes_sbox_us12,main_sbox,bfs_h4
_23906,aes_sbox_us11,main_sbox,bfs_h4
_23907,aes_sbox_us11,main_sbox,bfs_h4
_23908,aes_sbox_us11,main_sbox,bfs_h3
_23909,aes_sbox_us11,main_sbox,bfs_h3
_23910,aes_sbox_us12,main_sbox,bfs_h5
_23911,aes_sbox_us12,main_sbox,bfs_h5
_23912,aes_sbox_us11,main_sbox,bfs_h4
_23913,aes_sbox_us12,main_sbox,bfs_h4
_23914,aes_sbox_us12,main_sbox,bfs_h4
_23915,aes_sbox_us11,main_sbox,bfs_h4
_23916,aes_sbox_us11,main_sbox,bfs_h3
_23917,aes_sbox_us11,main_sbox,bfs_h2
_23918,aes_sbox_us12,main_sbox,bfs_h4
_23919,aes_sbox_us11,main_sbox,bfs_h4
_23920,aes_sbox_us12,main_sbox,bfs_h4
_23921,aes_sbox_us11,main_sbox,bfs_h5
_23922,aes_sbox_us11,main_sbox,bfs_h4
_23923,aes_sbox_us11,main_sbox,bfs_h3
_23924,aes_sbox_us12,main_sbox,bfs_h5
_23925,aes_sbox_us11,main_sbox,bfs_h5
_23926,aes_sbox_us11,main_sbox,bfs_h4
_23927,aes_sbox_us12,main_sbox,bfs_h5
_23928,aes_sbox_us11,main_sbox,bfs_h4
_23929,aes_sbox_us11,main_sbox,bfs_h3
_23930,aes_sbox_us11,main_sbox,bfs_h2
_23931,aes_sbox_us11,main_sbox,bfs_h1
_23932,aes_cipher_top,top,bfs_h2
_23933,aes_sbox_us13,main_sbox,bfs_h2
_23934,aes_sbox_us13,main_sbox,bfs_h2
_23935,aes_sbox_us23,main_sbox,bfs_h1
_23936,aes_sbox_us23,main_sbox,bfs_h1
_23937,aes_sbox_us23,main_sbox,bfs_h2
_23938,aes_sbox_us13,main_sbox,bfs_h3
_23939,aes_sbox_us13,main_sbox,bfs_h2
_23940,aes_sbox_us23,main_sbox,bfs_h1
_23941,aes_sbox_us23,main_sbox,bfs_h2
_23942,aes_sbox_us13,main_sbox,bfs_h3
_23943,aes_cipher_top,top,bfs_h3
_23944,aes_key_expand_128_u0,key_expand,bfs_h2
_23945,aes_cipher_top,top,bfs_h2
_23946,aes_sbox_us13,main_sbox,bfs_h3
_23947,aes_sbox_us13,main_sbox,bfs_h3
_23948,aes_cipher_top,top,bfs_h3
_23949,aes_key_expand_128_u0,key_expand,bfs_h3
_23950,aes_cipher_top,top,bfs_h7
_23951,aes_key_expand_128_u0/aes_sbox_u1,kexp_sbox,bfs_h5
_23952,aes_sbox_us13,main_sbox,bfs_h2
_23953,aes_sbox_us13,main_sbox,bfs_h3
_23954,aes_sbox_us13,main_sbox,bfs_h2
_23955,aes_sbox_us33,main_sbox,bfs_h2
_23956,aes_sbox_us23,main_sbox,bfs_h2
_23957,aes_sbox_us13,main_sbox,bfs_h2
_23958,aes_sbox_us03,main_sbox,bfs_h2
_23959,aes_sbox_us03,main_sbox,bfs_h2
_23960,aes_sbox_us13,main_sbox,bfs_h2
_23961,aes_sbox_us03,main_sbox,bfs_h3
_23962,aes_sbox_us23,main_sbox,bfs_h2
_23963,aes_sbox_us23,main_sbox,bfs_h3
_23964,aes_cipher_top,top,bfs_h2
_23965,aes_cipher_top,top,bfs_h3
_23966,aes_key_expand_128_u0/aes_sbox_u1,kexp_sbox,bfs_h3
_23967,aes_cipher_top,top,bfs_h2
_23968,aes_cipher_top,top,bfs_h3
_23969,aes_sbox_us03,main_sbox,bfs_h2
_23970,aes_sbox_us13,main_sbox,bfs_h3
_23971,aes_sbox_us03,main_sbox,bfs_h2
_23972,aes_sbox_us13,main_sbox,bfs_h2
_23973,aes_sbox_us13,main_sbox,bfs_h3
_23974,aes_sbox_us13,main_sbox,bfs_h2
_23975,aes_cipher_top,top,bfs_h3
_23976,aes_cipher_top,top,bfs_h3
_23977,aes_cipher_top,top,bfs_h4
_23978,aes_cipher_top,top,bfs_h2
_23979,aes_sbox_us03,main_sbox,bfs_h3
_23980,aes_sbox_us13,main_sbox,bfs_h2
_23981,aes_sbox_us23,main_sbox,bfs_h2
_23982,aes_sbox_us23,main_sbox,bfs_h2
_23983,aes_sbox_us03,main_sbox,bfs_h2
_23984,aes_sbox_us03,main_sbox,bfs_h3
_23985,aes_cipher_top,top,bfs_h3
_23986,aes_cipher_top,top,bfs_h3
_23987,aes_cipher_top,top,bfs_h4
_23988,aes_cipher_top,top,bfs_h5
_23989,aes_cipher_top,top,bfs_h6
_23990,aes_key_expand_128_u0,key_expand,bfs_h2
_23991,aes_cipher_top,top,bfs_h7
_23992,aes_cipher_top,top,bfs_h3
_23993,aes_cipher_top,top,bfs_h3
_23994,aes_cipher_top,top,bfs_h4
_23995,aes_key_expand_128_u0/aes_sbox_u1,kexp_sbox,bfs_h5
_23996,aes_cipher_top,top,bfs_h6
_23997,aes_cipher_top,top,bfs_h2
_23998,aes_sbox_us03,main_sbox,bfs_h1
_23999,aes_sbox_us23,main_sbox,bfs_h2
_24000,aes_sbox_us23,main_sbox,bfs_h2
_24001,aes_sbox_us03,main_sbox,bfs_h2
_24002,aes_sbox_us03,main_sbox,bfs_h2
_24003,aes_sbox_us03,main_sbox,bfs_h3
_24004,aes_key_expand_128_u0,key_expand,bfs_h2
_24005,aes_cipher_top,top,bfs_h2
_24006,aes_sbox_us03,main_sbox,bfs_h2
_24007,aes_cipher_top,top,bfs_h3
_24008,aes_cipher_top,top,bfs_h3
_24009,aes_cipher_top,top,bfs_h4
_24010,aes_cipher_top,top,bfs_h5
_24011,aes_cipher_top,top,bfs_h6
_24012,aes_cipher_top,top,bfs_h6
_24013,aes_key_expand_128_u0/aes_sbox_u1,kexp_sbox,bfs_h5
_24014,aes_sbox_us03,main_sbox,bfs_h1
_24015,aes_sbox_us23,main_sbox,bfs_h2
_24016,aes_sbox_us33,main_sbox,bfs_h2
_24017,aes_sbox_us03,main_sbox,bfs_h2
_24018,aes_sbox_us03,main_sbox,bfs_h1
_24019,aes_sbox_us33,main_sbox,bfs_h2
_24020,aes_sbox_us03,main_sbox,bfs_h2
_24021,aes_cipher_top,top,bfs_h3
_24022,aes_cipher_top,top,bfs_h2
_24023,aes_key_expand_128_u0,key_expand,bfs_h3
_24024,aes_key_expand_128_u0,key_expand,bfs_h2
_24025,aes_key_expand_128_u0,key_expand,bfs_h2
_24026,aes_cipher_top,top,bfs_h6
_24027,aes_sbox_us12,main_sbox,bfs_h5
_24028,aes_key_expand_128_u0,key_expand,bfs_h3
_24029,aes_key_expand_128_u0,key_expand,bfs_h2
_24030,aes_cipher_top,top,bfs_h8
_24031,aes_key_expand_128_u0/aes_sbox_u1,kexp_sbox,bfs_h4
_24032,aes_sbox_us12,main_sbox,bfs_h5
_24033,aes_cipher_top,top,bfs_h6
_24034,aes_cipher_top,top,bfs_h5
_24035,aes_cipher_top,top,bfs_h5
_24036,aes_cipher_top,top,bfs_h6
_24037,aes_cipher_top,top,bfs_h7
_24038,aes_key_expand_128_u0/aes_sbox_u1,kexp_sbox,bfs_h3
_24039,aes_key_expand_128_u0/aes_sbox_u1,kexp_sbox,bfs_h3
_24040,aes_key_expand_128_u0/aes_sbox_u1,kexp_sbox,bfs_h4
_24041,aes_cipher_top,top,bfs_h6
_24042,aes_cipher_top,top,bfs_h6
_24043,aes_cipher_top,top,bfs_h5
_24044,aes_key_expand_128_u0/aes_sbox_u1,kexp_sbox,bfs_h5
_24045,aes_cipher_top,top,bfs_h8
_24046,aes_cipher_top,top,bfs_h8
_24047,aes_sbox_us03,main_sbox,bfs_h1
_24048,aes_sbox_us23,main_sbox,bfs_h1
_24049,aes_sbox_us33,main_sbox,bfs_h1
_24050,aes_sbox_us33,main_sbox,bfs_h2
_24051,aes_sbox_us03,main_sbox,bfs_h2
_24052,aes_sbox_us03,main_sbox,bfs_h2
_24053,aes_sbox_us33,main_sbox,bfs_h2
_24054,aes_sbox_us03,main_sbox,bfs_h3
_24055,aes_cipher_top,top,bfs_h2
_24056,aes_cipher_top,top,bfs_h3
_24057,aes_key_expand_128_u0,key_expand,bfs_h2
_24058,aes_cipher_top,top,bfs_h4
_24059,aes_sbox_us12,main_sbox,bfs_h5
_24060,aes_sbox_us12,main_sbox,bfs_h4
_24061,aes_cipher_top,top,bfs_h5
_24062,aes_cipher_top,top,bfs_h4
_24063,aes_cipher_top,top,bfs_h5
_24064,aes_cipher_top,top,bfs_h6
_24065,aes_cipher_top,top,bfs_h6
_24066,aes_cipher_top,top,bfs_h6
_24067,aes_cipher_top,top,bfs_h5
_24068,aes_key_expand_128_u0/aes_sbox_u1,kexp_sbox,bfs_h4
_24069,aes_cipher_top,top,bfs_h6
_24070,aes_sbox_us12,main_sbox,bfs_h5
_24071,aes_cipher_top,top,bfs_h4
_24072,aes_cipher_top,top,bfs_h5
_24073,aes_cipher_top,top,bfs_h5
_24074,aes_cipher_top,top,bfs_h6
_24075,aes_cipher_top,top,bfs_h7
_24076,aes_cipher_top,top,bfs_h7
_24077,aes_cipher_top,top,bfs_h5
_24078,aes_cipher_top,top,bfs_h4
_24079,aes_cipher_top,top,bfs_h5
_24080,aes_cipher_top,top,bfs_h6
_24081,aes_cipher_top,top,bfs_h6
_24082,aes_sbox_us12,main_sbox,bfs_h5
_24083,aes_sbox_us23,main_sbox,bfs_h1
_24084,aes_sbox_us03,main_sbox,bfs_h1
_24085,aes_sbox_us03,main_sbox,bfs_h2
_24086,aes_cipher_top,top,bfs_h2
_24087,aes_cipher_top,top,bfs_h3
_24088,aes_key_expand_128_u0,key_expand,bfs_h2
_24089,aes_sbox_us12,main_sbox,bfs_h4
_24090,aes_sbox_us12,main_sbox,bfs_h4
_24091,aes_sbox_us12,main_sbox,bfs_h3
_24092,aes_sbox_us12,main_sbox,bfs_h5
_24093,aes_cipher_top,top,bfs_h8
_24094,aes_key_expand_128_u0/aes_sbox_u1,kexp_sbox,bfs_h5
_24095,aes_key_expand_128_u0/aes_sbox_u1,kexp_sbox,bfs_h5
_24096,aes_cipher_top,top,bfs_h6
_24097,aes_cipher_top,top,bfs_h6
_24098,aes_cipher_top,top,bfs_h6
_24099,aes_cipher_top,top,bfs_h7
_24100,aes_cipher_top,top,bfs_h4
_24101,aes_key_expand_128_u0/aes_sbox_u1,kexp_sbox,bfs_h5
_24102,aes_cipher_top,top,bfs_h6
_24103,aes_key_expand_128_u0/aes_sbox_u1,kexp_sbox,bfs_h4
_24104,aes_cipher_top,top,bfs_h6
_24105,aes_cipher_top,top,bfs_h6
_24106,aes_sbox_us12,main_sbox,bfs_h5
_24107,aes_cipher_top,top,bfs_h6
_24108,aes_cipher_top,top,bfs_h7
_24109,aes_key_expand_128_u0,key_expand,bfs_h2
_24110,aes_cipher_top,top,bfs_h8
_24111,aes_sbox_us12,main_sbox,bfs_h4
_24112,aes_key_expand_128_u0/aes_sbox_u1,kexp_sbox,bfs_h4
_24113,aes_cipher_top,top,bfs_h6
_24114,aes_cipher_top,top,bfs_h7
_24115,aes_sbox_us12,main_sbox,bfs_h5
_24116,aes_cipher_top,top,bfs_h6
_24117,aes_cipher_top,top,bfs_h5
_24118,aes_sbox_us12,main_sbox,bfs_h5
_24119,aes_cipher_top,top,bfs_h5
_24120,aes_cipher_top,top,bfs_h4
_24121,aes_cipher_top,top,bfs_h5
_24122,aes_cipher_top,top,bfs_h4
_24123,aes_cipher_top,top,bfs_h5
_24124,aes_cipher_top,top,bfs_h6
_24125,aes_cipher_top,top,bfs_h7
_24126,aes_sbox_us12,main_sbox,bfs_h5
_24127,aes_sbox_us12,main_sbox,bfs_h4
_24128,aes_sbox_us23,main_sbox,bfs_h1
_24129,aes_sbox_us23,main_sbox,bfs_h2
_24130,aes_sbox_us23,main_sbox,bfs_h2
_24131,aes_sbox_us13,main_sbox,bfs_h1
_24132,aes_sbox_us13,main_sbox,bfs_h2
_24133,aes_cipher_top,top,bfs_h2
_24134,aes_cipher_top,top,bfs_h3
_24135,aes_key_expand_128_u0,key_expand,bfs_h2
_24136,aes_sbox_us12,main_sbox,bfs_h3
_24137,aes_sbox_us12,main_sbox,bfs_h3
_24138,aes_sbox_us12,main_sbox,bfs_h2
_24139,aes_cipher_top,top,bfs_h7
_24140,aes_sbox_us12,main_sbox,bfs_h5
_24141,aes_sbox_us12,main_sbox,bfs_h5
_24142,aes_cipher_top,top,bfs_h7
_24143,aes_sbox_us12,main_sbox,bfs_h5
_24144,aes_sbox_us12,main_sbox,bfs_h4
_24145,aes_cipher_top,top,bfs_h6
_24146,aes_cipher_top,top,bfs_h6
_24147,aes_cipher_top,top,bfs_h6
_24148,aes_cipher_top,top,bfs_h6
_24149,aes_cipher_top,top,bfs_h6
_24150,aes_sbox_us12,main_sbox,bfs_h5
_24151,aes_cipher_top,top,bfs_h4
_24152,aes_cipher_top,top,bfs_h5
_24153,aes_cipher_top,top,bfs_h6
_24154,aes_cipher_top,top,bfs_h6
_24155,aes_sbox_us12,main_sbox,bfs_h4
_24156,aes_cipher_top,top,bfs_h5
_24157,aes_key_expand_128_u0/aes_sbox_u1,kexp_sbox,bfs_h5
_24158,aes_cipher_top,top,bfs_h6
_24159,aes_cipher_top,top,bfs_h7
_24160,aes_cipher_top,top,bfs_h6
_24161,aes_key_expand_128_u0/aes_sbox_u1,kexp_sbox,bfs_h4
_24162,aes_cipher_top,top,bfs_h6
_24163,aes_sbox_us12,main_sbox,bfs_h5
_24164,aes_cipher_top,top,bfs_h6
_24165,aes_cipher_top,top,bfs_h7
_24166,aes_sbox_us12,main_sbox,bfs_h5
_24167,aes_cipher_top,top,bfs_h6
_24168,aes_sbox_us12,main_sbox,bfs_h5
_24169,aes_sbox_us12,main_sbox,bfs_h5
_24170,aes_sbox_us12,main_sbox,bfs_h4
_24171,aes_sbox_us12,main_sbox,bfs_h5
_24172,aes_sbox_us12,main_sbox,bfs_h4
_24173,aes_sbox_us12,main_sbox,bfs_h3
_24174,aes_cipher_top,top,bfs_h5
_24175,aes_cipher_top,top,bfs_h5
_24176,aes_cipher_top,top,bfs_h6
_24177,aes_cipher_top,top,bfs_h6
_24178,aes_cipher_top,top,bfs_h4
_24179,aes_cipher_top,top,bfs_h5
_24180,aes_cipher_top,top,bfs_h7
_24181,aes_cipher_top,top,bfs_h6
_24182,aes_cipher_top,top,bfs_h6
_24183,aes_cipher_top,top,bfs_h6
_24184,aes_cipher_top,top,bfs_h6
_24185,aes_cipher_top,top,bfs_h5
_24186,aes_cipher_top,top,bfs_h6
_24187,aes_cipher_top,top,bfs_h6
_24188,aes_cipher_top,top,bfs_h6
_24189,aes_sbox_us12,main_sbox,bfs_h4
_24190,aes_sbox_us12,main_sbox,bfs_h4
_24191,aes_sbox_us12,main_sbox,bfs_h5
_24192,aes_cipher_top,top,bfs_h6
_24193,aes_cipher_top,top,bfs_h7
_24194,aes_cipher_top,top,bfs_h7
_24195,aes_key_expand_128_u0/aes_sbox_u1,kexp_sbox,bfs_h4
_24196,aes_key_expand_128_u0/aes_sbox_u1,kexp_sbox,bfs_h5
_24197,aes_sbox_us12,main_sbox,bfs_h5
_24198,aes_cipher_top,top,bfs_h6
_24199,aes_sbox_us12,main_sbox,bfs_h5
_24200,aes_sbox_us12,main_sbox,bfs_h4
_24201,aes_sbox_us12,main_sbox,bfs_h4
_24202,aes_sbox_us12,main_sbox,bfs_h3
_24203,aes_sbox_us12,main_sbox,bfs_h3
_24204,aes_sbox_us12,main_sbox,bfs_h2
_24205,aes_sbox_us12,main_sbox,bfs_h1
_24206,aes_key_expand_128_u0/aes_sbox_u1,kexp_sbox,bfs_h4
_24207,aes_sbox_us12,main_sbox,bfs_h5
_24208,aes_cipher_top,top,bfs_h5
_24209,aes_cipher_top,top,bfs_h6
_24210,aes_cipher_top,top,bfs_h7
_24211,aes_cipher_top,top,bfs_h6
_24212,aes_key_expand_128_u0/aes_sbox_u1,kexp_sbox,bfs_h4
_24213,aes_cipher_top,top,bfs_h6
_24214,aes_cipher_top,top,bfs_h6
_24215,aes_cipher_top,top,bfs_h6
_24216,aes_cipher_top,top,bfs_h7
_24217,aes_sbox_us12,main_sbox,bfs_h4
_24218,aes_cipher_top,top,bfs_h6
_24219,aes_sbox_us12,main_sbox,bfs_h5
_24220,aes_cipher_top,top,bfs_h6
_24221,aes_cipher_top,top,bfs_h6
_24222,aes_cipher_top,top,bfs_h6
_24223,aes_cipher_top,top,bfs_h7
_24224,aes_key_expand_128_u0/aes_sbox_u1,kexp_sbox,bfs_h4
_24225,aes_cipher_top,top,bfs_h7
_24226,aes_cipher_top,top,bfs_h6
_24227,aes_cipher_top,top,bfs_h6
_24228,aes_cipher_top,top,bfs_h6
_24229,aes_cipher_top,top,bfs_h7
_24230,aes_sbox_us12,main_sbox,bfs_h4
_24231,aes_sbox_us12,main_sbox,bfs_h3
_24232,aes_sbox_us12,main_sbox,bfs_h3
_24233,aes_sbox_us12,main_sbox,bfs_h5
_24234,aes_cipher_top,top,bfs_h6
_24235,aes_cipher_top,top,bfs_h7
_24236,aes_sbox_us12,main_sbox,bfs_h4
_24237,aes_cipher_top,top,bfs_h6
_24238,aes_cipher_top,top,bfs_h6
_24239,aes_cipher_top,top,bfs_h6
_24240,aes_cipher_top,top,bfs_h6
_24241,aes_cipher_top,top,bfs_h7
_24242,aes_cipher_top,top,bfs_h6
_24243,aes_cipher_top,top,bfs_h7
_24244,aes_cipher_top,top,bfs_h8
_24245,aes_cipher_top,top,bfs_h8
_24246,aes_cipher_top,top,bfs_h7
_24247,aes_sbox_us12,main_sbox,bfs_h4
_24248,aes_cipher_top,top,bfs_h7
_24249,aes_key_expand_128_u0/aes_sbox_u1,kexp_sbox,bfs_h5
_24250,aes_sbox_us12,main_sbox,bfs_h5
_24251,aes_sbox_us12,main_sbox,bfs_h4
_24252,aes_sbox_us12,main_sbox,bfs_h3
_24253,aes_sbox_us12,main_sbox,bfs_h2
_24254,aes_key_expand_128_u0/aes_sbox_u1,kexp_sbox,bfs_h5
_24255,aes_cipher_top,top,bfs_h7
_24256,aes_cipher_top,top,bfs_h6
_24257,aes_cipher_top,top,bfs_h5
_24258,aes_cipher_top,top,bfs_h6
_24259,aes_cipher_top,top,bfs_h7
_24260,aes_sbox_us12,main_sbox,bfs_h4
_24261,aes_cipher_top,top,bfs_h6
_24262,aes_cipher_top,top,bfs_h6
_24263,aes_cipher_top,top,bfs_h7
_24264,aes_key_expand_128_u0/aes_sbox_u1,kexp_sbox,bfs_h5
_24265,aes_cipher_top,top,bfs_h7
_24266,aes_cipher_top,top,bfs_h7
_24267,aes_cipher_top,top,bfs_h7
_24268,aes_sbox_us12,main_sbox,bfs_h4
_24269,aes_sbox_us12,main_sbox,bfs_h4
_24270,aes_sbox_us12,main_sbox,bfs_h3
_24271,aes_sbox_us12,main_sbox,bfs_h3
_24272,aes_cipher_top,top,bfs_h6
_24273,aes_cipher_top,top,bfs_h5
_24274,aes_cipher_top,top,bfs_h6
_24275,aes_cipher_top,top,bfs_h5
_24276,aes_cipher_top,top,bfs_h6
_24277,aes_cipher_top,top,bfs_h6
_24278,aes_cipher_top,top,bfs_h7
_24279,aes_cipher_top,top,bfs_h7
_24280,aes_sbox_us12,main_sbox,bfs_h4
_24281,aes_cipher_top,top,bfs_h7
_24282,aes_cipher_top,top,bfs_h5
_24283,aes_cipher_top,top,bfs_h4
_24284,aes_cipher_top,top,bfs_h5
_24285,aes_sbox_us12,main_sbox,bfs_h5
_24286,aes_cipher_top,top,bfs_h6
_24287,aes_cipher_top,top,bfs_h7
_24288,aes_cipher_top,top,bfs_h7
_24289,aes_cipher_top,top,bfs_h6
_24290,aes_cipher_top,top,bfs_h7
_24291,aes_sbox_us12,main_sbox,bfs_h4
_24292,aes_sbox_us12,main_sbox,bfs_h3
_24293,aes_sbox_us12,main_sbox,bfs_h2
_24294,aes_sbox_us12,main_sbox,bfs_h1
_24295,aes_cipher_top,top,bfs_h6
_24296,aes_key_expand_128_u0/aes_sbox_u1,kexp_sbox,bfs_h5
_24297,aes_cipher_top,top,bfs_h6
_24298,aes_cipher_top,top,bfs_h7
_24299,aes_cipher_top,top,bfs_h6
_24300,aes_cipher_top,top,bfs_h7
_24301,aes_cipher_top,top,bfs_h7
_24302,aes_sbox_us12,main_sbox,bfs_h4
_24303,aes_cipher_top,top,bfs_h6
_24304,aes_cipher_top,top,bfs_h7
_24305,aes_cipher_top,top,bfs_h6
_24306,aes_cipher_top,top,bfs_h6
_24307,aes_cipher_top,top,bfs_h7
_24308,aes_cipher_top,top,bfs_h5
_24309,aes_sbox_us12,main_sbox,bfs_h5
_24310,aes_sbox_us12,main_sbox,bfs_h4
_24311,aes_sbox_us12,main_sbox,bfs_h3
_24312,aes_cipher_top,top,bfs_h6
_24313,aes_cipher_top,top,bfs_h6
_24314,aes_sbox_us12,main_sbox,bfs_h5
_24315,aes_cipher_top,top,bfs_h7
_24316,aes_cipher_top,top,bfs_h7
_24317,aes_sbox_us12,main_sbox,bfs_h5
_24318,aes_sbox_us12,main_sbox,bfs_h4
_24319,aes_cipher_top,top,bfs_h7
_24320,aes_cipher_top,top,bfs_h6
_24321,aes_cipher_top,top,bfs_h7
_24322,aes_cipher_top,top,bfs_h5
_24323,aes_cipher_top,top,bfs_h6
_24324,aes_cipher_top,top,bfs_h6
_24325,aes_sbox_us12,main_sbox,bfs_h4
_24326,aes_sbox_us12,main_sbox,bfs_h3
_24327,aes_sbox_us12,main_sbox,bfs_h2
_24328,aes_cipher_top,top,bfs_h5
_24329,aes_cipher_top,top,bfs_h6
_24330,aes_cipher_top,top,bfs_h7
_24331,aes_cipher_top,top,bfs_h6
_24332,aes_cipher_top,top,bfs_h5
_24333,aes_cipher_top,top,bfs_h6
_24334,aes_cipher_top,top,bfs_h5
_24335,aes_cipher_top,top,bfs_h6
_24336,aes_cipher_top,top,bfs_h7
_24337,aes_sbox_us12,main_sbox,bfs_h4
_24338,aes_cipher_top,top,bfs_h6
_24339,aes_cipher_top,top,bfs_h6
_24340,aes_cipher_top,top,bfs_h6
_24341,aes_cipher_top,top,bfs_h5
_24342,aes_cipher_top,top,bfs_h6
_24343,aes_cipher_top,top,bfs_h7
_24344,aes_sbox_us12,main_sbox,bfs_h4
_24345,aes_sbox_us12,main_sbox,bfs_h3
_24346,aes_cipher_top,top,bfs_h6
_24347,aes_cipher_top,top,bfs_h7
_24348,aes_cipher_top,top,bfs_h6
_24349,aes_cipher_top,top,bfs_h7
_24350,aes_cipher_top,top,bfs_h7
_24351,aes_sbox_us12,main_sbox,bfs_h4
_24352,aes_cipher_top,top,bfs_h6
_24353,aes_key_expand_128_u0/aes_sbox_u1,kexp_sbox,bfs_h5
_24354,aes_cipher_top,top,bfs_h7
_24355,aes_cipher_top,top,bfs_h7
_24356,aes_cipher_top,top,bfs_h6
_24357,aes_sbox_us12,main_sbox,bfs_h5
_24358,aes_cipher_top,top,bfs_h7
_24359,aes_sbox_us12,main_sbox,bfs_h4
_24360,aes_sbox_us12,main_sbox,bfs_h3
_24361,aes_sbox_us12,main_sbox,bfs_h2
_24362,aes_sbox_us12,main_sbox,bfs_h1
_24363,aes_cipher_top,top,bfs_h5
_24364,aes_sbox_us12,main_sbox,bfs_h5
_24365,aes_cipher_top,top,bfs_h5
_24366,aes_sbox_us12,main_sbox,bfs_h4
_24367,aes_cipher_top,top,bfs_h8
_24368,aes_sbox_us12,main_sbox,bfs_h4
_24369,aes_sbox_us12,main_sbox,bfs_h4
_24370,aes_sbox_us12,main_sbox,bfs_h3
_24371,aes_cipher_top,top,bfs_h6
_24372,aes_sbox_us12,main_sbox,bfs_h4
_24373,aes_cipher_top,top,bfs_h5
_24374,aes_cipher_top,top,bfs_h6
_24375,aes_cipher_top,top,bfs_h6
_24376,aes_sbox_us12,main_sbox,bfs_h4
_24377,aes_sbox_us12,main_sbox,bfs_h3
_24378,aes_sbox_us12,main_sbox,bfs_h2
_24379,aes_cipher_top,top,bfs_h5
_24380,aes_cipher_top,top,bfs_h6
_24381,aes_sbox_us12,main_sbox,bfs_h4
_24382,aes_cipher_top,top,bfs_h6
_24383,aes_cipher_top,top,bfs_h6
_24384,aes_sbox_us12,main_sbox,bfs_h4
_24385,aes_sbox_us12,main_sbox,bfs_h4
_24386,aes_sbox_us12,main_sbox,bfs_h3
_24387,aes_cipher_top,top,bfs_h7
_24388,aes_cipher_top,top,bfs_h6
_24389,aes_sbox_us12,main_sbox,bfs_h5
_24390,aes_sbox_us12,main_sbox,bfs_h4
_24391,aes_cipher_top,top,bfs_h5
_24392,aes_sbox_us12,main_sbox,bfs_h5
_24393,aes_sbox_us12,main_sbox,bfs_h4
_24394,aes_sbox_us12,main_sbox,bfs_h3
_24395,aes_sbox_us12,main_sbox,bfs_h2
_24396,aes_sbox_us12,main_sbox,bfs_h4
_24397,aes_sbox_us12,main_sbox,bfs_h5
_24398,aes_sbox_us12,main_sbox,bfs_h4
_24399,aes_cipher_top,top,bfs_h7
_24400,aes_cipher_top,top,bfs_h6
_24401,aes_sbox_us12,main_sbox,bfs_h4
_24402,aes_sbox_us12,main_sbox,bfs_h3
_24403,aes_cipher_top,top,bfs_h6
_24404,aes_cipher_top,top,bfs_h7
_24405,aes_sbox_us12,main_sbox,bfs_h4
_24406,aes_sbox_us12,main_sbox,bfs_h4
_24407,aes_sbox_us12,main_sbox,bfs_h5
_24408,aes_sbox_us12,main_sbox,bfs_h5
_24409,aes_sbox_us12,main_sbox,bfs_h4
_24410,aes_sbox_us12,main_sbox,bfs_h3
_24411,aes_sbox_us12,main_sbox,bfs_h2
_24412,aes_cipher_top,top,bfs_h7
_24413,aes_sbox_us12,main_sbox,bfs_h4
_24414,aes_cipher_top,top,bfs_h6
_24415,aes_cipher_top,top,bfs_h7
_24416,aes_sbox_us12,main_sbox,bfs_h4
_24417,aes_sbox_us12,main_sbox,bfs_h3
_24418,aes_cipher_top,top,bfs_h6
_24419,aes_sbox_us12,main_sbox,bfs_h5
_24420,aes_sbox_us12,main_sbox,bfs_h4
_24421,aes_cipher_top,top,bfs_h5
_24422,aes_sbox_us12,main_sbox,bfs_h5
_24423,aes_sbox_us12,main_sbox,bfs_h4
_24424,aes_sbox_us12,main_sbox,bfs_h3
_24425,aes_sbox_us12,main_sbox,bfs_h2
_24426,aes_sbox_us12,main_sbox,bfs_h1
_24427,aes_cipher_top,top,bfs_h6
_24428,aes_sbox_us12,main_sbox,bfs_h5
_24429,aes_sbox_us12,main_sbox,bfs_h4
_24430,aes_cipher_top,top,bfs_h5
_24431,aes_cipher_top,top,bfs_h7
_24432,aes_sbox_us12,main_sbox,bfs_h4
_24433,aes_sbox_us12,main_sbox,bfs_h3
_24434,aes_cipher_top,top,bfs_h5
_24435,aes_cipher_top,top,bfs_h6
_24436,aes_cipher_top,top,bfs_h6
_24437,aes_sbox_us12,main_sbox,bfs_h4
_24438,aes_cipher_top,top,bfs_h6
_24439,aes_sbox_us12,main_sbox,bfs_h4
_24440,aes_sbox_us12,main_sbox,bfs_h3
_24441,aes_sbox_us12,main_sbox,bfs_h2
_24442,aes_sbox_us12,main_sbox,bfs_h4
_24443,aes_sbox_us12,main_sbox,bfs_h4
_24444,aes_sbox_us12,main_sbox,bfs_h3
_24445,aes_sbox_us12,main_sbox,bfs_h4
_24446,aes_sbox_us12,main_sbox,bfs_h3
_24447,aes_cipher_top,top,bfs_h7
_24448,aes_cipher_top,top,bfs_h6
_24449,aes_cipher_top,top,bfs_h7
_24450,aes_key_expand_128_u0/aes_sbox_u1,kexp_sbox,bfs_h5
_24451,aes_cipher_top,top,bfs_h6
_24452,aes_sbox_us12,main_sbox,bfs_h4
_24453,aes_sbox_us12,main_sbox,bfs_h3
_24454,aes_sbox_us12,main_sbox,bfs_h2
_24455,aes_cipher_top,top,bfs_h5
_24456,aes_sbox_us12,main_sbox,bfs_h4
_24457,aes_cipher_top,top,bfs_h6
_24458,aes_sbox_us12,main_sbox,bfs_h4
_24459,aes_sbox_us12,main_sbox,bfs_h3
_24460,aes_cipher_top,top,bfs_h7
_24461,aes_cipher_top,top,bfs_h7
_24462,aes_cipher_top,top,bfs_h6
_24463,aes_cipher_top,top,bfs_h7
_24464,aes_sbox_us12,main_sbox,bfs_h4
_24465,aes_sbox_us12,main_sbox,bfs_h3
_24466,aes_cipher_top,top,bfs_h7
_24467,aes_sbox_us12,main_sbox,bfs_h5
_24468,aes_cipher_top,top,bfs_h7
_24469,aes_cipher_top,top,bfs_h7
_24470,aes_sbox_us12,main_sbox,bfs_h4
_24471,aes_cipher_top,top,bfs_h6
_24472,aes_sbox_us12,main_sbox,bfs_h5
_24473,aes_sbox_us12,main_sbox,bfs_h4
_24474,aes_cipher_top,top,bfs_h6
_24475,aes_sbox_us12,main_sbox,bfs_h4
_24476,aes_sbox_us12,main_sbox,bfs_h4
_24477,aes_sbox_us12,main_sbox,bfs_h3
_24478,aes_sbox_us12,main_sbox,bfs_h2
_24479,aes_sbox_us12,main_sbox,bfs_h1
_24480,aes_cipher_top,top,bfs_h8
_24481,aes_cipher_top,top,bfs_h7
_24482,aes_sbox_us12,main_sbox,bfs_h4
_24483,aes_cipher_top,top,bfs_h6
_24484,aes_cipher_top,top,bfs_h7
_24485,aes_cipher_top,top,bfs_h7
_24486,aes_cipher_top,top,bfs_h6
_24487,aes_sbox_us12,main_sbox,bfs_h4
_24488,aes_cipher_top,top,bfs_h6
_24489,aes_cipher_top,top,bfs_h7
_24490,aes_cipher_top,top,bfs_h6
_24491,aes_cipher_top,top,bfs_h7
_24492,aes_sbox_us12,main_sbox,bfs_h4
_24493,aes_sbox_us12,main_sbox,bfs_h3
_24494,aes_sbox_us12,main_sbox,bfs_h5
_24495,aes_cipher_top,top,bfs_h6
_24496,aes_cipher_top,top,bfs_h6
_24497,aes_cipher_top,top,bfs_h7
_24498,aes_sbox_us12,main_sbox,bfs_h4
_24499,aes_cipher_top,top,bfs_h6
_24500,aes_sbox_us12,main_sbox,bfs_h5
_24501,aes_cipher_top,top,bfs_h6
_24502,aes_sbox_us12,main_sbox,bfs_h5
_24503,aes_cipher_top,top,bfs_h6
_24504,aes_sbox_us12,main_sbox,bfs_h5
_24505,aes_sbox_us12,main_sbox,bfs_h4
_24506,aes_sbox_us12,main_sbox,bfs_h3
_24507,aes_sbox_us12,main_sbox,bfs_h2
_24508,aes_cipher_top,top,bfs_h5
_24509,aes_sbox_us12,main_sbox,bfs_h4
_24510,aes_cipher_top,top,bfs_h7
_24511,aes_sbox_us12,main_sbox,bfs_h4
_24512,aes_sbox_us12,main_sbox,bfs_h5
_24513,aes_cipher_top,top,bfs_h6
_24514,aes_sbox_us12,main_sbox,bfs_h5
_24515,aes_sbox_us12,main_sbox,bfs_h4
_24516,aes_sbox_us12,main_sbox,bfs_h3
_24517,aes_cipher_top,top,bfs_h6
_24518,aes_cipher_top,top,bfs_h6
_24519,aes_cipher_top,top,bfs_h5
_24520,aes_cipher_top,top,bfs_h5
_24521,aes_cipher_top,top,bfs_h6
_24522,aes_sbox_us12,main_sbox,bfs_h4
_24523,aes_cipher_top,top,bfs_h6
_24524,aes_cipher_top,top,bfs_h7
_24525,aes_cipher_top,top,bfs_h6
_24526,aes_sbox_us12,main_sbox,bfs_h5
_24527,aes_cipher_top,top,bfs_h7
_24528,aes_sbox_us12,main_sbox,bfs_h4
_24529,aes_sbox_us12,main_sbox,bfs_h3
_24530,aes_sbox_us12,main_sbox,bfs_h2
_24531,aes_sbox_us12,main_sbox,bfs_h1
_24532,aes_cipher_top,top,bfs_h5
_24533,aes_cipher_top,top,bfs_h6
_24534,aes_cipher_top,top,bfs_h7
_24535,aes_cipher_top,top,bfs_h6
_24536,aes_sbox_us12,main_sbox,bfs_h5
_24537,aes_sbox_us12,main_sbox,bfs_h4
_24538,aes_sbox_us12,main_sbox,bfs_h3
_24539,aes_cipher_top,top,bfs_h5
_24540,aes_cipher_top,top,bfs_h6
_24541,aes_cipher_top,top,bfs_h6
_24542,aes_sbox_us12,main_sbox,bfs_h4
_24543,aes_cipher_top,top,bfs_h6
_24544,aes_sbox_us12,main_sbox,bfs_h5
_24545,aes_cipher_top,top,bfs_h5
_24546,aes_sbox_us12,main_sbox,bfs_h4
_24547,aes_sbox_us12,main_sbox,bfs_h3
_24548,aes_sbox_us12,main_sbox,bfs_h2
_24549,aes_cipher_top,top,bfs_h6
_24550,aes_sbox_us12,main_sbox,bfs_h5
_24551,aes_sbox_us12,main_sbox,bfs_h4
_24552,aes_cipher_top,top,bfs_h6
_24553,aes_cipher_top,top,bfs_h6
_24554,aes_cipher_top,top,bfs_h6
_24555,aes_cipher_top,top,bfs_h6
_24556,aes_sbox_us12,main_sbox,bfs_h4
_24557,aes_sbox_us12,main_sbox,bfs_h3
_24558,aes_cipher_top,top,bfs_h6
_24559,aes_sbox_us12,main_sbox,bfs_h5
_24560,aes_sbox_us12,main_sbox,bfs_h4
_24561,aes_cipher_top,top,bfs_h7
_24562,aes_cipher_top,top,bfs_h7
_24563,aes_sbox_us12,main_sbox,bfs_h4
_24564,aes_sbox_us12,main_sbox,bfs_h3
_24565,aes_sbox_us12,main_sbox,bfs_h2
_24566,aes_cipher_top,top,bfs_h7
_24567,aes_sbox_us12,main_sbox,bfs_h4
_24568,aes_sbox_us12,main_sbox,bfs_h4
_24569,aes_sbox_us12,main_sbox,bfs_h3
_24570,aes_cipher_top,top,bfs_h6
_24571,aes_cipher_top,top,bfs_h6
_24572,aes_sbox_us12,main_sbox,bfs_h5
_24573,aes_cipher_top,top,bfs_h7
_24574,aes_cipher_top,top,bfs_h7
_24575,aes_sbox_us12,main_sbox,bfs_h4
_24576,aes_sbox_us12,main_sbox,bfs_h3
_24577,aes_sbox_us12,main_sbox,bfs_h2
_24578,aes_cipher_top,top,bfs_h7
_24579,aes_cipher_top,top,bfs_h6
_24580,aes_cipher_top,top,bfs_h7
_24581,aes_sbox_us12,main_sbox,bfs_h4
_24582,aes_sbox_us12,main_sbox,bfs_h5
_24583,aes_cipher_top,top,bfs_h8
_24584,aes_sbox_us12,main_sbox,bfs_h4
_24585,aes_sbox_us12,main_sbox,bfs_h3
_24586,aes_cipher_top,top,bfs_h7
_24587,aes_sbox_us12,main_sbox,bfs_h5
_24588,aes_sbox_us12,main_sbox,bfs_h4
_24589,aes_cipher_top,top,bfs_h6
_24590,aes_sbox_us12,main_sbox,bfs_h4
_24591,aes_sbox_us12,main_sbox,bfs_h3
_24592,aes_sbox_us12,main_sbox,bfs_h2
_24593,aes_sbox_us12,main_sbox,bfs_h1
_24594,aes_cipher_top,top,bfs_h5
_24595,aes_sbox_us12,main_sbox,bfs_h4
_24596,aes_cipher_top,top,bfs_h7
_24597,aes_key_expand_128_u0/aes_sbox_u1,kexp_sbox,bfs_h4
_24598,aes_sbox_us12,main_sbox,bfs_h5
_24599,aes_sbox_us12,main_sbox,bfs_h4
_24600,aes_sbox_us12,main_sbox,bfs_h3
_24601,aes_key_expand_128_u0/aes_sbox_u1,kexp_sbox,bfs_h5
_24602,aes_sbox_us12,main_sbox,bfs_h4
_24603,aes_cipher_top,top,bfs_h7
_24604,aes_sbox_us12,main_sbox,bfs_h4
_24605,aes_sbox_us12,main_sbox,bfs_h3
_24606,aes_sbox_us12,main_sbox,bfs_h2
_24607,aes_cipher_top,top,bfs_h6
_24608,aes_sbox_us12,main_sbox,bfs_h4
_24609,aes_cipher_top,top,bfs_h6
_24610,aes_cipher_top,top,bfs_h6
_24611,aes_sbox_us12,main_sbox,bfs_h4
_24612,aes_sbox_us12,main_sbox,bfs_h3
_24613,aes_sbox_us12,main_sbox,bfs_h5
_24614,aes_sbox_us12,main_sbox,bfs_h5
_24615,aes_sbox_us12,main_sbox,bfs_h4
_24616,aes_sbox_us12,main_sbox,bfs_h4
_24617,aes_sbox_us12,main_sbox,bfs_h3
_24618,aes_sbox_us12,main_sbox,bfs_h2
_24619,aes_sbox_us12,main_sbox,bfs_h4
_24620,aes_sbox_us12,main_sbox,bfs_h3
_24621,aes_sbox_us12,main_sbox,bfs_h4
_24622,aes_sbox_us12,main_sbox,bfs_h4
_24623,aes_sbox_us12,main_sbox,bfs_h3
_24624,aes_cipher_top,top,bfs_h6
_24625,aes_sbox_us12,main_sbox,bfs_h4
_24626,aes_sbox_us12,main_sbox,bfs_h5
_24627,aes_cipher_top,top,bfs_h7
_24628,aes_sbox_us12,main_sbox,bfs_h4
_24629,aes_sbox_us12,main_sbox,bfs_h3
_24630,aes_sbox_us12,main_sbox,bfs_h2
_24631,aes_sbox_us12,main_sbox,bfs_h5
_24632,aes_sbox_us12,main_sbox,bfs_h4
_24633,aes_sbox_us12,main_sbox,bfs_h5
_24634,aes_sbox_us12,main_sbox,bfs_h4
_24635,aes_sbox_us12,main_sbox,bfs_h3
_24636,aes_cipher_top,top,bfs_h7
_24637,aes_sbox_us12,main_sbox,bfs_h4
_24638,aes_cipher_top,top,bfs_h6
_24639,aes_key_expand_128_u0/aes_sbox_u1,kexp_sbox,bfs_h5
_24640,aes_cipher_top,top,bfs_h7
_24641,aes_sbox_us12,main_sbox,bfs_h4
_24642,aes_sbox_us12,main_sbox,bfs_h3
_24643,aes_sbox_us12,main_sbox,bfs_h2
_24644,aes_sbox_us12,main_sbox,bfs_h1
_24645,aes_cipher_top,top,bfs_h2
_24646,aes_sbox_us30,main_sbox,bfs_h2
_24647,aes_sbox_us20,main_sbox,bfs_h2
_24648,aes_sbox_us10,main_sbox,bfs_h3
_24649,aes_sbox_us10,main_sbox,bfs_h2
_24650,aes_sbox_us10,main_sbox,bfs_h3
_24651,aes_sbox_us20,main_sbox,bfs_h2
_24652,aes_sbox_us10,main_sbox,bfs_h2
_24653,aes_sbox_us10,main_sbox,bfs_h3
_24654,aes_cipher_top,top,bfs_h3
_24655,aes_sbox_us20,main_sbox,bfs_h2
_24656,aes_cipher_top,top,bfs_h2
_24657,aes_sbox_us10,main_sbox,bfs_h3
_24658,aes_sbox_us10,main_sbox,bfs_h3
_24659,aes_cipher_top,top,bfs_h3
_24660,aes_sbox_us20,main_sbox,bfs_h2
_24661,aes_sbox_us20,main_sbox,bfs_h3
_24662,aes_sbox_us20,main_sbox,bfs_h3
_24663,aes_sbox_us20,main_sbox,bfs_h4
_24664,aes_sbox_us20,main_sbox,bfs_h2
_24665,aes_sbox_us10,main_sbox,bfs_h2
_24666,aes_sbox_us10,main_sbox,bfs_h3
_24667,aes_sbox_us10,main_sbox,bfs_h3
_24668,aes_sbox_us20,main_sbox,bfs_h2
_24669,aes_sbox_us10,main_sbox,bfs_h3
_24670,aes_sbox_us20,main_sbox,bfs_h3
_24671,aes_sbox_us20,main_sbox,bfs_h2
_24672,aes_sbox_us00,main_sbox,bfs_h2
_24673,aes_sbox_us20,main_sbox,bfs_h2
_24674,aes_sbox_us00,main_sbox,bfs_h3
_24675,aes_sbox_us00,main_sbox,bfs_h3
_24676,aes_cipher_top,top,bfs_h4
_24677,aes_cipher_top,top,bfs_h3
_24678,aes_key_expand_128_u0,key_expand,bfs_h2
_24679,aes_cipher_top,top,bfs_h2
_24680,aes_cipher_top,top,bfs_h3
_24681,aes_key_expand_128_u0,key_expand,bfs_h3
_24682,aes_key_expand_128_u0,key_expand,bfs_h3
_24683,aes_sbox_us20,main_sbox,bfs_h5
_24684,aes_cipher_top,top,bfs_h2
_24685,aes_key_expand_128_u0/aes_sbox_u2,kexp_sbox,bfs_h3
_24686,aes_sbox_us00,main_sbox,bfs_h2
_24687,aes_sbox_us20,main_sbox,bfs_h2
_24688,aes_sbox_us00,main_sbox,bfs_h3
_24689,aes_sbox_us30,main_sbox,bfs_h2
_24690,aes_sbox_us20,main_sbox,bfs_h2
_24691,aes_sbox_us20,main_sbox,bfs_h2
_24692,aes_sbox_us20,main_sbox,bfs_h3
_24693,aes_cipher_top,top,bfs_h4
_24694,aes_cipher_top,top,bfs_h3
_24695,aes_key_expand_128_u0/aes_sbox_u2,kexp_sbox,bfs_h2
_24696,aes_key_expand_128_u0/aes_sbox_u2,kexp_sbox,bfs_h3
_24697,aes_cipher_top,top,bfs_h2
_24698,aes_sbox_us00,main_sbox,bfs_h3
_24699,aes_sbox_us20,main_sbox,bfs_h2
_24700,aes_sbox_us20,main_sbox,bfs_h3
_24701,aes_cipher_top,top,bfs_h3
_24702,aes_key_expand_128_u0/aes_sbox_u2,kexp_sbox,bfs_h2
_24703,aes_key_expand_128_u0/aes_sbox_u2,kexp_sbox,bfs_h3
_24704,aes_sbox_us20,main_sbox,bfs_h4
_24705,aes_sbox_us20,main_sbox,bfs_h3
_24706,aes_sbox_us20,main_sbox,bfs_h2
_24707,aes_sbox_us20,main_sbox,bfs_h3
_24708,aes_key_expand_128_u0/aes_sbox_u2,kexp_sbox,bfs_h2
_24709,aes_key_expand_128_u0/aes_sbox_u2,kexp_sbox,bfs_h3
_24710,aes_key_expand_128_u0/aes_sbox_u2,kexp_sbox,bfs_h4
_24711,aes_key_expand_128_u0/aes_sbox_u2,kexp_sbox,bfs_h3
_24712,aes_key_expand_128_u0/aes_sbox_u2,kexp_sbox,bfs_h4
_24713,aes_sbox_us30,main_sbox,bfs_h1
_24714,aes_sbox_us20,main_sbox,bfs_h1
_24715,aes_sbox_us00,main_sbox,bfs_h2
_24716,aes_cipher_top,top,bfs_h2
_24717,aes_cipher_top,top,bfs_h3
_24718,aes_key_expand_128_u0,key_expand,bfs_h2
_24719,aes_sbox_us22,main_sbox,bfs_h3
_24720,aes_sbox_us30,main_sbox,bfs_h1
_24721,aes_sbox_us00,main_sbox,bfs_h2
_24722,aes_sbox_us30,main_sbox,bfs_h2
_24723,aes_sbox_us30,main_sbox,bfs_h2
_24724,aes_cipher_top,top,bfs_h2
_24725,aes_sbox_us30,main_sbox,bfs_h3
_24726,aes_key_expand_128_u0,key_expand,bfs_h2
_24727,aes_key_expand_128_u0,key_expand,bfs_h3
_24728,aes_key_expand_128_u0/aes_sbox_u2,kexp_sbox,bfs_h5
_24729,aes_sbox_us22,main_sbox,bfs_h4
_24730,aes_sbox_us30,main_sbox,bfs_h1
_24731,aes_sbox_us20,main_sbox,bfs_h2
_24732,aes_sbox_us30,main_sbox,bfs_h2
_24733,aes_sbox_us00,main_sbox,bfs_h1
_24734,aes_sbox_us00,main_sbox,bfs_h2
_24735,aes_cipher_top,top,bfs_h3
_24736,aes_sbox_us20,main_sbox,bfs_h3
_24737,aes_sbox_us20,main_sbox,bfs_h4
_24738,aes_cipher_top,top,bfs_h2
_24739,aes_sbox_us20,main_sbox,bfs_h3
_24740,aes_sbox_us20,main_sbox,bfs_h2
_24741,aes_key_expand_128_u0/aes_sbox_u2,kexp_sbox,bfs_h3
_24742,aes_key_expand_128_u0/aes_sbox_u2,kexp_sbox,bfs_h4
_24743,aes_key_expand_128_u0/aes_sbox_u2,kexp_sbox,bfs_h4
_24744,aes_sbox_us20,main_sbox,bfs_h3
_24745,aes_sbox_us20,main_sbox,bfs_h4
_24746,aes_sbox_us20,main_sbox,bfs_h3
_24747,aes_sbox_us20,main_sbox,bfs_h4
_24748,aes_key_expand_128_u0/aes_sbox_u2,kexp_sbox,bfs_h5
_24749,aes_key_expand_128_u0/aes_sbox_u2,kexp_sbox,bfs_h4
_24750,aes_sbox_us22,main_sbox,bfs_h5
_24751,aes_key_expand_128_u0/aes_sbox_u2,kexp_sbox,bfs_h3
_24752,aes_key_expand_128_u0/aes_sbox_u2,kexp_sbox,bfs_h4
_24753,aes_sbox_us20,main_sbox,bfs_h4
_24754,aes_key_expand_128_u0,key_expand,bfs_h3
_24755,aes_cipher_top,top,bfs_h3
_24756,aes_key_expand_128_u0,key_expand,bfs_h2
_24757,aes_key_expand_128_u0,key_expand,bfs_h3
_24758,aes_sbox_us20,main_sbox,bfs_h4
_24759,aes_sbox_us22,main_sbox,bfs_h6
_24760,aes_key_expand_128_u0/aes_sbox_u2,kexp_sbox,bfs_h4
_24761,aes_key_expand_128_u0/aes_sbox_u2,kexp_sbox,bfs_h2
_24762,aes_key_expand_128_u0/aes_sbox_u2,kexp_sbox,bfs_h3
_24763,aes_key_expand_128_u0/aes_sbox_u2,kexp_sbox,bfs_h4
_24764,aes_key_expand_128_u0/aes_sbox_u2,kexp_sbox,bfs_h3
_24765,aes_key_expand_128_u0/aes_sbox_u2,kexp_sbox,bfs_h4
_24766,aes_sbox_us20,main_sbox,bfs_h4
_24767,aes_key_expand_128_u0/aes_sbox_u2,kexp_sbox,bfs_h5
_24768,aes_key_expand_128_u0/aes_sbox_u2,kexp_sbox,bfs_h4
_24769,aes_sbox_us22,main_sbox,bfs_h5
_24770,aes_sbox_us22,main_sbox,bfs_h5
_24771,aes_sbox_us22,main_sbox,bfs_h4
_24772,aes_sbox_us20,main_sbox,bfs_h2
_24773,aes_sbox_us00,main_sbox,bfs_h2
_24774,aes_sbox_us00,main_sbox,bfs_h3
_24775,aes_sbox_us30,main_sbox,bfs_h2
_24776,aes_sbox_us20,main_sbox,bfs_h2
_24777,aes_cipher_top,top,bfs_h3
_24778,aes_cipher_top,top,bfs_h2
_24779,aes_key_expand_128_u0,key_expand,bfs_h3
_24780,aes_key_expand_128_u0,key_expand,bfs_h2
_24781,aes_key_expand_128_u0,key_expand,bfs_h2
_24782,aes_key_expand_128_u0,key_expand,bfs_h3
_24783,aes_sbox_us22,main_sbox,bfs_h5
_24784,aes_sbox_us22,main_sbox,bfs_h5
_24785,aes_sbox_us22,main_sbox,bfs_h4
_24786,aes_sbox_us22,main_sbox,bfs_h3
_24787,aes_key_expand_128_u0/aes_sbox_u2,kexp_sbox,bfs_h4
_24788,aes_sbox_us20,main_sbox,bfs_h4
_24789,aes_sbox_us20,main_sbox,bfs_h4
_24790,aes_sbox_us22,main_sbox,bfs_h5
_24791,aes_key_expand_128_u0/aes_sbox_u2,kexp_sbox,bfs_h4
_24792,aes_key_expand_128_u0/aes_sbox_u2,kexp_sbox,bfs_h3
_24793,aes_sbox_us20,main_sbox,bfs_h3
_24794,aes_sbox_us20,main_sbox,bfs_h4
_24795,aes_sbox_us22,main_sbox,bfs_h4
_24796,aes_key_expand_128_u0/aes_sbox_u2,kexp_sbox,bfs_h3
_24797,aes_sbox_us22,main_sbox,bfs_h5
_24798,aes_sbox_us22,main_sbox,bfs_h4
_24799,aes_sbox_us20,main_sbox,bfs_h4
_24800,aes_sbox_us20,main_sbox,bfs_h3
_24801,aes_sbox_us20,main_sbox,bfs_h4
_24802,aes_sbox_us20,main_sbox,bfs_h4
_24803,aes_sbox_us20,main_sbox,bfs_h5
_24804,aes_sbox_us20,main_sbox,bfs_h4
_24805,aes_sbox_us22,main_sbox,bfs_h5
_24806,aes_sbox_us22,main_sbox,bfs_h5
_24807,aes_sbox_us22,main_sbox,bfs_h5
_24808,aes_key_expand_128_u0,key_expand,bfs_h3
_24809,aes_sbox_us22,main_sbox,bfs_h3
_24810,aes_sbox_us20,main_sbox,bfs_h2
_24811,aes_sbox_us00,main_sbox,bfs_h3
_24812,aes_cipher_top,top,bfs_h2
_24813,aes_cipher_top,top,bfs_h3
_24814,aes_key_expand_128_u0,key_expand,bfs_h2
_24815,aes_sbox_us22,main_sbox,bfs_h2
_24816,aes_sbox_us20,main_sbox,bfs_h4
_24817,aes_key_expand_128_u0/aes_sbox_u2,kexp_sbox,bfs_h4
_24818,aes_sbox_us20,main_sbox,bfs_h3
_24819,aes_sbox_us20,main_sbox,bfs_h4
_24820,aes_sbox_us20,main_sbox,bfs_h4
_24821,aes_key_expand_128_u0,key_expand,bfs_h3
_24822,aes_sbox_us22,main_sbox,bfs_h5
_24823,aes_sbox_us20,main_sbox,bfs_h4
_24824,aes_key_expand_128_u0/aes_sbox_u2,kexp_sbox,bfs_h4
_24825,aes_sbox_us20,main_sbox,bfs_h4
_24826,aes_key_expand_128_u0/aes_sbox_u2,kexp_sbox,bfs_h4
_24827,aes_sbox_us20,main_sbox,bfs_h4
_24828,aes_sbox_us20,main_sbox,bfs_h3
_24829,aes_key_expand_128_u0/aes_sbox_u2,kexp_sbox,bfs_h4
_24830,aes_key_expand_128_u0/aes_sbox_u2,kexp_sbox,bfs_h3
_24831,aes_sbox_us20,main_sbox,bfs_h4
_24832,aes_sbox_us22,main_sbox,bfs_h5
_24833,aes_sbox_us22,main_sbox,bfs_h5
_24834,aes_key_expand_128_u0,key_expand,bfs_h3
_24835,aes_sbox_us22,main_sbox,bfs_h4
_24836,aes_sbox_us22,main_sbox,bfs_h4
_24837,aes_sbox_us22,main_sbox,bfs_h3
_24838,aes_key_expand_128_u0/aes_sbox_u2,kexp_sbox,bfs_h4
_24839,aes_key_expand_128_u0/aes_sbox_u2,kexp_sbox,bfs_h3
_24840,aes_sbox_us20,main_sbox,bfs_h3
_24841,aes_key_expand_128_u0/aes_sbox_u2,kexp_sbox,bfs_h4
_24842,aes_key_expand_128_u0/aes_sbox_u2,kexp_sbox,bfs_h4
_24843,aes_sbox_us20,main_sbox,bfs_h4
_24844,aes_sbox_us20,main_sbox,bfs_h4
_24845,aes_key_expand_128_u0/aes_sbox_u2,kexp_sbox,bfs_h4
_24846,aes_sbox_us20,main_sbox,bfs_h5
_24847,aes_sbox_us22,main_sbox,bfs_h4
_24848,aes_sbox_us22,main_sbox,bfs_h4
_24849,aes_key_expand_128_u0/aes_sbox_u2,kexp_sbox,bfs_h4
_24850,aes_sbox_us20,main_sbox,bfs_h4
_24851,aes_sbox_us22,main_sbox,bfs_h5
_24852,aes_key_expand_128_u0/aes_sbox_u2,kexp_sbox,bfs_h4
_24853,aes_sbox_us22,main_sbox,bfs_h4
_24854,aes_sbox_us22,main_sbox,bfs_h3
_24855,aes_sbox_us22,main_sbox,bfs_h5
_24856,aes_sbox_us22,main_sbox,bfs_h4
_24857,aes_sbox_us22,main_sbox,bfs_h3
_24858,aes_sbox_us22,main_sbox,bfs_h2
_24859,aes_key_expand_128_u0/aes_sbox_u2,kexp_sbox,bfs_h5
_24860,aes_key_expand_128_u0/aes_sbox_u2,kexp_sbox,bfs_h4
_24861,aes_sbox_us20,main_sbox,bfs_h5
_24862,aes_sbox_us20,main_sbox,bfs_h4
_24863,aes_sbox_us22,main_sbox,bfs_h4
_24864,aes_sbox_us20,main_sbox,bfs_h5
_24865,aes_key_expand_128_u0/aes_sbox_u2,kexp_sbox,bfs_h4
_24866,aes_key_expand_128_u0/aes_sbox_u2,kexp_sbox,bfs_h3
_24867,aes_key_expand_128_u0/aes_sbox_u2,kexp_sbox,bfs_h4
_24868,aes_sbox_us20,main_sbox,bfs_h5
_24869,aes_key_expand_128_u0/aes_sbox_u2,kexp_sbox,bfs_h4
_24870,aes_sbox_us22,main_sbox,bfs_h5
_24871,aes_key_expand_128_u0,key_expand,bfs_h3
_24872,aes_sbox_us20,main_sbox,bfs_h4
_24873,aes_key_expand_128_u0/aes_sbox_u2,kexp_sbox,bfs_h3
_24874,aes_key_expand_128_u0/aes_sbox_u2,kexp_sbox,bfs_h4
_24875,aes_sbox_us22,main_sbox,bfs_h5
_24876,aes_sbox_us20,main_sbox,bfs_h4
_24877,aes_sbox_us22,main_sbox,bfs_h6
_24878,aes_key_expand_128_u0/aes_sbox_u2,kexp_sbox,bfs_h4
_24879,aes_key_expand_128_u0/aes_sbox_u2,kexp_sbox,bfs_h5
_24880,aes_sbox_us20,main_sbox,bfs_h4
_24881,aes_sbox_us22,main_sbox,bfs_h5
_24882,aes_cipher_top,top,unassigned
_24883,aes_sbox_us20,main_sbox,bfs_h4
_24884,aes_key_expand_128_u0/aes_sbox_u2,kexp_sbox,bfs_h4
_24885,aes_sbox_us20,main_sbox,bfs_h3
_24886,aes_sbox_us20,main_sbox,bfs_h4
_24887,aes_sbox_us22,main_sbox,bfs_h4
_24888,aes_sbox_us22,main_sbox,bfs_h5
_24889,aes_sbox_us22,main_sbox,bfs_h4
_24890,aes_sbox_us22,main_sbox,bfs_h3
_24891,aes_sbox_us20,main_sbox,bfs_h4
_24892,aes_key_expand_128_u0/aes_sbox_u2,kexp_sbox,bfs_h4
_24893,aes_key_expand_128_u0/aes_sbox_u2,kexp_sbox,bfs_h4
_24894,aes_sbox_us22,main_sbox,bfs_h5
_24895,aes_sbox_us22,main_sbox,bfs_h5
_24896,aes_sbox_us20,main_sbox,bfs_h4
_24897,aes_key_expand_128_u0/aes_sbox_u2,kexp_sbox,bfs_h5
_24898,aes_key_expand_128_u0/aes_sbox_u2,kexp_sbox,bfs_h4
_24899,aes_sbox_us20,main_sbox,bfs_h4
_24900,aes_sbox_us22,main_sbox,bfs_h5
_24901,aes_sbox_us22,main_sbox,bfs_h4
_24902,aes_key_expand_128_u0/aes_sbox_u2,kexp_sbox,bfs_h4
_24903,aes_key_expand_128_u0/aes_sbox_u2,kexp_sbox,bfs_h4
_24904,aes_sbox_us20,main_sbox,bfs_h4
_24905,aes_key_expand_128_u0/aes_sbox_u2,kexp_sbox,bfs_h5
_24906,aes_sbox_us22,main_sbox,bfs_h4
_24907,aes_key_expand_128_u0/aes_sbox_u2,kexp_sbox,bfs_h3
_24908,aes_key_expand_128_u0/aes_sbox_u2,kexp_sbox,bfs_h5
_24909,aes_key_expand_128_u0/aes_sbox_u2,kexp_sbox,bfs_h4
_24910,aes_sbox_us22,main_sbox,bfs_h5
_24911,aes_key_expand_128_u0/aes_sbox_u2,kexp_sbox,bfs_h5
_24912,aes_sbox_us22,main_sbox,bfs_h4
_24913,aes_sbox_us22,main_sbox,bfs_h3
_24914,aes_sbox_us22,main_sbox,bfs_h2
_24915,aes_sbox_us22,main_sbox,bfs_h1
_24916,aes_sbox_us22,main_sbox,bfs_h2
_24917,aes_sbox_us22,main_sbox,bfs_h3
_24918,aes_key_expand_128_u0/aes_sbox_u2,kexp_sbox,bfs_h3
_24919,aes_sbox_us22,main_sbox,bfs_h6
_24920,aes_key_expand_128_u0/aes_sbox_u2,kexp_sbox,bfs_h4
_24921,aes_sbox_us22,main_sbox,bfs_h5
_24922,aes_key_expand_128_u0/aes_sbox_u2,kexp_sbox,bfs_h4
_24923,aes_sbox_us22,main_sbox,bfs_h5
_24924,aes_sbox_us22,main_sbox,bfs_h5
_24925,aes_sbox_us22,main_sbox,bfs_h4
_24926,aes_key_expand_128_u0/aes_sbox_u2,kexp_sbox,bfs_h5
_24927,aes_sbox_us22,main_sbox,bfs_h5
_24928,aes_sbox_us22,main_sbox,bfs_h5
_24929,aes_sbox_us22,main_sbox,bfs_h4
_24930,aes_sbox_us22,main_sbox,bfs_h5
_24931,aes_sbox_us22,main_sbox,bfs_h5
_24932,aes_sbox_us22,main_sbox,bfs_h5
_24933,aes_sbox_us22,main_sbox,bfs_h4
_24934,aes_key_expand_128_u0/aes_sbox_u2,kexp_sbox,bfs_h5
_24935,aes_sbox_us20,main_sbox,bfs_h4
_24936,aes_sbox_us20,main_sbox,bfs_h4
_24937,aes_sbox_us20,main_sbox,bfs_h5
_24938,aes_sbox_us20,main_sbox,bfs_h4
_24939,aes_sbox_us22,main_sbox,bfs_h4
_24940,aes_sbox_us22,main_sbox,bfs_h3
_24941,aes_sbox_us22,main_sbox,bfs_h4
_24942,aes_sbox_us20,main_sbox,bfs_h4
_24943,aes_sbox_us20,main_sbox,bfs_h4
_24944,aes_sbox_us22,main_sbox,bfs_h4
_24945,aes_sbox_us20,main_sbox,bfs_h5
_24946,aes_sbox_us22,main_sbox,bfs_h5
_24947,aes_sbox_us22,main_sbox,bfs_h6
_24948,aes_key_expand_128_u0/aes_sbox_u2,kexp_sbox,bfs_h4
_24949,aes_key_expand_128_u0/aes_sbox_u2,kexp_sbox,bfs_h4
_24950,aes_key_expand_128_u0/aes_sbox_u2,kexp_sbox,bfs_h5
_24951,aes_sbox_us22,main_sbox,bfs_h5
_24952,aes_key_expand_128_u0,key_expand,bfs_h3
_24953,aes_sbox_us20,main_sbox,bfs_h4
_24954,aes_sbox_us20,main_sbox,bfs_h4
_24955,aes_sbox_us22,main_sbox,bfs_h5
_24956,aes_sbox_us22,main_sbox,bfs_h5
_24957,aes_sbox_us22,main_sbox,bfs_h4
_24958,aes_sbox_us22,main_sbox,bfs_h3
_24959,aes_sbox_us22,main_sbox,bfs_h2
_24960,aes_key_expand_128_u0/aes_sbox_u2,kexp_sbox,bfs_h4
_24961,aes_sbox_us20,main_sbox,bfs_h4
_24962,aes_sbox_us20,main_sbox,bfs_h5
_24963,aes_sbox_us22,main_sbox,bfs_h5
_24964,aes_sbox_us20,main_sbox,bfs_h4
_24965,aes_sbox_us20,main_sbox,bfs_h4
_24966,aes_key_expand_128_u0/aes_sbox_u2,kexp_sbox,bfs_h5
_24967,aes_sbox_us22,main_sbox,bfs_h5
_24968,aes_sbox_us22,main_sbox,bfs_h4
_24969,aes_key_expand_128_u0/aes_sbox_u2,kexp_sbox,bfs_h4
_24970,aes_key_expand_128_u0/aes_sbox_u2,kexp_sbox,bfs_h5
_24971,aes_sbox_us22,main_sbox,bfs_h5
_24972,aes_key_expand_128_u0/aes_sbox_u2,kexp_sbox,bfs_h5
_24973,aes_key_expand_128_u0/aes_sbox_u2,kexp_sbox,bfs_h5
_24974,aes_sbox_us22,main_sbox,bfs_h5
_24975,aes_sbox_us22,main_sbox,bfs_h4
_24976,aes_sbox_us22,main_sbox,bfs_h4
_24977,aes_sbox_us22,main_sbox,bfs_h3
_24978,aes_sbox_us20,main_sbox,bfs_h4
_24979,aes_sbox_us20,main_sbox,bfs_h4
_24980,aes_sbox_us22,main_sbox,bfs_h6
_24981,aes_sbox_us20,main_sbox,bfs_h4
_24982,aes_sbox_us20,main_sbox,bfs_h4
_24983,aes_sbox_us22,main_sbox,bfs_h5
_24984,aes_key_expand_128_u0/aes_sbox_u2,kexp_sbox,bfs_h5
_24985,aes_sbox_us22,main_sbox,bfs_h5
_24986,aes_sbox_us20,main_sbox,bfs_h4
_24987,aes_sbox_us22,main_sbox,bfs_h6
_24988,aes_sbox_us22,main_sbox,bfs_h6
_24989,aes_sbox_us22,main_sbox,bfs_h5
_24990,aes_sbox_us22,main_sbox,bfs_h4
_24991,aes_key_expand_128_u0/aes_sbox_u2,kexp_sbox,bfs_h5
_24992,aes_sbox_us22,main_sbox,bfs_h4
_24993,aes_sbox_us20,main_sbox,bfs_h4
_24994,aes_key_expand_128_u0/aes_sbox_u2,kexp_sbox,bfs_h5
_24995,aes_sbox_us22,main_sbox,bfs_h4
_24996,aes_sbox_us22,main_sbox,bfs_h3
_24997,aes_sbox_us22,main_sbox,bfs_h3
_24998,aes_sbox_us22,main_sbox,bfs_h2
_24999,aes_sbox_us22,main_sbox,bfs_h1
_25000,aes_sbox_us22,main_sbox,bfs_h6
_25001,aes_key_expand_128_u0/aes_sbox_u2,kexp_sbox,bfs_h4
_25002,aes_sbox_us22,main_sbox,bfs_h5
_25003,aes_key_expand_128_u0/aes_sbox_u2,kexp_sbox,bfs_h4
_25004,aes_sbox_us22,main_sbox,bfs_h5
_25005,aes_sbox_us22,main_sbox,bfs_h4
_25006,aes_key_expand_128_u0/aes_sbox_u2,kexp_sbox,bfs_h5
_25007,aes_sbox_us22,main_sbox,bfs_h5
_25008,aes_sbox_us22,main_sbox,bfs_h4
_25009,aes_sbox_us22,main_sbox,bfs_h3
_25010,aes_key_expand_128_u0/aes_sbox_u2,kexp_sbox,bfs_h4
_25011,aes_sbox_us22,main_sbox,bfs_h5
_25012,aes_key_expand_128_u0/aes_sbox_u2,kexp_sbox,bfs_h5
_25013,aes_sbox_us22,main_sbox,bfs_h4
_25014,aes_sbox_us20,main_sbox,bfs_h4
_25015,aes_sbox_us20,main_sbox,bfs_h4
_25016,aes_sbox_us20,main_sbox,bfs_h4
_25017,aes_sbox_us22,main_sbox,bfs_h3
_25018,aes_sbox_us22,main_sbox,bfs_h2
_25019,aes_key_expand_128_u0/aes_sbox_u2,kexp_sbox,bfs_h4
_25020,aes_sbox_us20,main_sbox,bfs_h4
_25021,aes_sbox_us20,main_sbox,bfs_h4
_25022,aes_sbox_us22,main_sbox,bfs_h5
_25023,aes_key_expand_128_u0/aes_sbox_u2,kexp_sbox,bfs_h4
_25024,aes_key_expand_128_u0/aes_sbox_u2,kexp_sbox,bfs_h4
_25025,aes_sbox_us20,main_sbox,bfs_h4
_25026,aes_sbox_us22,main_sbox,bfs_h6
_25027,aes_sbox_us22,main_sbox,bfs_h5
_25028,aes_sbox_us22,main_sbox,bfs_h4
_25029,aes_key_expand_128_u0/aes_sbox_u2,kexp_sbox,bfs_h5
_25030,aes_sbox_us20,main_sbox,bfs_h4
_25031,aes_key_expand_128_u0/aes_sbox_u2,kexp_sbox,bfs_h4
_25032,aes_sbox_us20,main_sbox,bfs_h4
_25033,aes_sbox_us20,main_sbox,bfs_h5
_25034,aes_sbox_us20,main_sbox,bfs_h4
_25035,aes_sbox_us22,main_sbox,bfs_h6
_25036,aes_sbox_us20,main_sbox,bfs_h4
_25037,aes_sbox_us22,main_sbox,bfs_h5
_25038,aes_sbox_us22,main_sbox,bfs_h5
_25039,aes_sbox_us22,main_sbox,bfs_h4
_25040,aes_sbox_us22,main_sbox,bfs_h3
_25041,aes_sbox_us22,main_sbox,bfs_h2
_25042,aes_key_expand_128_u0/aes_sbox_u2,kexp_sbox,bfs_h4
_25043,aes_sbox_us20,main_sbox,bfs_h4
_25044,aes_sbox_us22,main_sbox,bfs_h5
_25045,aes_sbox_us22,main_sbox,bfs_h4
_25046,aes_sbox_us20,main_sbox,bfs_h4
_25047,aes_sbox_us22,main_sbox,bfs_h4
_25048,aes_sbox_us22,main_sbox,bfs_h4
_25049,aes_key_expand_128_u0/aes_sbox_u2,kexp_sbox,bfs_h5
_25050,aes_sbox_us22,main_sbox,bfs_h4
_25051,aes_key_expand_128_u0/aes_sbox_u2,kexp_sbox,bfs_h5
_25052,aes_sbox_us20,main_sbox,bfs_h4
_25053,aes_sbox_us22,main_sbox,bfs_h5
_25054,aes_sbox_us20,main_sbox,bfs_h4
_25055,aes_sbox_us20,main_sbox,bfs_h4
_25056,aes_sbox_us22,main_sbox,bfs_h6
_25057,aes_key_expand_128_u0,key_expand,bfs_h3
_25058,aes_sbox_us22,main_sbox,bfs_h3
_25059,aes_sbox_us22,main_sbox,bfs_h5
_25060,aes_sbox_us20,main_sbox,bfs_h2
_25061,aes_sbox_us20,main_sbox,bfs_h2
_25062,aes_sbox_us20,main_sbox,bfs_h3
_25063,aes_sbox_us20,main_sbox,bfs_h3
_25064,aes_sbox_us20,main_sbox,bfs_h4
_25065,aes_sbox_us20,main_sbox,bfs_h3
_25066,aes_sbox_us20,main_sbox,bfs_h4
_25067,aes_sbox_us22,main_sbox,bfs_h5
_25068,aes_sbox_us22,main_sbox,bfs_h4
_25069,aes_sbox_us20,main_sbox,bfs_h4
_25070,aes_sbox_us22,main_sbox,bfs_h5
_25071,aes_key_expand_128_u0/aes_sbox_u2,kexp_sbox,bfs_h4
_25072,aes_key_expand_128_u0/aes_sbox_u2,kexp_sbox,bfs_h4
_25073,aes_key_expand_128_u0/aes_sbox_u2,kexp_sbox,bfs_h4
_25074,aes_sbox_us22,main_sbox,bfs_h6
_25075,aes_key_expand_128_u0/aes_sbox_u2,kexp_sbox,bfs_h3
_25076,aes_sbox_us20,main_sbox,bfs_h5
_25077,aes_key_expand_128_u0/aes_sbox_u2,kexp_sbox,bfs_h4
_25078,aes_sbox_us20,main_sbox,bfs_h5
_25079,aes_sbox_us22,main_sbox,bfs_h4
_25080,aes_sbox_us22,main_sbox,bfs_h3
_25081,aes_sbox_us22,main_sbox,bfs_h2
_25082,aes_sbox_us22,main_sbox,bfs_h1
_25083,aes_sbox_us22,main_sbox,bfs_h5
_25084,aes_sbox_us20,main_sbox,bfs_h5
_25085,aes_key_expand_128_u0/aes_sbox_u2,kexp_sbox,bfs_h5
_25086,aes_sbox_us22,main_sbox,bfs_h4
_25087,aes_key_expand_128_u0/aes_sbox_u2,kexp_sbox,bfs_h4
_25088,aes_sbox_us22,main_sbox,bfs_h4
_25089,aes_sbox_us22,main_sbox,bfs_h3
_25090,aes_key_expand_128_u0/aes_sbox_u2,kexp_sbox,bfs_h5
_25091,aes_key_expand_128_u0/aes_sbox_u2,kexp_sbox,bfs_h5
_25092,aes_sbox_us22,main_sbox,bfs_h4
_25093,aes_sbox_us22,main_sbox,bfs_h5
_25094,aes_key_expand_128_u0/aes_sbox_u2,kexp_sbox,bfs_h4
_25095,aes_sbox_us22,main_sbox,bfs_h4
_25096,aes_sbox_us22,main_sbox,bfs_h3
_25097,aes_sbox_us22,main_sbox,bfs_h2
_25098,aes_sbox_us22,main_sbox,bfs_h4
_25099,aes_key_expand_128_u0/aes_sbox_u2,kexp_sbox,bfs_h4
_25100,aes_sbox_us22,main_sbox,bfs_h5
_25101,aes_sbox_us22,main_sbox,bfs_h4
_25102,aes_sbox_us22,main_sbox,bfs_h3
_25103,aes_key_expand_128_u0/aes_sbox_u2,kexp_sbox,bfs_h5
_25104,aes_sbox_us22,main_sbox,bfs_h5
_25105,aes_sbox_us22,main_sbox,bfs_h4
_25106,aes_sbox_us20,main_sbox,bfs_h4
_25107,aes_key_expand_128_u0/aes_sbox_u2,kexp_sbox,bfs_h4
_25108,aes_sbox_us22,main_sbox,bfs_h5
_25109,aes_sbox_us22,main_sbox,bfs_h4
_25110,aes_sbox_us22,main_sbox,bfs_h3
_25111,aes_sbox_us22,main_sbox,bfs_h2
_25112,aes_key_expand_128_u0/aes_sbox_u2,kexp_sbox,bfs_h5
_25113,aes_sbox_us20,main_sbox,bfs_h5
_25114,aes_sbox_us22,main_sbox,bfs_h5
_25115,aes_sbox_us22,main_sbox,bfs_h5
_25116,aes_sbox_us22,main_sbox,bfs_h6
_25117,aes_key_expand_128_u0,key_expand,bfs_h3
_25118,aes_sbox_us20,main_sbox,bfs_h4
_25119,aes_sbox_us22,main_sbox,bfs_h5
_25120,aes_key_expand_128_u0/aes_sbox_u2,kexp_sbox,bfs_h5
_25121,aes_sbox_us22,main_sbox,bfs_h5
_25122,aes_sbox_us22,main_sbox,bfs_h5
_25123,aes_sbox_us22,main_sbox,bfs_h4
_25124,aes_sbox_us22,main_sbox,bfs_h3
_25125,aes_sbox_us22,main_sbox,bfs_h5
_25126,aes_key_expand_128_u0/aes_sbox_u2,kexp_sbox,bfs_h3
_25127,aes_key_expand_128_u0/aes_sbox_u2,kexp_sbox,bfs_h4
_25128,aes_key_expand_128_u0/aes_sbox_u2,kexp_sbox,bfs_h4
_25129,aes_sbox_us22,main_sbox,bfs_h5
_25130,aes_sbox_us22,main_sbox,bfs_h4
_25131,aes_sbox_us20,main_sbox,bfs_h4
_25132,aes_sbox_us22,main_sbox,bfs_h5
_25133,aes_key_expand_128_u0/aes_sbox_u2,kexp_sbox,bfs_h4
_25134,aes_key_expand_128_u0/aes_sbox_u2,kexp_sbox,bfs_h5
_25135,aes_sbox_us20,main_sbox,bfs_h5
_25136,aes_sbox_us22,main_sbox,bfs_h5
_25137,aes_sbox_us22,main_sbox,bfs_h4
_25138,aes_sbox_us22,main_sbox,bfs_h3
_25139,aes_sbox_us22,main_sbox,bfs_h2
_25140,aes_sbox_us22,main_sbox,bfs_h1
_25141,aes_sbox_us22,main_sbox,bfs_h4
_25142,aes_sbox_us20,main_sbox,bfs_h5
_25143,aes_sbox_us22,main_sbox,bfs_h4
_25144,aes_sbox_us22,main_sbox,bfs_h3
_25145,aes_sbox_us22,main_sbox,bfs_h3
_25146,aes_sbox_us20,main_sbox,bfs_h4
_25147,aes_key_expand_128_u0/aes_sbox_u2,kexp_sbox,bfs_h4
_25148,aes_sbox_us22,main_sbox,bfs_h4
_25149,aes_sbox_us22,main_sbox,bfs_h5
_25150,aes_sbox_us20,main_sbox,bfs_h4
_25151,aes_sbox_us20,main_sbox,bfs_h5
_25152,aes_sbox_us22,main_sbox,bfs_h4
_25153,aes_sbox_us22,main_sbox,bfs_h3
_25154,aes_sbox_us22,main_sbox,bfs_h2
_25155,aes_sbox_us20,main_sbox,bfs_h5
_25156,aes_sbox_us22,main_sbox,bfs_h4
_25157,aes_sbox_us22,main_sbox,bfs_h5
_25158,aes_key_expand_128_u0/aes_sbox_u2,kexp_sbox,bfs_h4
_25159,aes_key_expand_128_u0/aes_sbox_u2,kexp_sbox,bfs_h5
_25160,aes_sbox_us22,main_sbox,bfs_h4
_25161,aes_sbox_us20,main_sbox,bfs_h4
_25162,aes_key_expand_128_u0/aes_sbox_u2,kexp_sbox,bfs_h4
_25163,aes_sbox_us22,main_sbox,bfs_h5
_25164,aes_key_expand_128_u0/aes_sbox_u2,kexp_sbox,bfs_h4
_25165,aes_sbox_us20,main_sbox,bfs_h4
_25166,aes_sbox_us22,main_sbox,bfs_h5
_25167,aes_sbox_us22,main_sbox,bfs_h4
_25168,aes_sbox_us22,main_sbox,bfs_h3
_25169,aes_sbox_us22,main_sbox,bfs_h2
_25170,aes_sbox_us20,main_sbox,bfs_h5
_25171,aes_sbox_us22,main_sbox,bfs_h4
_25172,aes_key_expand_128_u0/aes_sbox_u2,kexp_sbox,bfs_h4
_25173,aes_key_expand_128_u0/aes_sbox_u2,kexp_sbox,bfs_h5
_25174,aes_sbox_us22,main_sbox,bfs_h4
_25175,aes_sbox_us22,main_sbox,bfs_h3
_25176,aes_key_expand_128_u0/aes_sbox_u2,kexp_sbox,bfs_h5
_25177,aes_sbox_us20,main_sbox,bfs_h4
_25178,aes_sbox_us22,main_sbox,bfs_h5
_25179,aes_key_expand_128_u0,key_expand,bfs_h3
_25180,aes_key_expand_128_u0/aes_sbox_u2,kexp_sbox,bfs_h5
_25181,aes_sbox_us22,main_sbox,bfs_h4
_25182,aes_sbox_us22,main_sbox,bfs_h3
_25183,aes_key_expand_128_u0/aes_sbox_u2,kexp_sbox,bfs_h5
_25184,aes_sbox_us22,main_sbox,bfs_h4
_25185,aes_sbox_us20,main_sbox,bfs_h4
_25186,aes_key_expand_128_u0/aes_sbox_u2,kexp_sbox,bfs_h4
_25187,aes_sbox_us22,main_sbox,bfs_h4
_25188,aes_sbox_us22,main_sbox,bfs_h3
_25189,aes_sbox_us22,main_sbox,bfs_h4
_25190,aes_sbox_us20,main_sbox,bfs_h4
_25191,aes_key_expand_128_u0/aes_sbox_u2,kexp_sbox,bfs_h4
_25192,aes_key_expand_128_u0,key_expand,bfs_h3
_25193,aes_sbox_us22,main_sbox,bfs_h3
_25194,aes_sbox_us22,main_sbox,bfs_h2
_25195,aes_sbox_us22,main_sbox,bfs_h2
_25196,aes_sbox_us22,main_sbox,bfs_h1
_25197,aes_sbox_us22,main_sbox,bfs_h5
_25198,aes_sbox_us22,main_sbox,bfs_h4
_25199,aes_sbox_us20,main_sbox,bfs_h5
_25200,aes_sbox_us22,main_sbox,bfs_h5
_25201,aes_sbox_us22,main_sbox,bfs_h4
_25202,aes_sbox_us22,main_sbox,bfs_h3
_25203,aes_key_expand_128_u0/aes_sbox_u2,kexp_sbox,bfs_h5
_25204,aes_sbox_us22,main_sbox,bfs_h4
_25205,aes_sbox_us20,main_sbox,bfs_h5
_25206,aes_key_expand_128_u0/aes_sbox_u2,kexp_sbox,bfs_h5
_25207,aes_sbox_us22,main_sbox,bfs_h4
_25208,aes_sbox_us22,main_sbox,bfs_h3
_25209,aes_sbox_us22,main_sbox,bfs_h2
_25210,aes_key_expand_128_u0/aes_sbox_u2,kexp_sbox,bfs_h4
_25211,aes_sbox_us22,main_sbox,bfs_h4
_25212,aes_key_expand_128_u0/aes_sbox_u2,kexp_sbox,bfs_h4
_25213,aes_sbox_us22,main_sbox,bfs_h4
_25214,aes_sbox_us22,main_sbox,bfs_h3
_25215,aes_key_expand_128_u0/aes_sbox_u2,kexp_sbox,bfs_h4
_25216,aes_sbox_us22,main_sbox,bfs_h4
_25217,aes_sbox_us22,main_sbox,bfs_h5
_25218,aes_sbox_us22,main_sbox,bfs_h4
_25219,aes_sbox_us22,main_sbox,bfs_h3
_25220,aes_sbox_us22,main_sbox,bfs_h2
_25221,aes_sbox_us22,main_sbox,bfs_h5
_25222,aes_sbox_us22,main_sbox,bfs_h4
_25223,aes_sbox_us20,main_sbox,bfs_h4
_25224,aes_sbox_us22,main_sbox,bfs_h4
_25225,aes_sbox_us22,main_sbox,bfs_h3
_25226,aes_key_expand_128_u0/aes_sbox_u2,kexp_sbox,bfs_h5
_25227,aes_sbox_us22,main_sbox,bfs_h4
_25228,aes_sbox_us20,main_sbox,bfs_h5
_25229,aes_sbox_us22,main_sbox,bfs_h5
_25230,aes_sbox_us22,main_sbox,bfs_h4
_25231,aes_sbox_us22,main_sbox,bfs_h3
_25232,aes_key_expand_128_u0/aes_sbox_u2,kexp_sbox,bfs_h4
_25233,aes_key_expand_128_u0/aes_sbox_u2,kexp_sbox,bfs_h5
_25234,aes_sbox_us22,main_sbox,bfs_h4
_25235,aes_sbox_us20,main_sbox,bfs_h4
_25236,aes_key_expand_128_u0/aes_sbox_u2,kexp_sbox,bfs_h5
_25237,aes_sbox_us22,main_sbox,bfs_h4
_25238,aes_sbox_us22,main_sbox,bfs_h3
_25239,aes_key_expand_128_u0/aes_sbox_u2,kexp_sbox,bfs_h5
_25240,aes_sbox_us20,main_sbox,bfs_h4
_25241,aes_sbox_us22,main_sbox,bfs_h4
_25242,aes_sbox_us22,main_sbox,bfs_h3
_25243,aes_sbox_us22,main_sbox,bfs_h2
_25244,aes_sbox_us22,main_sbox,bfs_h2
_25245,aes_sbox_us22,main_sbox,bfs_h1
_25246,aes_sbox_us20,main_sbox,bfs_h4
_25247,aes_key_expand_128_u0/aes_sbox_u2,kexp_sbox,bfs_h5
_25248,aes_sbox_us20,main_sbox,bfs_h4
_25249,aes_sbox_us22,main_sbox,bfs_h5
_25250,aes_sbox_us22,main_sbox,bfs_h4
_25251,aes_sbox_us22,main_sbox,bfs_h5
_25252,aes_sbox_us20,main_sbox,bfs_h5
_25253,aes_sbox_us20,main_sbox,bfs_h5
_25254,aes_sbox_us22,main_sbox,bfs_h4
_25255,aes_sbox_us22,main_sbox,bfs_h3
_25256,aes_key_expand_128_u0/aes_sbox_u2,kexp_sbox,bfs_h3
_25257,aes_key_expand_128_u0/aes_sbox_u2,kexp_sbox,bfs_h4
_25258,aes_sbox_us20,main_sbox,bfs_h4
_25259,aes_sbox_us22,main_sbox,bfs_h4
_25260,aes_key_expand_128_u0/aes_sbox_u2,kexp_sbox,bfs_h4
_25261,aes_key_expand_128_u0/aes_sbox_u2,kexp_sbox,bfs_h5
_25262,aes_sbox_us22,main_sbox,bfs_h4
_25263,aes_sbox_us22,main_sbox,bfs_h3
_25264,aes_sbox_us22,main_sbox,bfs_h2
_25265,aes_sbox_us22,main_sbox,bfs_h5
_25266,aes_sbox_us22,main_sbox,bfs_h5
_25267,aes_sbox_us22,main_sbox,bfs_h4
_25268,aes_sbox_us22,main_sbox,bfs_h5
_25269,aes_key_expand_128_u0/aes_sbox_u2,kexp_sbox,bfs_h4
_25270,aes_sbox_us22,main_sbox,bfs_h5
_25271,aes_sbox_us22,main_sbox,bfs_h4
_25272,aes_sbox_us22,main_sbox,bfs_h3
_25273,aes_sbox_us22,main_sbox,bfs_h5
_25274,aes_sbox_us20,main_sbox,bfs_h4
_25275,aes_sbox_us22,main_sbox,bfs_h5
_25276,aes_key_expand_128_u0/aes_sbox_u2,kexp_sbox,bfs_h5
_25277,aes_sbox_us22,main_sbox,bfs_h5
_25278,aes_sbox_us22,main_sbox,bfs_h4
_25279,aes_sbox_us22,main_sbox,bfs_h3
_25280,aes_sbox_us22,main_sbox,bfs_h2
_25281,aes_sbox_us22,main_sbox,bfs_h4
_25282,aes_sbox_us20,main_sbox,bfs_h4
_25283,aes_key_expand_128_u0/aes_sbox_u2,kexp_sbox,bfs_h5
_25284,aes_sbox_us22,main_sbox,bfs_h4
_25285,aes_sbox_us22,main_sbox,bfs_h3
_25286,aes_sbox_us20,main_sbox,bfs_h3
_25287,aes_sbox_us22,main_sbox,bfs_h5
_25288,aes_sbox_us22,main_sbox,bfs_h4
_25289,aes_sbox_us22,main_sbox,bfs_h5
_25290,aes_sbox_us22,main_sbox,bfs_h5
_25291,aes_sbox_us22,main_sbox,bfs_h4
_25292,aes_sbox_us22,main_sbox,bfs_h3
_25293,aes_sbox_us22,main_sbox,bfs_h2
_25294,aes_key_expand_128_u0/aes_sbox_u2,kexp_sbox,bfs_h4
_25295,aes_sbox_us22,main_sbox,bfs_h4
_25296,aes_key_expand_128_u0/aes_sbox_u2,kexp_sbox,bfs_h5
_25297,aes_sbox_us22,main_sbox,bfs_h4
_25298,aes_sbox_us22,main_sbox,bfs_h3
_25299,aes_sbox_us22,main_sbox,bfs_h4
_25300,aes_sbox_us22,main_sbox,bfs_h5
_25301,aes_sbox_us22,main_sbox,bfs_h4
_25302,aes_sbox_us22,main_sbox,bfs_h3
_25303,aes_sbox_us22,main_sbox,bfs_h2
_25304,aes_sbox_us22,main_sbox,bfs_h1
_25305,aes_sbox_us22,main_sbox,bfs_h5
_25306,aes_key_expand_128_u0/aes_sbox_u2,kexp_sbox,bfs_h5
_25307,aes_sbox_us22,main_sbox,bfs_h5
_25308,aes_sbox_us22,main_sbox,bfs_h4
_25309,aes_sbox_us22,main_sbox,bfs_h5
_25310,aes_sbox_us22,main_sbox,bfs_h6
_25311,aes_sbox_us20,main_sbox,bfs_h4
_25312,aes_sbox_us20,main_sbox,bfs_h4
_25313,aes_sbox_us22,main_sbox,bfs_h5
_25314,aes_key_expand_128_u0,key_expand,bfs_h3
_25315,aes_sbox_us22,main_sbox,bfs_h3
_25316,aes_sbox_us20,main_sbox,bfs_h4
_25317,aes_sbox_us20,main_sbox,bfs_h5
_25318,aes_sbox_us22,main_sbox,bfs_h5
_25319,aes_sbox_us22,main_sbox,bfs_h4
_25320,aes_sbox_us22,main_sbox,bfs_h5
_25321,aes_sbox_us22,main_sbox,bfs_h6
_25322,aes_key_expand_128_u0/aes_sbox_u2,kexp_sbox,bfs_h5
_25323,aes_sbox_us22,main_sbox,bfs_h4
_25324,aes_sbox_us22,main_sbox,bfs_h3
_25325,aes_key_expand_128_u0/aes_sbox_u2,kexp_sbox,bfs_h5
_25326,aes_sbox_us22,main_sbox,bfs_h4
_25327,aes_sbox_us20,main_sbox,bfs_h4
_25328,aes_sbox_us22,main_sbox,bfs_h5
_25329,aes_sbox_us22,main_sbox,bfs_h4
_25330,aes_sbox_us22,main_sbox,bfs_h3
_25331,aes_sbox_us22,main_sbox,bfs_h2
_25332,aes_sbox_us22,main_sbox,bfs_h2
_25333,aes_key_expand_128_u0/aes_sbox_u2,kexp_sbox,bfs_h5
_25334,aes_key_expand_128_u0/aes_sbox_u2,kexp_sbox,bfs_h5
_25335,aes_sbox_us22,main_sbox,bfs_h5
_25336,aes_sbox_us20,main_sbox,bfs_h5
_25337,aes_sbox_us22,main_sbox,bfs_h5
_25338,aes_sbox_us22,main_sbox,bfs_h4
_25339,aes_sbox_us20,main_sbox,bfs_h4
_25340,aes_sbox_us22,main_sbox,bfs_h5
_25341,aes_key_expand_128_u0/aes_sbox_u2,kexp_sbox,bfs_h5
_25342,aes_key_expand_128_u0/aes_sbox_u2,kexp_sbox,bfs_h5
_25343,aes_sbox_us22,main_sbox,bfs_h5
_25344,aes_sbox_us22,main_sbox,bfs_h4
_25345,aes_sbox_us22,main_sbox,bfs_h3
_25346,aes_key_expand_128_u0/aes_sbox_u2,kexp_sbox,bfs_h5
_25347,aes_sbox_us20,main_sbox,bfs_h5
_25348,aes_key_expand_128_u0/aes_sbox_u2,kexp_sbox,bfs_h5
_25349,aes_sbox_us22,main_sbox,bfs_h5
_25350,aes_sbox_us22,main_sbox,bfs_h4
_25351,aes_sbox_us20,main_sbox,bfs_h3
_25352,aes_key_expand_128_u0/aes_sbox_u2,kexp_sbox,bfs_h4
_25353,aes_sbox_us20,main_sbox,bfs_h4
_25354,aes_sbox_us22,main_sbox,bfs_h5
_25355,aes_sbox_us22,main_sbox,bfs_h4
_25356,aes_sbox_us22,main_sbox,bfs_h3
_25357,aes_sbox_us22,main_sbox,bfs_h2
_25358,aes_sbox_us22,main_sbox,bfs_h1
_25359,aes_cipher_top,top,bfs_h2
_25360,aes_sbox_us31,main_sbox,bfs_h2
_25361,aes_sbox_us21,main_sbox,bfs_h2
_25362,aes_sbox_us11,main_sbox,bfs_h3
_25363,aes_sbox_us11,main_sbox,bfs_h2
_25364,aes_sbox_us11,main_sbox,bfs_h3
_25365,aes_sbox_us21,main_sbox,bfs_h2
_25366,aes_sbox_us11,main_sbox,bfs_h2
_25367,aes_sbox_us11,main_sbox,bfs_h3
_25368,aes_cipher_top,top,bfs_h3
_25369,aes_key_expand_128_u0,key_expand,bfs_h2
_25370,aes_cipher_top,top,bfs_h2
_25371,aes_sbox_us11,main_sbox,bfs_h3
_25372,aes_sbox_us11,main_sbox,bfs_h3
_25373,aes_cipher_top,top,bfs_h3
_25374,aes_key_expand_128_u0/aes_sbox_u2,kexp_sbox,bfs_h3
_25375,aes_sbox_us21,main_sbox,bfs_h4
_25376,aes_cipher_top,top,bfs_h2
_25377,aes_sbox_us21,main_sbox,bfs_h2
_25378,aes_sbox_us11,main_sbox,bfs_h1
_25379,aes_sbox_us11,main_sbox,bfs_h2
_25380,aes_sbox_us11,main_sbox,bfs_h2
_25381,aes_sbox_us11,main_sbox,bfs_h3
_25382,aes_sbox_us11,main_sbox,bfs_h3
_25383,aes_sbox_us21,main_sbox,bfs_h2
_25384,aes_sbox_us21,main_sbox,bfs_h3
_25385,aes_cipher_top,top,bfs_h3
_25386,aes_sbox_us21,main_sbox,bfs_h3
_25387,aes_sbox_us21,main_sbox,bfs_h2
_25388,aes_sbox_us21,main_sbox,bfs_h2
_25389,aes_sbox_us21,main_sbox,bfs_h3
_25390,aes_sbox_us21,main_sbox,bfs_h3
_25391,aes_sbox_us21,main_sbox,bfs_h3
_25392,aes_sbox_us21,main_sbox,bfs_h4
_25393,aes_cipher_top,top,bfs_h2
_25394,aes_cipher_top,top,bfs_h3
_25395,aes_sbox_us01,main_sbox,bfs_h2
_25396,aes_sbox_us21,main_sbox,bfs_h2
_25397,aes_sbox_us01,main_sbox,bfs_h3
_25398,aes_sbox_us31,main_sbox,bfs_h2
_25399,aes_sbox_us21,main_sbox,bfs_h2
_25400,aes_sbox_us21,main_sbox,bfs_h2
_25401,aes_sbox_us21,main_sbox,bfs_h3
_25402,aes_cipher_top,top,bfs_h4
_25403,aes_cipher_top,top,bfs_h3
_25404,aes_cipher_top,top,bfs_h3
_25405,aes_cipher_top,top,bfs_h4
_25406,aes_cipher_top,top,bfs_h2
_25407,aes_sbox_us01,main_sbox,bfs_h3
_25408,aes_sbox_us21,main_sbox,bfs_h2
_25409,aes_sbox_us21,main_sbox,bfs_h3
_25410,aes_cipher_top,top,bfs_h3
_25411,aes_cipher_top,top,bfs_h3
_25412,aes_cipher_top,top,bfs_h4
_25413,aes_cipher_top,top,bfs_h5
_25414,aes_sbox_us21,main_sbox,bfs_h4
_25415,aes_sbox_us21,main_sbox,bfs_h5
_25416,aes_cipher_top,top,bfs_h3
_25417,aes_cipher_top,top,bfs_h3
_25418,aes_cipher_top,top,bfs_h4
_25419,aes_cipher_top,top,bfs_h5
_25420,aes_sbox_us21,main_sbox,bfs_h4
_25421,aes_sbox_us21,main_sbox,bfs_h5
_25422,aes_sbox_us21,main_sbox,bfs_h3
_25423,aes_sbox_us21,main_sbox,bfs_h2
_25424,aes_sbox_us21,main_sbox,bfs_h3
_25425,aes_sbox_us31,main_sbox,bfs_h1
_25426,aes_sbox_us31,main_sbox,bfs_h2
_25427,aes_sbox_us01,main_sbox,bfs_h1
_25428,aes_sbox_us01,main_sbox,bfs_h2
_25429,aes_sbox_us31,main_sbox,bfs_h2
_25430,aes_sbox_us31,main_sbox,bfs_h1
_25431,aes_sbox_us01,main_sbox,bfs_h2
_25432,aes_sbox_us31,main_sbox,bfs_h2
_25433,aes_cipher_top,top,bfs_h2
_25434,aes_key_expand_128_u0,key_expand,bfs_h3
_25435,aes_key_expand_128_u0,key_expand,bfs_h2
_25436,aes_key_expand_128_u0,key_expand,bfs_h3
_25437,aes_sbox_us21,main_sbox,bfs_h4
_25438,aes_sbox_us21,main_sbox,bfs_h5
_25439,aes_sbox_us21,main_sbox,bfs_h4
_25440,aes_key_expand_128_u0,key_expand,bfs_h2
_25441,aes_key_expand_128_u0,key_expand,bfs_h3
_25442,aes_sbox_us21,main_sbox,bfs_h5
_25443,aes_sbox_us21,main_sbox,bfs_h5
_25444,aes_sbox_us31,main_sbox,bfs_h1
_25445,aes_sbox_us01,main_sbox,bfs_h2
_25446,aes_sbox_us31,main_sbox,bfs_h2
_25447,aes_sbox_us31,main_sbox,bfs_h2
_25448,aes_cipher_top,top,bfs_h2
_25449,aes_sbox_us31,main_sbox,bfs_h3
_25450,aes_key_expand_128_u0,key_expand,bfs_h2
_25451,aes_key_expand_128_u0,key_expand,bfs_h3
_25452,aes_sbox_us23,main_sbox,bfs_h5
_25453,aes_sbox_us23,main_sbox,bfs_h4
_25454,aes_sbox_us23,main_sbox,bfs_h4
_25455,aes_cipher_top,top,bfs_h4
_25456,aes_cipher_top,top,bfs_h3
_25457,aes_cipher_top,top,bfs_h3
_25458,aes_cipher_top,top,bfs_h3
_25459,aes_cipher_top,top,bfs_h5
_25460,aes_cipher_top,top,bfs_h4
_25461,aes_sbox_us21,main_sbox,bfs_h5
_25462,aes_cipher_top,top,bfs_h4
_25463,aes_cipher_top,top,bfs_h5
_25464,aes_sbox_us21,main_sbox,bfs_h5
_25465,aes_cipher_top,top,bfs_h4
_25466,aes_cipher_top,top,bfs_h5
_25467,aes_sbox_us21,main_sbox,bfs_h5
_25468,aes_key_expand_128_u0,key_expand,bfs_h3
_25469,aes_sbox_us23,main_sbox,bfs_h5
_25470,aes_sbox_us23,main_sbox,bfs_h4
_25471,aes_sbox_us21,main_sbox,bfs_h2
_25472,aes_sbox_us01,main_sbox,bfs_h2
_25473,aes_sbox_us01,main_sbox,bfs_h3
_25474,aes_sbox_us01,main_sbox,bfs_h3
_25475,aes_cipher_top,top,bfs_h3
_25476,aes_cipher_top,top,bfs_h2
_25477,aes_key_expand_128_u0,key_expand,bfs_h3
_25478,aes_key_expand_128_u0,key_expand,bfs_h2
_25479,aes_key_expand_128_u0,key_expand,bfs_h2
_25480,aes_key_expand_128_u0,key_expand,bfs_h3
_25481,aes_sbox_us23,main_sbox,bfs_h5
_25482,aes_sbox_us23,main_sbox,bfs_h4
_25483,aes_sbox_us23,main_sbox,bfs_h3
_25484,aes_sbox_us21,main_sbox,bfs_h2
_25485,aes_sbox_us01,main_sbox,bfs_h3
_25486,aes_cipher_top,top,bfs_h2
_25487,aes_cipher_top,top,bfs_h3
_25488,aes_key_expand_128_u0,key_expand,bfs_h2
_25489,aes_sbox_us21,main_sbox,bfs_h5
_25490,aes_sbox_us21,main_sbox,bfs_h5
_25491,aes_sbox_us23,main_sbox,bfs_h5
_25492,aes_cipher_top,top,bfs_h4
_25493,aes_key_expand_128_u0,key_expand,bfs_h3
_25494,aes_sbox_us21,main_sbox,bfs_h5
_25495,aes_key_expand_128_u0,key_expand,bfs_h3
_25496,aes_sbox_us23,main_sbox,bfs_h5
_25497,aes_cipher_top,top,bfs_h5
_25498,aes_cipher_top,top,bfs_h4
_25499,aes_cipher_top,top,bfs_h4
_25500,aes_cipher_top,top,bfs_h5
_25501,aes_cipher_top,top,bfs_h5
_25502,aes_cipher_top,top,bfs_h5
_25503,aes_cipher_top,top,bfs_h4
_25505,aes_cipher_top,top,bfs_h6
_25506,aes_cipher_top,top,bfs_h5
_25507,aes_sbox_us23,main_sbox,bfs_h5
_25508,aes_sbox_us23,main_sbox,bfs_h5
_25509,aes_sbox_us23,main_sbox,bfs_h4
_25510,aes_sbox_us23,main_sbox,bfs_h4
_25511,aes_sbox_us23,main_sbox,bfs_h3
_25512,aes_sbox_us23,main_sbox,bfs_h2
_25513,aes_cipher_top,top,bfs_h4
_25514,aes_cipher_top,top,bfs_h5
_25515,aes_cipher_top,top,bfs_h5
_25516,aes_sbox_us21,main_sbox,bfs_h4
_25517,aes_sbox_us23,main_sbox,bfs_h4
_25518,aes_cipher_top,top,bfs_h5
_25519,aes_cipher_top,top,bfs_h4
_25520,aes_sbox_us21,main_sbox,bfs_h5
_25521,aes_key_expand_128_u0,key_expand,bfs_h3
_25522,aes_cipher_top,top,bfs_h5
_25523,aes_cipher_top,top,bfs_h4
_25524,aes_cipher_top,top,bfs_h4
_25525,aes_sbox_us23,main_sbox,bfs_h5
_25526,aes_sbox_us23,main_sbox,bfs_h4
_25527,aes_cipher_top,top,bfs_h4
_25528,aes_key_expand_128_u0,key_expand,bfs_h3
_25529,aes_cipher_top,top,bfs_h6
_25530,aes_sbox_us23,main_sbox,bfs_h5
_25531,aes_sbox_us23,main_sbox,bfs_h4
_25532,aes_sbox_us23,main_sbox,bfs_h3
_25533,aes_cipher_top,top,bfs_h5
_25534,aes_sbox_us21,main_sbox,bfs_h5
_25535,aes_sbox_us23,main_sbox,bfs_h4
_25536,aes_cipher_top,top,bfs_h5
_25537,aes_cipher_top,top,bfs_h4
_25538,aes_sbox_us21,main_sbox,bfs_h5
_25539,aes_cipher_top,top,bfs_h5
_25540,aes_sbox_us23,main_sbox,bfs_h5
_25541,aes_sbox_us23,main_sbox,bfs_h4
_25542,aes_sbox_us23,main_sbox,bfs_h3
_25543,aes_sbox_us23,main_sbox,bfs_h5
_25544,aes_sbox_us23,main_sbox,bfs_h4
_25545,aes_sbox_us23,main_sbox,bfs_h5
_25546,aes_cipher_top,top,bfs_h5
_25547,aes_sbox_us23,main_sbox,bfs_h4
_25548,aes_sbox_us23,main_sbox,bfs_h5
_25549,aes_sbox_us23,main_sbox,bfs_h4
_25550,aes_sbox_us23,main_sbox,bfs_h3
_25551,aes_sbox_us23,main_sbox,bfs_h3
_25552,aes_sbox_us23,main_sbox,bfs_h2
_25553,aes_sbox_us23,main_sbox,bfs_h2
_25554,aes_sbox_us31,main_sbox,bfs_h1
_25555,aes_sbox_us21,main_sbox,bfs_h1
_25556,aes_sbox_us01,main_sbox,bfs_h2
_25557,aes_cipher_top,top,bfs_h2
_25558,aes_cipher_top,top,bfs_h3
_25559,aes_key_expand_128_u0,key_expand,bfs_h2
_25560,aes_sbox_us23,main_sbox,bfs_h3
_25561,aes_sbox_us23,main_sbox,bfs_h2
_25562,aes_sbox_us23,main_sbox,bfs_h5
_25563,aes_cipher_top,top,bfs_h5
_25564,aes_sbox_us23,main_sbox,bfs_h5
_25565,aes_sbox_us21,main_sbox,bfs_h5
_25566,aes_sbox_us23,main_sbox,bfs_h5
_25567,aes_key_expand_128_u0,key_expand,bfs_h3
_25568,aes_sbox_us23,main_sbox,bfs_h4
_25569,aes_sbox_us23,main_sbox,bfs_h4
_25570,aes_cipher_top,top,bfs_h5
_25571,aes_cipher_top,top,bfs_h5
_25572,aes_sbox_us23,main_sbox,bfs_h6
_25573,aes_sbox_us23,main_sbox,bfs_h5
_25574,aes_sbox_us23,main_sbox,bfs_h5
_25575,aes_sbox_us21,main_sbox,bfs_h5
_25576,aes_cipher_top,top,bfs_h5
_25577,aes_sbox_us23,main_sbox,bfs_h5
_25578,aes_sbox_us23,main_sbox,bfs_h5
_25579,aes_sbox_us23,main_sbox,bfs_h4
_25580,aes_sbox_us23,main_sbox,bfs_h3
_25581,aes_sbox_us21,main_sbox,bfs_h4
_25582,aes_key_expand_128_u0,key_expand,bfs_h3
_25583,aes_sbox_us23,main_sbox,bfs_h5
_25584,aes_sbox_us23,main_sbox,bfs_h5
_25585,aes_sbox_us23,main_sbox,bfs_h4
_25586,aes_sbox_us21,main_sbox,bfs_h4
_25587,aes_sbox_us21,main_sbox,bfs_h5
_25588,aes_sbox_us21,main_sbox,bfs_h5
_25589,aes_sbox_us21,main_sbox,bfs_h5
_25590,aes_sbox_us23,main_sbox,bfs_h5
_25591,aes_sbox_us23,main_sbox,bfs_h4
_25592,aes_sbox_us23,main_sbox,bfs_h3
_25593,aes_key_expand_128_u0,key_expand,bfs_h3
_25594,aes_sbox_us23,main_sbox,bfs_h3
_25595,aes_sbox_us23,main_sbox,bfs_h2
_25596,aes_sbox_us23,main_sbox,bfs_h5
_25597,aes_sbox_us23,main_sbox,bfs_h5
_25598,aes_sbox_us23,main_sbox,bfs_h5
_25599,aes_sbox_us23,main_sbox,bfs_h4
_25600,aes_sbox_us21,main_sbox,bfs_h5
_25601,aes_cipher_top,top,bfs_h5
_25602,aes_sbox_us23,main_sbox,bfs_h5
_25603,aes_cipher_top,top,bfs_h5
_25604,aes_sbox_us21,main_sbox,bfs_h5
_25605,aes_key_expand_128_u0,key_expand,bfs_h3
_25606,aes_sbox_us23,main_sbox,bfs_h5
_25607,aes_sbox_us23,main_sbox,bfs_h4
_25608,aes_sbox_us23,main_sbox,bfs_h3
_25609,aes_sbox_us23,main_sbox,bfs_h4
_25610,aes_cipher_top,top,bfs_h4
_25611,aes_cipher_top,top,bfs_h5
_25612,aes_sbox_us23,main_sbox,bfs_h5
_25613,aes_cipher_top,top,bfs_h5
_25614,aes_sbox_us23,main_sbox,bfs_h4
_25615,aes_sbox_us23,main_sbox,bfs_h5
_25616,aes_sbox_us23,main_sbox,bfs_h4
_25617,aes_sbox_us23,main_sbox,bfs_h3
_25618,aes_sbox_us23,main_sbox,bfs_h2
_25619,aes_sbox_us23,main_sbox,bfs_h1
_25620,aes_sbox_us21,main_sbox,bfs_h5
_25621,aes_sbox_us23,main_sbox,bfs_h5
_25622,aes_cipher_top,top,bfs_h5
_25623,aes_cipher_top,top,bfs_h4
_25624,aes_cipher_top,top,bfs_h5
_25625,aes_sbox_us23,main_sbox,bfs_h5
_25626,aes_sbox_us23,main_sbox,bfs_h4
_25627,aes_sbox_us23,main_sbox,bfs_h5
_25628,aes_sbox_us23,main_sbox,bfs_h5
_25629,aes_sbox_us23,main_sbox,bfs_h4
_25630,aes_cipher_top,top,bfs_h5
_25631,aes_sbox_us23,main_sbox,bfs_h5
_25632,aes_sbox_us23,main_sbox,bfs_h4
_25633,aes_sbox_us21,main_sbox,bfs_h5
_25634,aes_sbox_us23,main_sbox,bfs_h5
_25635,aes_cipher_top,top,bfs_h5
_25636,aes_sbox_us23,main_sbox,bfs_h5
_25637,aes_sbox_us23,main_sbox,bfs_h5
_25638,aes_sbox_us23,main_sbox,bfs_h4
_25639,aes_sbox_us23,main_sbox,bfs_h3
_25640,aes_key_expand_128_u0,key_expand,bfs_h3
_25641,aes_sbox_us23,main_sbox,bfs_h5
_25642,aes_sbox_us21,main_sbox,bfs_h5
_25643,aes_sbox_us23,main_sbox,bfs_h4
_25644,aes_sbox_us23,main_sbox,bfs_h4
_25645,aes_cipher_top,top,bfs_h4
_25646,aes_cipher_top,top,bfs_h5
_25647,aes_sbox_us23,main_sbox,bfs_h4
_25648,aes_sbox_us23,main_sbox,bfs_h5
_25649,aes_key_expand_128_u0,key_expand,bfs_h3
_25650,aes_key_expand_128_u0,key_expand,bfs_h3
_25651,aes_sbox_us23,main_sbox,bfs_h4
_25652,aes_sbox_us23,main_sbox,bfs_h3
_25653,aes_sbox_us21,main_sbox,bfs_h5
_25654,aes_sbox_us21,main_sbox,bfs_h5
_25655,aes_cipher_top,top,bfs_h5
_25656,aes_sbox_us23,main_sbox,bfs_h5
_25657,aes_sbox_us23,main_sbox,bfs_h5
_25658,aes_sbox_us23,main_sbox,bfs_h4
_25659,aes_sbox_us23,main_sbox,bfs_h3
_25660,aes_sbox_us23,main_sbox,bfs_h2
_25661,aes_cipher_top,top,bfs_h4
_25662,aes_sbox_us23,main_sbox,bfs_h5
_25663,aes_cipher_top,top,bfs_h5
_25664,aes_sbox_us21,main_sbox,bfs_h5
_25665,aes_sbox_us23,main_sbox,bfs_h5
_25666,aes_sbox_us23,main_sbox,bfs_h5
_25667,aes_sbox_us21,main_sbox,bfs_h5
_25668,aes_sbox_us21,main_sbox,bfs_h5
_25669,aes_sbox_us23,main_sbox,bfs_h5
_25670,aes_sbox_us23,main_sbox,bfs_h5
_25671,aes_sbox_us23,main_sbox,bfs_h4
_25672,aes_cipher_top,top,bfs_h6
_25673,aes_sbox_us21,main_sbox,bfs_h5
_25674,aes_sbox_us21,main_sbox,bfs_h6
_25675,aes_cipher_top,top,bfs_h5
_25676,aes_sbox_us23,main_sbox,bfs_h5
_25677,aes_sbox_us23,main_sbox,bfs_h6
_25678,aes_sbox_us23,main_sbox,bfs_h5
_25679,aes_sbox_us23,main_sbox,bfs_h5
_25680,aes_sbox_us23,main_sbox,bfs_h4
_25681,aes_sbox_us23,main_sbox,bfs_h3
_25682,aes_cipher_top,top,bfs_h5
_25683,aes_sbox_us23,main_sbox,bfs_h5
_25684,aes_sbox_us21,main_sbox,bfs_h4
_25685,aes_sbox_us21,main_sbox,bfs_h5
_25686,aes_sbox_us23,main_sbox,bfs_h5
_25687,aes_cipher_top,top,bfs_h5
_25688,aes_sbox_us21,main_sbox,bfs_h5
_25689,aes_sbox_us21,main_sbox,bfs_h5
_25690,aes_sbox_us23,main_sbox,bfs_h5
_25691,aes_sbox_us23,main_sbox,bfs_h5
_25692,aes_sbox_us23,main_sbox,bfs_h4
_25693,aes_sbox_us21,main_sbox,bfs_h5
_25694,aes_sbox_us23,main_sbox,bfs_h5
_25695,aes_sbox_us23,main_sbox,bfs_h4
_25696,aes_cipher_top,top,bfs_h5
_25697,aes_cipher_top,top,bfs_h5
_25698,aes_sbox_us21,main_sbox,bfs_h5
_25699,aes_sbox_us23,main_sbox,bfs_h5
_25700,aes_sbox_us23,main_sbox,bfs_h4
_25701,aes_sbox_us23,main_sbox,bfs_h3
_25702,aes_sbox_us23,main_sbox,bfs_h3
_25703,aes_sbox_us23,main_sbox,bfs_h2
_25704,aes_sbox_us23,main_sbox,bfs_h1
_25705,aes_sbox_us23,main_sbox,bfs_h4
_25706,aes_sbox_us21,main_sbox,bfs_h5
_25707,aes_sbox_us23,main_sbox,bfs_h4
_25708,aes_sbox_us23,main_sbox,bfs_h3
_25709,aes_sbox_us23,main_sbox,bfs_h4
_25710,aes_sbox_us23,main_sbox,bfs_h5
_25711,aes_sbox_us23,main_sbox,bfs_h4
_25712,aes_sbox_us23,main_sbox,bfs_h3
_25713,aes_sbox_us23,main_sbox,bfs_h2
_25714,aes_cipher_top,top,bfs_h5
_25715,aes_sbox_us23,main_sbox,bfs_h6
_25716,aes_sbox_us23,main_sbox,bfs_h5
_25717,aes_sbox_us23,main_sbox,bfs_h4
_25718,aes_sbox_us21,main_sbox,bfs_h5
_25719,aes_sbox_us23,main_sbox,bfs_h5
_25720,aes_sbox_us23,main_sbox,bfs_h4
_25721,aes_sbox_us23,main_sbox,bfs_h3
_25722,aes_sbox_us23,main_sbox,bfs_h2
_25723,aes_cipher_top,top,bfs_h5
_25724,aes_sbox_us21,main_sbox,bfs_h5
_25725,aes_sbox_us23,main_sbox,bfs_h5
_25726,aes_sbox_us23,main_sbox,bfs_h5
_25727,aes_sbox_us21,main_sbox,bfs_h5
_25728,aes_cipher_top,top,bfs_h5
_25729,aes_sbox_us23,main_sbox,bfs_h5
_25730,aes_sbox_us23,main_sbox,bfs_h5
_25731,aes_sbox_us23,main_sbox,bfs_h4
_25732,aes_sbox_us21,main_sbox,bfs_h5
_25733,aes_sbox_us21,main_sbox,bfs_h5
_25734,aes_sbox_us21,main_sbox,bfs_h5
_25735,aes_sbox_us23,main_sbox,bfs_h5
_25736,aes_sbox_us21,main_sbox,bfs_h5
_25737,aes_sbox_us23,main_sbox,bfs_h5
_25738,aes_sbox_us23,main_sbox,bfs_h5
_25739,aes_sbox_us23,main_sbox,bfs_h4
_25740,aes_sbox_us23,main_sbox,bfs_h3
_25741,aes_sbox_us23,main_sbox,bfs_h2
_25742,aes_cipher_top,top,bfs_h6
_25743,aes_sbox_us21,main_sbox,bfs_h5
_25744,aes_sbox_us23,main_sbox,bfs_h5
_25745,aes_sbox_us21,main_sbox,bfs_h5
_25746,aes_cipher_top,top,bfs_h5
_25747,aes_cipher_top,top,bfs_h4
_25748,aes_cipher_top,top,bfs_h5
_25749,aes_sbox_us23,main_sbox,bfs_h5
_25750,aes_sbox_us23,main_sbox,bfs_h5
_25751,aes_sbox_us23,main_sbox,bfs_h4
_25752,aes_key_expand_128_u0,key_expand,bfs_h3
_25753,aes_sbox_us21,main_sbox,bfs_h5
_25754,aes_sbox_us23,main_sbox,bfs_h5
_25755,aes_sbox_us23,main_sbox,bfs_h4
_25756,aes_sbox_us23,main_sbox,bfs_h5
_25757,aes_sbox_us21,main_sbox,bfs_h5
_25758,aes_sbox_us23,main_sbox,bfs_h5
_25759,aes_sbox_us23,main_sbox,bfs_h4
_25760,aes_sbox_us23,main_sbox,bfs_h3
_25761,aes_sbox_us23,main_sbox,bfs_h3
_25762,aes_cipher_top,top,bfs_h4
_25763,aes_sbox_us23,main_sbox,bfs_h5
_25764,aes_sbox_us23,main_sbox,bfs_h5
_25765,aes_cipher_top,top,bfs_h5
_25766,aes_sbox_us23,main_sbox,bfs_h5
_25767,aes_sbox_us23,main_sbox,bfs_h5
_25768,aes_sbox_us23,main_sbox,bfs_h4
_25769,aes_cipher_top,top,bfs_h5
_25770,aes_sbox_us21,main_sbox,bfs_h5
_25771,aes_sbox_us21,main_sbox,bfs_h5
_25772,aes_cipher_top,top,bfs_h5
_25773,aes_sbox_us23,main_sbox,bfs_h5
_25774,aes_sbox_us23,main_sbox,bfs_h5
_25775,aes_sbox_us23,main_sbox,bfs_h5
_25776,aes_sbox_us23,main_sbox,bfs_h4
_25777,aes_sbox_us23,main_sbox,bfs_h4
_25778,aes_sbox_us23,main_sbox,bfs_h3
_25779,aes_sbox_us23,main_sbox,bfs_h2
_25780,aes_sbox_us23,main_sbox,bfs_h1
_25781,aes_sbox_us23,main_sbox,bfs_h5
_25782,aes_cipher_top,top,bfs_h5
_25783,aes_sbox_us23,main_sbox,bfs_h5
_25784,aes_cipher_top,top,bfs_h5
_25785,aes_cipher_top,top,bfs_h6
_25786,aes_sbox_us23,main_sbox,bfs_h5
_25787,aes_key_expand_128_u0,key_expand,bfs_h3
_25788,aes_sbox_us21,main_sbox,bfs_h5
_25789,aes_sbox_us23,main_sbox,bfs_h5
_25790,aes_sbox_us23,main_sbox,bfs_h6
_25791,aes_cipher_top,top,bfs_h5
_25792,aes_sbox_us23,main_sbox,bfs_h6
_25793,aes_sbox_us23,main_sbox,bfs_h5
_25794,aes_sbox_us23,main_sbox,bfs_h5
_25795,aes_sbox_us23,main_sbox,bfs_h4
_25796,aes_sbox_us23,main_sbox,bfs_h3
_25797,aes_cipher_top,top,bfs_h5
_25798,aes_sbox_us23,main_sbox,bfs_h6
_25799,aes_sbox_us23,main_sbox,bfs_h5
_25800,aes_sbox_us23,main_sbox,bfs_h4
_25801,aes_sbox_us23,main_sbox,bfs_h4
_25802,aes_cipher_top,top,bfs_h4
_25803,aes_cipher_top,top,bfs_h5
_25804,aes_sbox_us23,main_sbox,bfs_h4
_25805,aes_sbox_us23,main_sbox,bfs_h4
_25806,aes_sbox_us23,main_sbox,bfs_h3
_25807,aes_sbox_us23,main_sbox,bfs_h3
_25808,aes_sbox_us23,main_sbox,bfs_h2
_25809,aes_cipher_top,top,bfs_h5
_25810,aes_cipher_top,top,bfs_h5
_25811,aes_sbox_us23,main_sbox,bfs_h5
_25812,aes_cipher_top,top,bfs_h5
_25813,aes_sbox_us21,main_sbox,bfs_h3
_25814,aes_sbox_us21,main_sbox,bfs_h3
_25815,aes_sbox_us21,main_sbox,bfs_h4
_25816,aes_sbox_us23,main_sbox,bfs_h5
_25817,aes_sbox_us23,main_sbox,bfs_h4
_25818,aes_cipher_top,top,bfs_h5
_25819,aes_sbox_us23,main_sbox,bfs_h5
_25820,aes_sbox_us23,main_sbox,bfs_h5
_25821,aes_sbox_us23,main_sbox,bfs_h5
_25822,aes_sbox_us21,main_sbox,bfs_h4
_25823,aes_sbox_us23,main_sbox,bfs_h5
_25824,aes_sbox_us23,main_sbox,bfs_h4
_25825,aes_sbox_us23,main_sbox,bfs_h3
_25826,aes_cipher_top,top,bfs_h6
_25827,aes_cipher_top,top,bfs_h5
_25828,aes_sbox_us23,main_sbox,bfs_h5
_25829,aes_sbox_us23,main_sbox,bfs_h6
_25830,aes_cipher_top,top,bfs_h5
_25831,aes_sbox_us21,main_sbox,bfs_h5
_25832,aes_sbox_us23,main_sbox,bfs_h5
_25833,aes_sbox_us23,main_sbox,bfs_h5
_25834,aes_sbox_us23,main_sbox,bfs_h4
_25835,aes_sbox_us21,main_sbox,bfs_h5
_25836,aes_sbox_us23,main_sbox,bfs_h5
_25837,aes_sbox_us21,main_sbox,bfs_h5
_25838,aes_sbox_us23,main_sbox,bfs_h5
_25839,aes_sbox_us23,main_sbox,bfs_h4
_25840,aes_sbox_us23,main_sbox,bfs_h3
_25841,aes_sbox_us23,main_sbox,bfs_h2
_25842,aes_sbox_us23,main_sbox,bfs_h1
_25843,aes_sbox_us23,main_sbox,bfs_h3
_25844,aes_sbox_us21,main_sbox,bfs_h4
_25845,aes_sbox_us23,main_sbox,bfs_h4
_25846,aes_sbox_us23,main_sbox,bfs_h4
_25847,aes_sbox_us23,main_sbox,bfs_h3
_25848,aes_key_expand_128_u0,key_expand,bfs_h3
_25849,aes_sbox_us23,main_sbox,bfs_h4
_25850,aes_sbox_us23,main_sbox,bfs_h5
_25851,aes_sbox_us23,main_sbox,bfs_h5
_25852,aes_sbox_us23,main_sbox,bfs_h4
_25853,aes_sbox_us23,main_sbox,bfs_h3
_25854,aes_sbox_us23,main_sbox,bfs_h2
_25855,aes_sbox_us23,main_sbox,bfs_h4
_25856,aes_sbox_us23,main_sbox,bfs_h4
_25857,aes_sbox_us23,main_sbox,bfs_h5
_25858,aes_sbox_us23,main_sbox,bfs_h5
_25859,aes_sbox_us23,main_sbox,bfs_h4
_25860,aes_sbox_us23,main_sbox,bfs_h5
_25861,aes_sbox_us23,main_sbox,bfs_h5
_25862,aes_cipher_top,top,bfs_h5
_25863,aes_sbox_us21,main_sbox,bfs_h5
_25864,aes_cipher_top,top,bfs_h5
_25865,aes_sbox_us23,main_sbox,bfs_h4
_25866,aes_sbox_us23,main_sbox,bfs_h4
_25867,aes_sbox_us23,main_sbox,bfs_h3
_25868,aes_sbox_us23,main_sbox,bfs_h2
_25869,aes_sbox_us21,main_sbox,bfs_h5
_25870,aes_sbox_us23,main_sbox,bfs_h5
_25871,aes_cipher_top,top,bfs_h5
_25872,aes_key_expand_128_u0,key_expand,bfs_h3
_25873,aes_sbox_us21,main_sbox,bfs_h5
_25874,aes_sbox_us23,main_sbox,bfs_h4
_25875,aes_sbox_us23,main_sbox,bfs_h3
_25876,aes_sbox_us23,main_sbox,bfs_h4
_25877,aes_sbox_us23,main_sbox,bfs_h4
_25878,aes_sbox_us21,main_sbox,bfs_h5
_25879,aes_sbox_us23,main_sbox,bfs_h5
_25880,aes_sbox_us23,main_sbox,bfs_h4
_25881,aes_sbox_us23,main_sbox,bfs_h3
_25882,aes_sbox_us23,main_sbox,bfs_h5
_25883,aes_sbox_us23,main_sbox,bfs_h4
_25884,aes_sbox_us23,main_sbox,bfs_h5
_25885,aes_sbox_us23,main_sbox,bfs_h4
_25886,aes_sbox_us23,main_sbox,bfs_h3
_25887,aes_sbox_us23,main_sbox,bfs_h4
_25888,aes_sbox_us23,main_sbox,bfs_h5
_25889,aes_key_expand_128_u0,key_expand,bfs_h3
_25890,aes_sbox_us23,main_sbox,bfs_h3
_25891,aes_sbox_us23,main_sbox,bfs_h2
_25892,aes_sbox_us23,main_sbox,bfs_h2
_25893,aes_sbox_us23,main_sbox,bfs_h1
_25894,aes_sbox_us23,main_sbox,bfs_h5
_25895,aes_sbox_us23,main_sbox,bfs_h5
_25896,aes_sbox_us23,main_sbox,bfs_h6
_25897,aes_sbox_us23,main_sbox,bfs_h5
_25898,aes_sbox_us23,main_sbox,bfs_h4
_25899,aes_cipher_top,top,bfs_h5
_25900,aes_cipher_top,top,bfs_h5
_25901,aes_sbox_us23,main_sbox,bfs_h5
_25902,aes_sbox_us23,main_sbox,bfs_h5
_25903,aes_cipher_top,top,bfs_h5
_25904,aes_sbox_us23,main_sbox,bfs_h5
_25905,aes_sbox_us23,main_sbox,bfs_h5
_25906,aes_sbox_us23,main_sbox,bfs_h4
_25907,aes_sbox_us23,main_sbox,bfs_h3
_25908,aes_cipher_top,top,bfs_h5
_25909,aes_cipher_top,top,bfs_h5
_25910,aes_sbox_us23,main_sbox,bfs_h5
_25911,aes_sbox_us23,main_sbox,bfs_h5
_25912,aes_sbox_us23,main_sbox,bfs_h5
_25913,aes_sbox_us23,main_sbox,bfs_h5
_25914,aes_sbox_us23,main_sbox,bfs_h4
_25915,aes_sbox_us23,main_sbox,bfs_h5
_25916,aes_sbox_us23,main_sbox,bfs_h4
_25917,aes_sbox_us23,main_sbox,bfs_h5
_25918,aes_key_expand_128_u0,key_expand,bfs_h3
_25919,aes_sbox_us23,main_sbox,bfs_h6
_25920,aes_key_expand_128_u0,key_expand,bfs_h3
_25921,aes_sbox_us23,main_sbox,bfs_h3
_25922,aes_sbox_us23,main_sbox,bfs_h2
_25923,aes_sbox_us21,main_sbox,bfs_h5
_25924,aes_sbox_us23,main_sbox,bfs_h5
_25925,aes_sbox_us23,main_sbox,bfs_h5
_25926,aes_cipher_top,top,bfs_h5
_25927,aes_sbox_us21,main_sbox,bfs_h5
_25928,aes_sbox_us23,main_sbox,bfs_h5
_25929,aes_sbox_us23,main_sbox,bfs_h4
_25930,aes_sbox_us23,main_sbox,bfs_h5
_25931,aes_sbox_us23,main_sbox,bfs_h5
_25932,aes_sbox_us23,main_sbox,bfs_h5
_25933,aes_sbox_us23,main_sbox,bfs_h5
_25934,aes_sbox_us23,main_sbox,bfs_h4
_25935,aes_sbox_us23,main_sbox,bfs_h3
_25936,aes_sbox_us23,main_sbox,bfs_h5
_25937,aes_sbox_us23,main_sbox,bfs_h5
_25938,aes_sbox_us23,main_sbox,bfs_h4
_25939,aes_sbox_us21,main_sbox,bfs_h5
_25940,aes_sbox_us21,main_sbox,bfs_h5
_25941,aes_sbox_us23,main_sbox,bfs_h4
_25942,aes_sbox_us23,main_sbox,bfs_h5
_25943,aes_sbox_us23,main_sbox,bfs_h5
_25944,aes_sbox_us23,main_sbox,bfs_h4
_25945,aes_sbox_us23,main_sbox,bfs_h5
_25946,aes_sbox_us23,main_sbox,bfs_h4
_25947,aes_sbox_us23,main_sbox,bfs_h3
_25948,aes_sbox_us23,main_sbox,bfs_h3
_25949,aes_sbox_us23,main_sbox,bfs_h2
_25950,aes_sbox_us23,main_sbox,bfs_h1
_25951,aes_sbox_us23,main_sbox,bfs_h5
_25952,aes_sbox_us23,main_sbox,bfs_h4
_25953,aes_cipher_top,top,bfs_h5
_25954,aes_cipher_top,top,bfs_h5
_25955,aes_sbox_us21,main_sbox,bfs_h5
_25956,aes_cipher_top,top,bfs_h6
_25957,aes_sbox_us23,main_sbox,bfs_h5
_25958,aes_sbox_us23,main_sbox,bfs_h4
_25959,aes_key_expand_128_u0,key_expand,bfs_h3
_25960,aes_sbox_us23,main_sbox,bfs_h5
_25961,aes_cipher_top,top,bfs_h5
_25962,aes_sbox_us23,main_sbox,bfs_h5
_25963,aes_sbox_us23,main_sbox,bfs_h5
_25964,aes_sbox_us23,main_sbox,bfs_h4
_25965,aes_sbox_us23,main_sbox,bfs_h3
_25966,aes_sbox_us23,main_sbox,bfs_h5
_25967,aes_sbox_us21,main_sbox,bfs_h5
_25968,aes_sbox_us21,main_sbox,bfs_h5
_25969,aes_sbox_us23,main_sbox,bfs_h6
_25970,aes_sbox_us23,main_sbox,bfs_h5
_25971,aes_cipher_top,top,bfs_h5
_25972,aes_sbox_us23,main_sbox,bfs_h5
_25973,aes_sbox_us23,main_sbox,bfs_h5
_25974,aes_sbox_us23,main_sbox,bfs_h4
_25975,aes_cipher_top,top,bfs_h5
_25976,aes_sbox_us23,main_sbox,bfs_h5
_25977,aes_cipher_top,top,bfs_h6
_25978,aes_sbox_us21,main_sbox,bfs_h4
_25979,aes_sbox_us21,main_sbox,bfs_h5
_25980,aes_sbox_us23,main_sbox,bfs_h5
_25981,aes_sbox_us23,main_sbox,bfs_h4
_25982,aes_sbox_us23,main_sbox,bfs_h3
_25983,aes_sbox_us23,main_sbox,bfs_h2
_25984,aes_cipher_top,top,bfs_h5
_25985,aes_sbox_us23,main_sbox,bfs_h5
_25986,aes_sbox_us23,main_sbox,bfs_h5
_25987,aes_sbox_us23,main_sbox,bfs_h4
_25988,aes_sbox_us23,main_sbox,bfs_h5
_25989,aes_sbox_us23,main_sbox,bfs_h5
_25990,aes_sbox_us23,main_sbox,bfs_h4
_25991,aes_sbox_us23,main_sbox,bfs_h3
_25992,aes_sbox_us23,main_sbox,bfs_h5
_25993,aes_cipher_top,top,bfs_h5
_25994,aes_sbox_us23,main_sbox,bfs_h5
_25995,aes_sbox_us23,main_sbox,bfs_h4
_25996,aes_sbox_us23,main_sbox,bfs_h5
_25997,aes_sbox_us21,main_sbox,bfs_h4
_25998,aes_sbox_us23,main_sbox,bfs_h5
_25999,aes_cipher_top,top,bfs_h5
_26000,aes_sbox_us21,main_sbox,bfs_h4
_26001,aes_sbox_us23,main_sbox,bfs_h5
_26002,aes_sbox_us23,main_sbox,bfs_h4
_26003,aes_sbox_us23,main_sbox,bfs_h3
_26004,aes_sbox_us23,main_sbox,bfs_h2
_26005,aes_sbox_us23,main_sbox,bfs_h1
_26006,aes_sbox_us23,main_sbox,bfs_h5
_26007,aes_sbox_us23,main_sbox,bfs_h4
_26008,aes_sbox_us23,main_sbox,bfs_h4
_26009,aes_sbox_us23,main_sbox,bfs_h5
_26010,aes_sbox_us23,main_sbox,bfs_h5
_26011,aes_sbox_us21,main_sbox,bfs_h6
_26012,aes_sbox_us23,main_sbox,bfs_h5
_26013,aes_sbox_us23,main_sbox,bfs_h6
_26014,aes_key_expand_128_u0,key_expand,bfs_h3
_26015,aes_sbox_us23,main_sbox,bfs_h3
_26016,aes_cipher_top,top,bfs_h5
_26017,aes_sbox_us23,main_sbox,bfs_h4
_26018,aes_sbox_us23,main_sbox,bfs_h5
_26019,aes_cipher_top,top,bfs_h5
_26020,aes_sbox_us23,main_sbox,bfs_h5
_26021,aes_sbox_us23,main_sbox,bfs_h5
_26022,aes_sbox_us23,main_sbox,bfs_h4
_26023,aes_sbox_us23,main_sbox,bfs_h5
_26024,aes_sbox_us21,main_sbox,bfs_h4
_26025,aes_sbox_us21,main_sbox,bfs_h5
_26026,aes_sbox_us23,main_sbox,bfs_h5
_26027,aes_sbox_us23,main_sbox,bfs_h4
_26028,aes_sbox_us23,main_sbox,bfs_h3
_26029,aes_sbox_us23,main_sbox,bfs_h2
_26030,aes_sbox_us23,main_sbox,bfs_h5
_26031,aes_sbox_us23,main_sbox,bfs_h5
_26032,aes_sbox_us23,main_sbox,bfs_h4
_26033,aes_sbox_us23,main_sbox,bfs_h4
_26034,aes_sbox_us21,main_sbox,bfs_h5
_26035,aes_cipher_top,top,bfs_h5
_26036,aes_sbox_us23,main_sbox,bfs_h5
_26037,aes_sbox_us23,main_sbox,bfs_h6
_26038,aes_sbox_us21,main_sbox,bfs_h5
_26039,aes_sbox_us23,main_sbox,bfs_h5
_26040,aes_sbox_us23,main_sbox,bfs_h5
_26041,aes_key_expand_128_u0,key_expand,bfs_h3
_26042,aes_sbox_us23,main_sbox,bfs_h3
_26043,aes_sbox_us23,main_sbox,bfs_h5
_26044,aes_sbox_us23,main_sbox,bfs_h5
_26045,aes_sbox_us23,main_sbox,bfs_h5
_26046,aes_sbox_us23,main_sbox,bfs_h5
_26047,aes_sbox_us23,main_sbox,bfs_h5
_26048,aes_sbox_us23,main_sbox,bfs_h4
_26049,aes_cipher_top,top,bfs_h5
_26050,aes_sbox_us21,main_sbox,bfs_h5
_26051,aes_sbox_us23,main_sbox,bfs_h5
_26052,aes_sbox_us23,main_sbox,bfs_h5
_26053,aes_sbox_us23,main_sbox,bfs_h4
_26054,aes_sbox_us23,main_sbox,bfs_h3
_26055,aes_sbox_us23,main_sbox,bfs_h2
_26056,aes_sbox_us23,main_sbox,bfs_h1
_26057,aes_cipher_top,top,bfs_h2
_26058,aes_sbox_us32,main_sbox,bfs_h2
_26059,aes_sbox_us12,main_sbox,bfs_h3
_26060,aes_sbox_us12,main_sbox,bfs_h2
_26061,aes_sbox_us12,main_sbox,bfs_h3
_26062,aes_sbox_us22,main_sbox,bfs_h2
_26063,aes_sbox_us12,main_sbox,bfs_h2
_26064,aes_sbox_us12,main_sbox,bfs_h3
_26065,aes_sbox_us22,main_sbox,bfs_h3
_26066,aes_sbox_us22,main_sbox,bfs_h2
_26067,aes_cipher_top,top,bfs_h2
_26068,aes_sbox_us12,main_sbox,bfs_h3
_26069,aes_sbox_us12,main_sbox,bfs_h3
_26070,aes_sbox_us22,main_sbox,bfs_h3
_26071,aes_sbox_us22,main_sbox,bfs_h2
_26072,aes_sbox_us22,main_sbox,bfs_h3
_26073,aes_sbox_us22,main_sbox,bfs_h3
_26074,aes_cipher_top,top,bfs_h2
_26075,aes_sbox_us12,main_sbox,bfs_h1
_26076,aes_sbox_us02,main_sbox,bfs_h2
_26077,aes_sbox_us12,main_sbox,bfs_h3
_26078,aes_sbox_us12,main_sbox,bfs_h3
_26079,aes_cipher_top,top,bfs_h4
_26080,aes_cipher_top,top,bfs_h3
_26081,aes_sbox_us22,main_sbox,bfs_h2
_26082,aes_sbox_us12,main_sbox,bfs_h3
_26083,aes_sbox_us12,main_sbox,bfs_h2
_26084,aes_sbox_us12,main_sbox,bfs_h3
_26085,aes_cipher_top,top,bfs_h3
_26086,aes_sbox_us22,main_sbox,bfs_h2
_26087,aes_sbox_us22,main_sbox,bfs_h3
_26088,aes_sbox_us22,main_sbox,bfs_h3
_26089,aes_sbox_us22,main_sbox,bfs_h3
_26090,aes_cipher_top,top,bfs_h2
_26091,aes_cipher_top,top,bfs_h3
_26092,aes_sbox_us02,main_sbox,bfs_h2
_26093,aes_sbox_us22,main_sbox,bfs_h2
_26094,aes_sbox_us02,main_sbox,bfs_h3
_26095,aes_sbox_us32,main_sbox,bfs_h2
_26096,aes_sbox_us22,main_sbox,bfs_h2
_26097,aes_sbox_us22,main_sbox,bfs_h2
_26098,aes_sbox_us22,main_sbox,bfs_h3
_26099,aes_cipher_top,top,bfs_h4
_26100,aes_cipher_top,top,bfs_h3
_26101,aes_key_expand_128_u0/aes_sbox_u2,kexp_sbox,bfs_h3
_26102,aes_cipher_top,top,bfs_h2
_26103,aes_sbox_us02,main_sbox,bfs_h3
_26104,aes_sbox_us22,main_sbox,bfs_h2
_26105,aes_sbox_us22,main_sbox,bfs_h3
_26106,aes_cipher_top,top,bfs_h3
_26107,aes_cipher_top,top,bfs_h3
_26108,aes_cipher_top,top,bfs_h4
_26109,aes_sbox_us22,main_sbox,bfs_h5
_26110,aes_sbox_us22,main_sbox,bfs_h3
_26111,aes_sbox_us22,main_sbox,bfs_h2
_26112,aes_sbox_us22,main_sbox,bfs_h3
_26113,aes_cipher_top,top,bfs_h3
_26114,aes_key_expand_128_u0/aes_sbox_u2,kexp_sbox,bfs_h3
_26115,aes_key_expand_128_u0/aes_sbox_u2,kexp_sbox,bfs_h4
_26116,aes_key_expand_128_u0/aes_sbox_u2,kexp_sbox,bfs_h3
_26117,aes_key_expand_128_u0/aes_sbox_u2,kexp_sbox,bfs_h4
_26118,aes_sbox_us22,main_sbox,bfs_h5
_26119,aes_sbox_us32,main_sbox,bfs_h1
_26120,aes_sbox_us32,main_sbox,bfs_h2
_26121,aes_sbox_us32,main_sbox,bfs_h2
_26122,aes_sbox_us02,main_sbox,bfs_h1
_26123,aes_sbox_us02,main_sbox,bfs_h2
_26124,aes_sbox_us02,main_sbox,bfs_h3
_26125,aes_cipher_top,top,bfs_h3
_26126,aes_cipher_top,top,bfs_h2
_26127,aes_cipher_top,top,bfs_h3
_26128,aes_key_expand_128_u0/aes_sbox_u2,kexp_sbox,bfs_h3
_26129,aes_key_expand_128_u0/aes_sbox_u2,kexp_sbox,bfs_h2
_26130,aes_key_expand_128_u0/aes_sbox_u2,kexp_sbox,bfs_h4
_26131,aes_key_expand_128_u0/aes_sbox_u2,kexp_sbox,bfs_h3
_26132,aes_key_expand_128_u0/aes_sbox_u2,kexp_sbox,bfs_h4
_26133,aes_cipher_top,top,bfs_h3
_26134,aes_sbox_us22,main_sbox,bfs_h4
_26135,aes_sbox_us22,main_sbox,bfs_h4
_26136,aes_sbox_us22,main_sbox,bfs_h5
_26137,aes_key_expand_128_u0/aes_sbox_u2,kexp_sbox,bfs_h5
_26138,aes_sbox_us22,main_sbox,bfs_h4
_26139,aes_key_expand_128_u0/aes_sbox_u2,kexp_sbox,bfs_h5
_26140,aes_sbox_us22,main_sbox,bfs_h4
_26141,aes_sbox_us22,main_sbox,bfs_h4
_26142,aes_key_expand_128_u0/aes_sbox_u2,kexp_sbox,bfs_h3
_26143,aes_key_expand_128_u0/aes_sbox_u2,kexp_sbox,bfs_h4
_26144,aes_sbox_us20,main_sbox,bfs_h5
_26145,aes_sbox_us32,main_sbox,bfs_h1
_26146,aes_sbox_us02,main_sbox,bfs_h2
_26147,aes_sbox_us02,main_sbox,bfs_h3
_26148,aes_cipher_top,top,bfs_h2
_26149,aes_cipher_top,top,bfs_h3
_26150,aes_key_expand_128_u0,key_expand,bfs_h2
_26151,aes_key_expand_128_u0/aes_sbox_u2,kexp_sbox,bfs_h5
_26152,aes_sbox_us20,main_sbox,bfs_h5
_26153,aes_sbox_us20,main_sbox,bfs_h4
_26154,aes_key_expand_128_u0,key_expand,bfs_h2
_26155,aes_sbox_us20,main_sbox,bfs_h5
_26156,aes_sbox_us20,main_sbox,bfs_h4
_26157,aes_key_expand_128_u0/aes_sbox_u2,kexp_sbox,bfs_h4
_26158,aes_key_expand_128_u0/aes_sbox_u2,kexp_sbox,bfs_h4
_26159,aes_sbox_us22,main_sbox,bfs_h5
_26160,aes_key_expand_128_u0/aes_sbox_u2,kexp_sbox,bfs_h3
_26161,aes_key_expand_128_u0/aes_sbox_u2,kexp_sbox,bfs_h4
_26162,aes_sbox_us22,main_sbox,bfs_h2
_26163,aes_sbox_us22,main_sbox,bfs_h3
_26164,aes_sbox_us22,main_sbox,bfs_h3
_26165,aes_sbox_us22,main_sbox,bfs_h4
_26166,aes_sbox_us22,main_sbox,bfs_h2
_26167,aes_sbox_us02,main_sbox,bfs_h2
_26168,aes_sbox_us02,main_sbox,bfs_h3
_26169,aes_sbox_us32,main_sbox,bfs_h2
_26170,aes_sbox_us22,main_sbox,bfs_h2
_26171,aes_cipher_top,top,bfs_h3
_26172,aes_key_expand_128_u0,key_expand,bfs_h2
_26173,aes_cipher_top,top,bfs_h2
_26174,aes_cipher_top,top,bfs_h3
_26175,aes_cipher_top,top,bfs_h4
_26176,aes_cipher_top,top,bfs_h4
_26177,aes_cipher_top,top,bfs_h5
_26178,aes_sbox_us20,main_sbox,bfs_h4
_26179,aes_sbox_us20,main_sbox,bfs_h4
_26180,aes_sbox_us20,main_sbox,bfs_h4
_26181,aes_sbox_us32,main_sbox,bfs_h1
_26182,aes_sbox_us22,main_sbox,bfs_h1
_26183,aes_sbox_us02,main_sbox,bfs_h2
_26184,aes_cipher_top,top,bfs_h2
_26185,aes_cipher_top,top,bfs_h3
_26186,aes_key_expand_128_u0,key_expand,bfs_h2
_26187,aes_sbox_us20,main_sbox,bfs_h4
_26188,aes_sbox_us20,main_sbox,bfs_h3
_26189,aes_sbox_us20,main_sbox,bfs_h3
_26190,aes_sbox_us22,main_sbox,bfs_h5
_26191,aes_sbox_us22,main_sbox,bfs_h5
_26192,aes_key_expand_128_u0/aes_sbox_u2,kexp_sbox,bfs_h4
_26193,aes_key_expand_128_u0/aes_sbox_u2,kexp_sbox,bfs_h4
_26194,aes_sbox_us22,main_sbox,bfs_h3
_26195,aes_key_expand_128_u0/aes_sbox_u2,kexp_sbox,bfs_h2
_26196,aes_key_expand_128_u0/aes_sbox_u2,kexp_sbox,bfs_h3
_26197,aes_key_expand_128_u0/aes_sbox_u2,kexp_sbox,bfs_h4
_26198,aes_sbox_us22,main_sbox,bfs_h4
_26199,aes_sbox_us20,main_sbox,bfs_h5
_26200,aes_key_expand_128_u0/aes_sbox_u2,kexp_sbox,bfs_h5
_26201,aes_cipher_top,top,bfs_h4
_26202,aes_cipher_top,top,bfs_h5
_26203,aes_sbox_us22,main_sbox,bfs_h4
_26204,aes_sbox_us20,main_sbox,bfs_h5
_26205,aes_sbox_us20,main_sbox,bfs_h5
_26206,aes_sbox_us20,main_sbox,bfs_h5
_26207,aes_sbox_us20,main_sbox,bfs_h4
_26208,aes_sbox_us22,main_sbox,bfs_h4
_26209,aes_key_expand_128_u0/aes_sbox_u2,kexp_sbox,bfs_h3
_26210,aes_key_expand_128_u0/aes_sbox_u2,kexp_sbox,bfs_h4
_26211,aes_sbox_us22,main_sbox,bfs_h5
_26212,aes_key_expand_128_u0/aes_sbox_u2,kexp_sbox,bfs_h4
_26213,aes_sbox_us20,main_sbox,bfs_h5
_26214,aes_sbox_us20,main_sbox,bfs_h4
_26215,aes_sbox_us20,main_sbox,bfs_h3
_26216,aes_sbox_us20,main_sbox,bfs_h3
_26217,aes_sbox_us22,main_sbox,bfs_h2
_26218,aes_sbox_us02,main_sbox,bfs_h3
_26219,aes_cipher_top,top,bfs_h2
_26220,aes_cipher_top,top,bfs_h3
_26221,aes_key_expand_128_u0,key_expand,bfs_h2
_26222,aes_sbox_us20,main_sbox,bfs_h3
_26223,aes_sbox_us20,main_sbox,bfs_h2
_26224,aes_key_expand_128_u0/aes_sbox_u2,kexp_sbox,bfs_h4
_26225,aes_key_expand_128_u0/aes_sbox_u2,kexp_sbox,bfs_h4
_26226,aes_key_expand_128_u0/aes_sbox_u2,kexp_sbox,bfs_h5
_26227,aes_sbox_us20,main_sbox,bfs_h5
_26228,aes_key_expand_128_u0/aes_sbox_u2,kexp_sbox,bfs_h4
_26229,aes_key_expand_128_u0/aes_sbox_u2,kexp_sbox,bfs_h5
_26230,aes_sbox_us22,main_sbox,bfs_h5
_26231,aes_sbox_us22,main_sbox,bfs_h4
_26232,aes_sbox_us20,main_sbox,bfs_h4
_26233,aes_sbox_us20,main_sbox,bfs_h4
_26234,aes_sbox_us20,main_sbox,bfs_h4
_26235,aes_sbox_us20,main_sbox,bfs_h4
_26236,aes_sbox_us22,main_sbox,bfs_h5
_26237,aes_sbox_us22,main_sbox,bfs_h4
_26238,aes_cipher_top,top,bfs_h4
_26239,aes_key_expand_128_u0/aes_sbox_u2,kexp_sbox,bfs_h5
_26240,aes_sbox_us22,main_sbox,bfs_h4
_26241,aes_sbox_us20,main_sbox,bfs_h5
_26242,aes_sbox_us20,main_sbox,bfs_h4
_26243,aes_sbox_us20,main_sbox,bfs_h3
_26244,aes_sbox_us22,main_sbox,bfs_h4
_26245,aes_key_expand_128_u0/aes_sbox_u2,kexp_sbox,bfs_h5
_26246,aes_sbox_us20,main_sbox,bfs_h5
_26247,aes_key_expand_128_u0/aes_sbox_u2,kexp_sbox,bfs_h3
_26248,aes_key_expand_128_u0/aes_sbox_u2,kexp_sbox,bfs_h4
_26249,aes_sbox_us20,main_sbox,bfs_h4
_26250,aes_sbox_us22,main_sbox,bfs_h4
_26251,aes_key_expand_128_u0/aes_sbox_u2,kexp_sbox,bfs_h5
_26252,aes_cipher_top,top,bfs_h4
_26253,aes_cipher_top,top,bfs_h5
_26254,aes_sbox_us20,main_sbox,bfs_h5
_26255,aes_cipher_top,top,bfs_h4
_26256,aes_cipher_top,top,bfs_h5
_26257,aes_sbox_us22,main_sbox,bfs_h5
_26258,aes_key_expand_128_u0/aes_sbox_u2,kexp_sbox,bfs_h5
_26259,aes_sbox_us22,main_sbox,bfs_h5
_26260,aes_sbox_us22,main_sbox,bfs_h6
_26261,aes_sbox_us20,main_sbox,bfs_h5
_26262,aes_sbox_us20,main_sbox,bfs_h5
_26263,aes_sbox_us20,main_sbox,bfs_h4
_26264,aes_sbox_us20,main_sbox,bfs_h3
_26265,aes_sbox_us20,main_sbox,bfs_h2
_26266,aes_key_expand_128_u0/aes_sbox_u2,kexp_sbox,bfs_h4
_26267,aes_key_expand_128_u0/aes_sbox_u2,kexp_sbox,bfs_h5
_26268,aes_sbox_us20,main_sbox,bfs_h4
_26269,aes_key_expand_128_u0/aes_sbox_u2,kexp_sbox,bfs_h4
_26270,aes_key_expand_128_u0/aes_sbox_u2,kexp_sbox,bfs_h4
_26271,aes_key_expand_128_u0/aes_sbox_u2,kexp_sbox,bfs_h5
_26272,aes_sbox_us20,main_sbox,bfs_h5
_26273,aes_key_expand_128_u0/aes_sbox_u2,kexp_sbox,bfs_h4
_26274,aes_key_expand_128_u0/aes_sbox_u2,kexp_sbox,bfs_h4
_26275,aes_sbox_us22,main_sbox,bfs_h5
_26276,aes_sbox_us20,main_sbox,bfs_h5
_26277,aes_cipher_top,top,bfs_h4
_26278,aes_key_expand_128_u0,key_expand,bfs_h2
_26279,aes_sbox_us20,main_sbox,bfs_h4
_26280,aes_sbox_us20,main_sbox,bfs_h4
_26281,aes_sbox_us20,main_sbox,bfs_h4
_26282,aes_sbox_us22,main_sbox,bfs_h4
_26283,aes_sbox_us22,main_sbox,bfs_h5
_26284,aes_key_expand_128_u0/aes_sbox_u2,kexp_sbox,bfs_h4
_26285,aes_key_expand_128_u0/aes_sbox_u2,kexp_sbox,bfs_h4
_26286,aes_sbox_us20,main_sbox,bfs_h5
_26287,aes_key_expand_128_u0/aes_sbox_u2,kexp_sbox,bfs_h4
_26288,aes_key_expand_128_u0/aes_sbox_u2,kexp_sbox,bfs_h4
_26289,aes_key_expand_128_u0/aes_sbox_u2,kexp_sbox,bfs_h4
_26290,aes_key_expand_128_u0/aes_sbox_u2,kexp_sbox,bfs_h5
_26291,aes_sbox_us20,main_sbox,bfs_h4
_26292,aes_sbox_us20,main_sbox,bfs_h5
_26293,aes_key_expand_128_u0/aes_sbox_u2,kexp_sbox,bfs_h4
_26294,aes_key_expand_128_u0/aes_sbox_u2,kexp_sbox,bfs_h5
_26295,aes_sbox_us22,main_sbox,bfs_h5
_26296,aes_sbox_us20,main_sbox,bfs_h5
_26297,aes_sbox_us22,main_sbox,bfs_h5
_26298,aes_sbox_us20,main_sbox,bfs_h4
_26299,aes_sbox_us20,main_sbox,bfs_h3
_26300,aes_sbox_us20,main_sbox,bfs_h3
_26301,aes_sbox_us20,main_sbox,bfs_h4
_26302,aes_sbox_us20,main_sbox,bfs_h4
_26303,aes_key_expand_128_u0/aes_sbox_u2,kexp_sbox,bfs_h4
_26304,aes_key_expand_128_u0/aes_sbox_u2,kexp_sbox,bfs_h5
_26305,aes_cipher_top,top,bfs_h4
_26306,aes_key_expand_128_u0/aes_sbox_u2,kexp_sbox,bfs_h4
_26307,aes_sbox_us20,main_sbox,bfs_h5
_26308,aes_sbox_us20,main_sbox,bfs_h4
_26309,aes_sbox_us20,main_sbox,bfs_h4
_26310,aes_key_expand_128_u0/aes_sbox_u2,kexp_sbox,bfs_h4
_26311,aes_key_expand_128_u0/aes_sbox_u2,kexp_sbox,bfs_h5
_26312,aes_sbox_us20,main_sbox,bfs_h5
_26313,aes_sbox_us20,main_sbox,bfs_h4
_26314,aes_sbox_us20,main_sbox,bfs_h4
_26315,aes_key_expand_128_u0/aes_sbox_u2,kexp_sbox,bfs_h4
_26316,aes_key_expand_128_u0/aes_sbox_u2,kexp_sbox,bfs_h5
_26317,aes_sbox_us22,main_sbox,bfs_h4
_26318,aes_key_expand_128_u0/aes_sbox_u2,kexp_sbox,bfs_h4
_26319,aes_sbox_us20,main_sbox,bfs_h5
_26320,aes_sbox_us20,main_sbox,bfs_h5
_26321,aes_sbox_us20,main_sbox,bfs_h4
_26322,aes_sbox_us20,main_sbox,bfs_h3
_26323,aes_sbox_us20,main_sbox,bfs_h2
_26324,aes_sbox_us20,main_sbox,bfs_h1
_26325,aes_sbox_us20,main_sbox,bfs_h2
_26326,aes_sbox_us20,main_sbox,bfs_h4
_26327,aes_sbox_us20,main_sbox,bfs_h5
_26328,aes_sbox_us20,main_sbox,bfs_h4
_26329,aes_sbox_us20,main_sbox,bfs_h3
_26330,aes_key_expand_128_u0/aes_sbox_u2,kexp_sbox,bfs_h4
_26331,aes_key_expand_128_u0/aes_sbox_u2,kexp_sbox,bfs_h5
_26332,aes_sbox_us20,main_sbox,bfs_h5
_26333,aes_sbox_us22,main_sbox,bfs_h3
_26334,aes_sbox_us22,main_sbox,bfs_h4
_26335,aes_sbox_us20,main_sbox,bfs_h5
_26336,aes_sbox_us20,main_sbox,bfs_h4
_26337,aes_key_expand_128_u0/aes_sbox_u2,kexp_sbox,bfs_h5
_26338,aes_key_expand_128_u0/aes_sbox_u2,kexp_sbox,bfs_h4
_26339,aes_sbox_us20,main_sbox,bfs_h5
_26340,aes_sbox_us22,main_sbox,bfs_h5
_26341,aes_sbox_us20,main_sbox,bfs_h5
_26342,aes_sbox_us20,main_sbox,bfs_h5
_26343,aes_key_expand_128_u0/aes_sbox_u2,kexp_sbox,bfs_h4
_26344,aes_sbox_us22,main_sbox,bfs_h5
_26345,aes_key_expand_128_u0/aes_sbox_u2,kexp_sbox,bfs_h4
_26346,aes_key_expand_128_u0/aes_sbox_u2,kexp_sbox,bfs_h5
_26347,aes_sbox_us20,main_sbox,bfs_h4
_26348,aes_sbox_us20,main_sbox,bfs_h4
_26349,aes_sbox_us20,main_sbox,bfs_h3
_26350,aes_sbox_us20,main_sbox,bfs_h4
_26351,aes_key_expand_128_u0/aes_sbox_u2,kexp_sbox,bfs_h5
_26352,aes_sbox_us20,main_sbox,bfs_h4
_26353,aes_sbox_us22,main_sbox,bfs_h5
_26354,aes_key_expand_128_u0/aes_sbox_u2,kexp_sbox,bfs_h4
_26355,aes_sbox_us20,main_sbox,bfs_h5
_26356,aes_sbox_us20,main_sbox,bfs_h5
_26357,aes_sbox_us20,main_sbox,bfs_h4
_26358,aes_sbox_us22,main_sbox,bfs_h4
_26359,aes_key_expand_128_u0/aes_sbox_u2,kexp_sbox,bfs_h4
_26360,aes_key_expand_128_u0/aes_sbox_u2,kexp_sbox,bfs_h5
_26361,aes_sbox_us20,main_sbox,bfs_h5
_26362,aes_sbox_us20,main_sbox,bfs_h4
_26363,aes_key_expand_128_u0/aes_sbox_u2,kexp_sbox,bfs_h4
_26364,aes_sbox_us20,main_sbox,bfs_h5
_26365,aes_sbox_us22,main_sbox,bfs_h5
_26366,aes_key_expand_128_u0/aes_sbox_u2,kexp_sbox,bfs_h4
_26367,aes_sbox_us20,main_sbox,bfs_h5
_26368,aes_sbox_us20,main_sbox,bfs_h5
_26369,aes_sbox_us20,main_sbox,bfs_h4
_26370,aes_sbox_us20,main_sbox,bfs_h3
_26371,aes_sbox_us20,main_sbox,bfs_h2
_26372,aes_key_expand_128_u0/aes_sbox_u2,kexp_sbox,bfs_h2
_26373,aes_key_expand_128_u0/aes_sbox_u2,kexp_sbox,bfs_h3
_26374,aes_key_expand_128_u0/aes_sbox_u2,kexp_sbox,bfs_h3
_26375,aes_key_expand_128_u0/aes_sbox_u2,kexp_sbox,bfs_h3
_26376,aes_sbox_us20,main_sbox,bfs_h5
_26377,aes_key_expand_128_u0/aes_sbox_u2,kexp_sbox,bfs_h4
_26378,aes_sbox_us20,main_sbox,bfs_h5
_26379,aes_sbox_us20,main_sbox,bfs_h4
_26380,aes_sbox_us22,main_sbox,bfs_h4
_26381,aes_key_expand_128_u0/aes_sbox_u2,kexp_sbox,bfs_h4
_26382,aes_sbox_us20,main_sbox,bfs_h4
_26383,aes_sbox_us20,main_sbox,bfs_h4
_26384,aes_sbox_us20,main_sbox,bfs_h5
_26385,aes_sbox_us20,main_sbox,bfs_h4
_26386,aes_key_expand_128_u0/aes_sbox_u2,kexp_sbox,bfs_h4
_26387,aes_key_expand_128_u0/aes_sbox_u2,kexp_sbox,bfs_h5
_26388,aes_key_expand_128_u0/aes_sbox_u2,kexp_sbox,bfs_h4
_26389,aes_key_expand_128_u0/aes_sbox_u2,kexp_sbox,bfs_h5
_26390,aes_sbox_us22,main_sbox,bfs_h4
_26391,aes_sbox_us22,main_sbox,bfs_h5
_26392,aes_key_expand_128_u0/aes_sbox_u2,kexp_sbox,bfs_h5
_26393,aes_sbox_us20,main_sbox,bfs_h5
_26394,aes_sbox_us20,main_sbox,bfs_h4
_26395,aes_sbox_us20,main_sbox,bfs_h4
_26396,aes_sbox_us20,main_sbox,bfs_h3
_26397,aes_sbox_us20,main_sbox,bfs_h5
_26398,aes_key_expand_128_u0/aes_sbox_u2,kexp_sbox,bfs_h4
_26399,aes_sbox_us20,main_sbox,bfs_h4
_26400,aes_key_expand_128_u0/aes_sbox_u2,kexp_sbox,bfs_h4
_26401,aes_sbox_us20,main_sbox,bfs_h5
_26402,aes_key_expand_128_u0/aes_sbox_u2,kexp_sbox,bfs_h5
_26403,aes_sbox_us20,main_sbox,bfs_h4
_26404,aes_sbox_us20,main_sbox,bfs_h3
_26405,aes_key_expand_128_u0/aes_sbox_u2,kexp_sbox,bfs_h5
_26406,aes_sbox_us20,main_sbox,bfs_h5
_26407,aes_key_expand_128_u0/aes_sbox_u2,kexp_sbox,bfs_h5
_26408,aes_key_expand_128_u0/aes_sbox_u2,kexp_sbox,bfs_h4
_26409,aes_key_expand_128_u0/aes_sbox_u2,kexp_sbox,bfs_h5
_26410,aes_sbox_us20,main_sbox,bfs_h5
_26411,aes_key_expand_128_u0/aes_sbox_u2,kexp_sbox,bfs_h5
_26412,aes_sbox_us22,main_sbox,bfs_h5
_26413,aes_sbox_us20,main_sbox,bfs_h5
_26414,aes_sbox_us22,main_sbox,bfs_h5
_26415,aes_sbox_us20,main_sbox,bfs_h5
_26416,aes_sbox_us20,main_sbox,bfs_h5
_26417,aes_sbox_us20,main_sbox,bfs_h5
_26418,aes_sbox_us20,main_sbox,bfs_h5
_26419,aes_sbox_us20,main_sbox,bfs_h4
_26420,aes_sbox_us20,main_sbox,bfs_h3
_26421,aes_sbox_us20,main_sbox,bfs_h2
_26422,aes_sbox_us20,main_sbox,bfs_h1
_26423,aes_sbox_us20,main_sbox,bfs_h5
_26424,aes_sbox_us20,main_sbox,bfs_h5
_26425,aes_sbox_us20,main_sbox,bfs_h4
_26426,aes_sbox_us20,main_sbox,bfs_h5
_26427,aes_sbox_us20,main_sbox,bfs_h5
_26428,aes_sbox_us20,main_sbox,bfs_h4
_26429,aes_sbox_us20,main_sbox,bfs_h3
_26430,aes_sbox_us20,main_sbox,bfs_h5
_26431,aes_sbox_us20,main_sbox,bfs_h5
_26432,aes_sbox_us20,main_sbox,bfs_h4
_26433,aes_sbox_us20,main_sbox,bfs_h5
_26434,aes_key_expand_128_u0/aes_sbox_u2,kexp_sbox,bfs_h5
_26435,aes_sbox_us20,main_sbox,bfs_h4
_26436,aes_sbox_us20,main_sbox,bfs_h3
_26437,aes_sbox_us20,main_sbox,bfs_h2
_26438,aes_sbox_us20,main_sbox,bfs_h4
_26439,aes_sbox_us20,main_sbox,bfs_h5
_26440,aes_sbox_us20,main_sbox,bfs_h4
_26441,aes_sbox_us20,main_sbox,bfs_h5
_26442,aes_sbox_us20,main_sbox,bfs_h5
_26443,aes_sbox_us20,main_sbox,bfs_h5
_26444,aes_sbox_us20,main_sbox,bfs_h4
_26445,aes_sbox_us20,main_sbox,bfs_h3
_26446,aes_cipher_top,top,bfs_h5
_26447,aes_sbox_us20,main_sbox,bfs_h5
_26448,aes_sbox_us20,main_sbox,bfs_h5
_26449,aes_sbox_us20,main_sbox,bfs_h4
_26450,aes_key_expand_128_u0/aes_sbox_u2,kexp_sbox,bfs_h4
_26451,aes_key_expand_128_u0/aes_sbox_u2,kexp_sbox,bfs_h5
_26452,aes_sbox_us22,main_sbox,bfs_h4
_26453,aes_sbox_us20,main_sbox,bfs_h4
_26454,aes_sbox_us20,main_sbox,bfs_h3
_26455,aes_sbox_us20,main_sbox,bfs_h2
_26456,aes_key_expand_128_u0/aes_sbox_u2,kexp_sbox,bfs_h4
_26457,aes_key_expand_128_u0/aes_sbox_u2,kexp_sbox,bfs_h4
_26458,aes_key_expand_128_u0/aes_sbox_u2,kexp_sbox,bfs_h5
_26459,aes_sbox_us20,main_sbox,bfs_h5
_26460,aes_sbox_us20,main_sbox,bfs_h4
_26461,aes_key_expand_128_u0/aes_sbox_u2,kexp_sbox,bfs_h5
_26462,aes_sbox_us22,main_sbox,bfs_h4
_26463,aes_sbox_us22,main_sbox,bfs_h4
_26464,aes_key_expand_128_u0/aes_sbox_u2,kexp_sbox,bfs_h4
_26465,aes_sbox_us20,main_sbox,bfs_h4
_26466,aes_sbox_us20,main_sbox,bfs_h3
_26467,aes_sbox_us20,main_sbox,bfs_h3
_26468,aes_cipher_top,top,unassigned
_26469,aes_sbox_us20,main_sbox,bfs_h5
_26470,aes_sbox_us20,main_sbox,bfs_h4
_26471,aes_sbox_us20,main_sbox,bfs_h4
_26472,aes_sbox_us22,main_sbox,bfs_h4
_26473,aes_sbox_us22,main_sbox,bfs_h5
_26474,aes_key_expand_128_u0/aes_sbox_u2,kexp_sbox,bfs_h4
_26475,aes_sbox_us20,main_sbox,bfs_h4
_26476,aes_sbox_us20,main_sbox,bfs_h3
_26477,aes_sbox_us20,main_sbox,bfs_h2
_26478,aes_sbox_us20,main_sbox,bfs_h5
_26479,aes_key_expand_128_u0/aes_sbox_u2,kexp_sbox,bfs_h4
_26480,aes_sbox_us20,main_sbox,bfs_h5
_26481,aes_sbox_us20,main_sbox,bfs_h4
_26482,aes_key_expand_128_u0/aes_sbox_u2,kexp_sbox,bfs_h4
_26483,aes_cipher_top,top,unassigned
_26484,aes_sbox_us20,main_sbox,bfs_h5
_26485,aes_sbox_us20,main_sbox,bfs_h4
_26486,aes_sbox_us20,main_sbox,bfs_h3
_26487,aes_sbox_us20,main_sbox,bfs_h4
_26488,aes_key_expand_128_u0/aes_sbox_u2,kexp_sbox,bfs_h5
_26489,aes_cipher_top,top,unassigned
_26490,aes_sbox_us20,main_sbox,bfs_h5
_26491,aes_sbox_us20,main_sbox,bfs_h4
_26492,aes_sbox_us20,main_sbox,bfs_h4
_26493,aes_sbox_us20,main_sbox,bfs_h3
_26494,aes_sbox_us20,main_sbox,bfs_h2
_26495,aes_sbox_us20,main_sbox,bfs_h1
_26496,aes_sbox_us20,main_sbox,bfs_h5
_26497,aes_key_expand_128_u0/aes_sbox_u2,kexp_sbox,bfs_h4
_26498,aes_sbox_us20,main_sbox,bfs_h5
_26499,aes_key_expand_128_u0/aes_sbox_u2,kexp_sbox,bfs_h5
_26500,aes_sbox_us22,main_sbox,bfs_h5
_26501,aes_key_expand_128_u0/aes_sbox_u2,kexp_sbox,bfs_h4
_26502,aes_sbox_us22,main_sbox,bfs_h6
_26503,aes_sbox_us20,main_sbox,bfs_h5
_26504,aes_sbox_us20,main_sbox,bfs_h4
_26505,aes_sbox_us20,main_sbox,bfs_h4
_26506,aes_sbox_us22,main_sbox,bfs_h5
_26507,aes_sbox_us22,main_sbox,bfs_h6
_26508,aes_sbox_us20,main_sbox,bfs_h5
_26509,aes_sbox_us22,main_sbox,bfs_h6
_26510,aes_sbox_us20,main_sbox,bfs_h5
_26511,aes_sbox_us20,main_sbox,bfs_h4
_26512,aes_sbox_us20,main_sbox,bfs_h3
_26513,aes_cipher_top,top,bfs_h4
_26514,aes_key_expand_128_u0/aes_sbox_u2,kexp_sbox,bfs_h5
_26515,aes_key_expand_128_u0/aes_sbox_u2,kexp_sbox,bfs_h5
_26516,aes_key_expand_128_u0/aes_sbox_u2,kexp_sbox,bfs_h5
_26517,aes_sbox_us20,main_sbox,bfs_h5
_26518,aes_sbox_us20,main_sbox,bfs_h4
_26519,aes_key_expand_128_u0/aes_sbox_u2,kexp_sbox,bfs_h4
_26520,aes_key_expand_128_u0/aes_sbox_u2,kexp_sbox,bfs_h5
_26521,aes_sbox_us22,main_sbox,bfs_h4
_26522,aes_sbox_us20,main_sbox,bfs_h5
_26523,aes_sbox_us22,main_sbox,bfs_h4
_26524,aes_sbox_us20,main_sbox,bfs_h5
_26525,aes_sbox_us20,main_sbox,bfs_h4
_26526,aes_sbox_us20,main_sbox,bfs_h3
_26527,aes_sbox_us20,main_sbox,bfs_h2
_26528,aes_sbox_us22,main_sbox,bfs_h4
_26529,aes_sbox_us22,main_sbox,bfs_h4
_26530,aes_sbox_us20,main_sbox,bfs_h5
_26531,aes_key_expand_128_u0/aes_sbox_u2,kexp_sbox,bfs_h5
_26532,aes_sbox_us20,main_sbox,bfs_h5
_26533,aes_sbox_us20,main_sbox,bfs_h4
_26534,aes_sbox_us20,main_sbox,bfs_h4
_26535,aes_sbox_us22,main_sbox,bfs_h5
_26536,aes_cipher_top,top,bfs_h5
_26537,aes_key_expand_128_u0/aes_sbox_u2,kexp_sbox,bfs_h4
_26538,aes_sbox_us20,main_sbox,bfs_h5
_26539,aes_sbox_us20,main_sbox,bfs_h5
_26540,aes_sbox_us20,main_sbox,bfs_h5
_26541,aes_sbox_us20,main_sbox,bfs_h4
_26542,aes_sbox_us20,main_sbox,bfs_h4
_26543,aes_sbox_us20,main_sbox,bfs_h3
_26544,aes_key_expand_128_u0/aes_sbox_u2,kexp_sbox,bfs_h5
_26545,aes_key_expand_128_u0/aes_sbox_u2,kexp_sbox,bfs_h5
_26546,aes_sbox_us20,main_sbox,bfs_h5
_26547,aes_key_expand_128_u0/aes_sbox_u2,kexp_sbox,bfs_h5
_26548,aes_sbox_us22,main_sbox,bfs_h4
_26549,aes_sbox_us22,main_sbox,bfs_h4
_26550,aes_sbox_us20,main_sbox,bfs_h5
_26551,aes_sbox_us20,main_sbox,bfs_h4
_26552,aes_key_expand_128_u0/aes_sbox_u2,kexp_sbox,bfs_h5
_26553,aes_sbox_us20,main_sbox,bfs_h4
_26554,aes_sbox_us20,main_sbox,bfs_h5
_26555,aes_sbox_us20,main_sbox,bfs_h5
_26556,aes_sbox_us20,main_sbox,bfs_h4
_26557,aes_sbox_us20,main_sbox,bfs_h3
_26558,aes_sbox_us20,main_sbox,bfs_h2
_26559,aes_sbox_us20,main_sbox,bfs_h1
_26560,aes_key_expand_128_u0/aes_sbox_u2,kexp_sbox,bfs_h4
_26561,aes_cipher_top,top,unassigned
_26562,aes_sbox_us20,main_sbox,bfs_h5
_26563,aes_sbox_us20,main_sbox,bfs_h5
_26564,aes_sbox_us20,main_sbox,bfs_h4
_26565,aes_sbox_us20,main_sbox,bfs_h5
_26566,aes_key_expand_128_u0/aes_sbox_u2,kexp_sbox,bfs_h5
_26567,aes_key_expand_128_u0/aes_sbox_u2,kexp_sbox,bfs_h4
_26568,aes_sbox_us20,main_sbox,bfs_h5
_26569,aes_sbox_us20,main_sbox,bfs_h4
_26570,aes_sbox_us20,main_sbox,bfs_h3
_26571,aes_sbox_us20,main_sbox,bfs_h4
_26572,aes_key_expand_128_u0/aes_sbox_u2,kexp_sbox,bfs_h5
_26573,aes_sbox_us20,main_sbox,bfs_h4
_26574,aes_sbox_us20,main_sbox,bfs_h5
_26575,aes_sbox_us20,main_sbox,bfs_h5
_26576,aes_sbox_us20,main_sbox,bfs_h4
_26577,aes_sbox_us20,main_sbox,bfs_h3
_26578,aes_sbox_us20,main_sbox,bfs_h2
_26579,aes_key_expand_128_u0/aes_sbox_u2,kexp_sbox,bfs_h4
_26580,aes_sbox_us22,main_sbox,bfs_h4
_26581,aes_key_expand_128_u0/aes_sbox_u2,kexp_sbox,bfs_h4
_26582,aes_sbox_us20,main_sbox,bfs_h4
_26583,aes_sbox_us22,main_sbox,bfs_h4
_26584,aes_sbox_us20,main_sbox,bfs_h5
_26585,aes_sbox_us20,main_sbox,bfs_h4
_26586,aes_sbox_us20,main_sbox,bfs_h3
_26587,aes_sbox_us20,main_sbox,bfs_h5
_26588,aes_sbox_us20,main_sbox,bfs_h5
_26589,aes_sbox_us20,main_sbox,bfs_h4
_26590,aes_sbox_us20,main_sbox,bfs_h5
_26591,aes_sbox_us20,main_sbox,bfs_h4
_26592,aes_sbox_us20,main_sbox,bfs_h3
_26593,aes_sbox_us20,main_sbox,bfs_h2
_26594,aes_sbox_us20,main_sbox,bfs_h4
_26595,aes_sbox_us20,main_sbox,bfs_h5
_26596,aes_sbox_us20,main_sbox,bfs_h4
_26597,aes_sbox_us20,main_sbox,bfs_h3
_26598,aes_key_expand_128_u0/aes_sbox_u2,kexp_sbox,bfs_h5
_26599,aes_sbox_us20,main_sbox,bfs_h5
_26600,aes_sbox_us20,main_sbox,bfs_h5
_26601,aes_sbox_us20,main_sbox,bfs_h4
_26602,aes_key_expand_128_u0/aes_sbox_u2,kexp_sbox,bfs_h4
_26603,aes_key_expand_128_u0/aes_sbox_u2,kexp_sbox,bfs_h5
_26604,aes_sbox_us20,main_sbox,bfs_h4
_26605,aes_sbox_us20,main_sbox,bfs_h3
_26606,aes_sbox_us20,main_sbox,bfs_h2
_26607,aes_sbox_us20,main_sbox,bfs_h4
_26608,aes_sbox_us20,main_sbox,bfs_h3
_26609,aes_sbox_us20,main_sbox,bfs_h4
_26610,aes_sbox_us22,main_sbox,bfs_h4
_26611,aes_sbox_us20,main_sbox,bfs_h5
_26612,aes_sbox_us20,main_sbox,bfs_h4
_26613,aes_sbox_us20,main_sbox,bfs_h3
_26614,aes_sbox_us20,main_sbox,bfs_h4
_26615,aes_key_expand_128_u0/aes_sbox_u2,kexp_sbox,bfs_h5
_26616,aes_sbox_us20,main_sbox,bfs_h5
_26617,aes_sbox_us20,main_sbox,bfs_h4
_26618,aes_sbox_us20,main_sbox,bfs_h3
_26619,aes_sbox_us20,main_sbox,bfs_h2
_26620,aes_sbox_us20,main_sbox,bfs_h1
_26621,aes_sbox_us20,main_sbox,bfs_h4
_26622,aes_sbox_us20,main_sbox,bfs_h4
_26623,aes_key_expand_128_u0/aes_sbox_u2,kexp_sbox,bfs_h5
_26624,aes_key_expand_128_u0/aes_sbox_u2,kexp_sbox,bfs_h5
_26625,aes_sbox_us20,main_sbox,bfs_h4
_26626,aes_sbox_us20,main_sbox,bfs_h3
_26627,aes_sbox_us20,main_sbox,bfs_h3
_26628,aes_sbox_us20,main_sbox,bfs_h4
_26629,aes_sbox_us20,main_sbox,bfs_h3
_26630,aes_sbox_us20,main_sbox,bfs_h2
_26631,aes_sbox_us20,main_sbox,bfs_h2
_26632,aes_key_expand_128_u0/aes_sbox_u2,kexp_sbox,bfs_h3
_26633,aes_sbox_us20,main_sbox,bfs_h4
_26634,aes_sbox_us20,main_sbox,bfs_h5
_26635,aes_key_expand_128_u0/aes_sbox_u2,kexp_sbox,bfs_h5
_26636,aes_sbox_us20,main_sbox,bfs_h4
_26637,aes_sbox_us22,main_sbox,bfs_h4
_26638,aes_sbox_us22,main_sbox,bfs_h5
_26639,aes_sbox_us20,main_sbox,bfs_h4
_26640,aes_sbox_us20,main_sbox,bfs_h5
_26641,aes_sbox_us22,main_sbox,bfs_h4
_26642,aes_sbox_us20,main_sbox,bfs_h5
_26643,aes_sbox_us20,main_sbox,bfs_h4
_26644,aes_sbox_us20,main_sbox,bfs_h3
_26645,aes_sbox_us20,main_sbox,bfs_h2
_26646,aes_key_expand_128_u0/aes_sbox_u2,kexp_sbox,bfs_h5
_26647,aes_sbox_us20,main_sbox,bfs_h4
_26648,aes_key_expand_128_u0/aes_sbox_u2,kexp_sbox,bfs_h4
_26649,aes_sbox_us20,main_sbox,bfs_h4
_26650,aes_sbox_us20,main_sbox,bfs_h3
_26651,aes_sbox_us20,main_sbox,bfs_h5
_26652,aes_key_expand_128_u0/aes_sbox_u2,kexp_sbox,bfs_h5
_26653,aes_sbox_us20,main_sbox,bfs_h5
_26654,aes_sbox_us20,main_sbox,bfs_h4
_26655,aes_sbox_us20,main_sbox,bfs_h5
_26656,aes_sbox_us20,main_sbox,bfs_h4
_26657,aes_sbox_us20,main_sbox,bfs_h3
_26658,aes_key_expand_128_u0/aes_sbox_u2,kexp_sbox,bfs_h5
_26659,aes_key_expand_128_u0/aes_sbox_u2,kexp_sbox,bfs_h4
_26660,aes_sbox_us20,main_sbox,bfs_h5
_26661,aes_sbox_us22,main_sbox,bfs_h5
_26662,aes_key_expand_128_u0/aes_sbox_u2,kexp_sbox,bfs_h4
_26663,aes_sbox_us20,main_sbox,bfs_h5
_26664,aes_sbox_us20,main_sbox,bfs_h4
_26665,aes_sbox_us20,main_sbox,bfs_h4
_26666,aes_sbox_us20,main_sbox,bfs_h3
_26667,aes_sbox_us20,main_sbox,bfs_h4
_26668,aes_sbox_us20,main_sbox,bfs_h4
_26669,aes_sbox_us20,main_sbox,bfs_h3
_26670,aes_sbox_us20,main_sbox,bfs_h2
_26671,aes_sbox_us20,main_sbox,bfs_h3
_26672,aes_sbox_us20,main_sbox,bfs_h2
_26673,aes_sbox_us20,main_sbox,bfs_h1
_26674,aes_sbox_us20,main_sbox,bfs_h5
_26675,aes_sbox_us20,main_sbox,bfs_h5
_26676,aes_sbox_us20,main_sbox,bfs_h4
_26677,aes_sbox_us22,main_sbox,bfs_h4
_26678,aes_sbox_us22,main_sbox,bfs_h5
_26679,aes_sbox_us20,main_sbox,bfs_h4
_26680,aes_sbox_us20,main_sbox,bfs_h4
_26681,aes_sbox_us20,main_sbox,bfs_h3
_26682,aes_sbox_us20,main_sbox,bfs_h4
_26683,aes_sbox_us20,main_sbox,bfs_h5
_26684,aes_sbox_us20,main_sbox,bfs_h5
_26685,aes_sbox_us20,main_sbox,bfs_h4
_26686,aes_sbox_us20,main_sbox,bfs_h3
_26687,aes_sbox_us20,main_sbox,bfs_h2
_26688,aes_sbox_us20,main_sbox,bfs_h5
_26689,aes_key_expand_128_u0/aes_sbox_u2,kexp_sbox,bfs_h4
_26690,aes_sbox_us20,main_sbox,bfs_h4
_26691,aes_sbox_us20,main_sbox,bfs_h4
_26692,aes_sbox_us20,main_sbox,bfs_h4
_26693,aes_key_expand_128_u0/aes_sbox_u2,kexp_sbox,bfs_h5
_26694,aes_cipher_top,top,unassigned
_26695,aes_sbox_us20,main_sbox,bfs_h5
_26696,aes_sbox_us20,main_sbox,bfs_h5
_26697,aes_sbox_us20,main_sbox,bfs_h4
_26698,aes_sbox_us20,main_sbox,bfs_h3
_26699,aes_sbox_us20,main_sbox,bfs_h2
_26700,aes_sbox_us20,main_sbox,bfs_h5
_26701,aes_key_expand_128_u0/aes_sbox_u2,kexp_sbox,bfs_h4
_26702,aes_sbox_us20,main_sbox,bfs_h4
_26703,aes_key_expand_128_u0/aes_sbox_u2,kexp_sbox,bfs_h4
_26704,aes_key_expand_128_u0/aes_sbox_u2,kexp_sbox,bfs_h4
_26705,aes_sbox_us20,main_sbox,bfs_h5
_26706,aes_sbox_us20,main_sbox,bfs_h4
_26707,aes_sbox_us22,main_sbox,bfs_h5
_26708,aes_sbox_us20,main_sbox,bfs_h5
_26709,aes_key_expand_128_u0/aes_sbox_u2,kexp_sbox,bfs_h4
_26710,aes_sbox_us20,main_sbox,bfs_h5
_26711,aes_sbox_us22,main_sbox,bfs_h5
_26712,aes_sbox_us20,main_sbox,bfs_h5
_26713,aes_key_expand_128_u0/aes_sbox_u2,kexp_sbox,bfs_h5
_26714,aes_sbox_us20,main_sbox,bfs_h5
_26715,aes_sbox_us20,main_sbox,bfs_h4
_26716,aes_sbox_us20,main_sbox,bfs_h3
_26717,aes_sbox_us20,main_sbox,bfs_h5
_26718,aes_key_expand_128_u0/aes_sbox_u2,kexp_sbox,bfs_h5
_26719,aes_sbox_us20,main_sbox,bfs_h5
_26720,aes_key_expand_128_u0/aes_sbox_u2,kexp_sbox,bfs_h5
_26721,aes_key_expand_128_u0/aes_sbox_u2,kexp_sbox,bfs_h4
_26722,aes_sbox_us20,main_sbox,bfs_h4
_26723,aes_sbox_us20,main_sbox,bfs_h4
_26724,aes_sbox_us20,main_sbox,bfs_h4
_26725,aes_key_expand_128_u0/aes_sbox_u2,kexp_sbox,bfs_h4
_26726,aes_sbox_us22,main_sbox,bfs_h5
_26727,aes_sbox_us20,main_sbox,bfs_h5
_26728,aes_sbox_us20,main_sbox,bfs_h4
_26729,aes_sbox_us20,main_sbox,bfs_h3
_26730,aes_sbox_us20,main_sbox,bfs_h2
_26731,aes_sbox_us20,main_sbox,bfs_h1
_26732,aes_sbox_us20,main_sbox,bfs_h4
_26733,aes_sbox_us20,main_sbox,bfs_h4
_26734,aes_sbox_us20,main_sbox,bfs_h3
_26735,aes_sbox_us20,main_sbox,bfs_h3
_26736,aes_sbox_us20,main_sbox,bfs_h2
_26737,aes_key_expand_128_u0/aes_sbox_u2,kexp_sbox,bfs_h5
_26738,aes_key_expand_128_u0/aes_sbox_u2,kexp_sbox,bfs_h2
_26739,aes_key_expand_128_u0/aes_sbox_u2,kexp_sbox,bfs_h3
_26740,aes_key_expand_128_u0/aes_sbox_u2,kexp_sbox,bfs_h3
_26741,aes_sbox_us20,main_sbox,bfs_h4
_26742,aes_sbox_us20,main_sbox,bfs_h5
_26743,aes_key_expand_128_u0/aes_sbox_u2,kexp_sbox,bfs_h4
_26744,aes_sbox_us20,main_sbox,bfs_h4
_26745,aes_sbox_us20,main_sbox,bfs_h3
_26746,aes_sbox_us20,main_sbox,bfs_h2
_26747,aes_sbox_us20,main_sbox,bfs_h4
_26748,aes_key_expand_128_u0/aes_sbox_u2,kexp_sbox,bfs_h4
_26749,aes_sbox_us20,main_sbox,bfs_h4
_26750,aes_sbox_us20,main_sbox,bfs_h3
_26751,aes_key_expand_128_u0/aes_sbox_u2,kexp_sbox,bfs_h5
_26752,aes_sbox_us20,main_sbox,bfs_h5
_26753,aes_key_expand_128_u0/aes_sbox_u2,kexp_sbox,bfs_h4
_26754,aes_sbox_us20,main_sbox,bfs_h5
_26755,aes_sbox_us20,main_sbox,bfs_h4
_26756,aes_sbox_us20,main_sbox,bfs_h3
_26757,aes_sbox_us20,main_sbox,bfs_h2
_26758,aes_key_expand_128_u0/aes_sbox_u2,kexp_sbox,bfs_h4
_26759,aes_sbox_us20,main_sbox,bfs_h5
_26760,aes_sbox_us20,main_sbox,bfs_h5
_26761,aes_sbox_us20,main_sbox,bfs_h4
_26762,aes_sbox_us20,main_sbox,bfs_h4
_26763,aes_sbox_us20,main_sbox,bfs_h4
_26764,aes_sbox_us20,main_sbox,bfs_h3
_26765,aes_sbox_us20,main_sbox,bfs_h4
_26766,aes_sbox_us20,main_sbox,bfs_h5
_26767,aes_key_expand_128_u0/aes_sbox_u2,kexp_sbox,bfs_h5
_26768,aes_sbox_us20,main_sbox,bfs_h4
_26769,aes_sbox_us20,main_sbox,bfs_h3
_26770,aes_sbox_us20,main_sbox,bfs_h2
_26771,aes_sbox_us20,main_sbox,bfs_h3
_26772,aes_key_expand_128_u0/aes_sbox_u2,kexp_sbox,bfs_h5
_26773,aes_sbox_us22,main_sbox,bfs_h5
_26774,aes_sbox_us20,main_sbox,bfs_h5
_26775,aes_key_expand_128_u0/aes_sbox_u2,kexp_sbox,bfs_h5
_26776,aes_sbox_us20,main_sbox,bfs_h5
_26777,aes_sbox_us20,main_sbox,bfs_h4
_26778,aes_key_expand_128_u0/aes_sbox_u2,kexp_sbox,bfs_h4
_26779,aes_sbox_us20,main_sbox,bfs_h4
_26780,aes_sbox_us22,main_sbox,bfs_h5
_26781,aes_sbox_us20,main_sbox,bfs_h4
_26782,aes_sbox_us20,main_sbox,bfs_h3
_26783,aes_sbox_us20,main_sbox,bfs_h3
_26784,aes_sbox_us20,main_sbox,bfs_h2
_26785,aes_sbox_us20,main_sbox,bfs_h1
_26786,aes_cipher_top,top,bfs_h2
_26787,aes_sbox_us33,main_sbox,bfs_h2
_26788,aes_sbox_us13,main_sbox,bfs_h3
_26789,aes_sbox_us13,main_sbox,bfs_h2
_26790,aes_sbox_us13,main_sbox,bfs_h3
_26791,aes_sbox_us23,main_sbox,bfs_h2
_26792,aes_sbox_us13,main_sbox,bfs_h2
_26793,aes_sbox_us13,main_sbox,bfs_h3
_26794,aes_cipher_top,top,bfs_h3
_26795,aes_sbox_us23,main_sbox,bfs_h2
_26796,aes_cipher_top,top,bfs_h2
_26797,aes_sbox_us13,main_sbox,bfs_h3
_26798,aes_sbox_us13,main_sbox,bfs_h3
_26799,aes_cipher_top,top,bfs_h3
_26800,aes_sbox_us23,main_sbox,bfs_h2
_26801,aes_sbox_us23,main_sbox,bfs_h3
_26802,aes_sbox_us23,main_sbox,bfs_h3
_26803,aes_cipher_top,top,bfs_h2
_26804,aes_sbox_us13,main_sbox,bfs_h1
_26805,aes_sbox_us13,main_sbox,bfs_h2
_26806,aes_sbox_us13,main_sbox,bfs_h2
_26807,aes_sbox_us13,main_sbox,bfs_h3
_26808,aes_sbox_us13,main_sbox,bfs_h3
_26809,aes_sbox_us23,main_sbox,bfs_h2
_26810,aes_sbox_us23,main_sbox,bfs_h3
_26811,aes_cipher_top,top,bfs_h3
_26812,aes_cipher_top,top,bfs_h4
_26813,aes_key_expand_128_u0,key_expand,bfs_h2
_26814,aes_key_expand_128_u0,key_expand,bfs_h3
_26815,aes_cipher_top,top,bfs_h4
_26816,aes_sbox_us23,main_sbox,bfs_h5
_26817,aes_cipher_top,top,bfs_h2
_26818,aes_cipher_top,top,bfs_h3
_26819,aes_sbox_us03,main_sbox,bfs_h2
_26820,aes_sbox_us23,main_sbox,bfs_h2
_26821,aes_sbox_us03,main_sbox,bfs_h3
_26822,aes_sbox_us33,main_sbox,bfs_h2
_26823,aes_sbox_us23,main_sbox,bfs_h2
_26824,aes_sbox_us23,main_sbox,bfs_h2
_26825,aes_sbox_us33,main_sbox,bfs_h2
_26826,aes_sbox_us03,main_sbox,bfs_h3
_26827,aes_cipher_top,top,bfs_h4
_26828,aes_cipher_top,top,bfs_h3
_26829,aes_cipher_top,top,bfs_h3
_26830,aes_cipher_top,top,bfs_h4
_26831,aes_cipher_top,top,bfs_h2
_26832,aes_sbox_us03,main_sbox,bfs_h3
_26833,aes_sbox_us23,main_sbox,bfs_h2
_26834,aes_sbox_us23,main_sbox,bfs_h3
_26835,aes_cipher_top,top,bfs_h3
_26836,aes_cipher_top,top,bfs_h3
_26837,aes_cipher_top,top,bfs_h4
_26838,aes_sbox_us23,main_sbox,bfs_h5
_26839,aes_sbox_us23,main_sbox,bfs_h3
_26840,aes_sbox_us23,main_sbox,bfs_h2
_26841,aes_sbox_us23,main_sbox,bfs_h3
_26842,aes_sbox_us23,main_sbox,bfs_h4
_26843,aes_cipher_top,top,bfs_h3
_26844,aes_cipher_top,top,bfs_h3
_26845,aes_cipher_top,top,bfs_h4
_26846,aes_sbox_us23,main_sbox,bfs_h5
_26847,aes_sbox_us23,main_sbox,bfs_h5
_26848,aes_sbox_us33,main_sbox,bfs_h1
_26849,aes_sbox_us33,main_sbox,bfs_h2
_26850,aes_sbox_us03,main_sbox,bfs_h1
_26851,aes_sbox_us03,main_sbox,bfs_h2
_26852,aes_sbox_us33,main_sbox,bfs_h2
_26853,aes_sbox_us33,main_sbox,bfs_h2
_26854,aes_cipher_top,top,bfs_h2
_26855,aes_sbox_us33,main_sbox,bfs_h3
_26856,aes_key_expand_128_u0,key_expand,bfs_h2
_26857,aes_sbox_us23,main_sbox,bfs_h5
_26858,aes_sbox_us21,main_sbox,bfs_h5
_26859,aes_cipher_top,top,bfs_h4
_26860,aes_sbox_us33,main_sbox,bfs_h1
_26861,aes_sbox_us03,main_sbox,bfs_h2
_26862,aes_sbox_us33,main_sbox,bfs_h1
_26863,aes_sbox_us33,main_sbox,bfs_h2
_26864,aes_cipher_top,top,bfs_h3
_26865,aes_cipher_top,top,bfs_h2
_26866,aes_key_expand_128_u0,key_expand,bfs_h2
_26867,aes_key_expand_128_u0,key_expand,bfs_h2
_26868,aes_sbox_us21,main_sbox,bfs_h6
_26869,aes_sbox_us21,main_sbox,bfs_h5
_26870,aes_sbox_us21,main_sbox,bfs_h5
_26871,aes_cipher_top,top,bfs_h5
_26872,aes_cipher_top,top,bfs_h4
_26873,aes_cipher_top,top,bfs_h5
_26874,aes_sbox_us21,main_sbox,bfs_h5
_26875,aes_sbox_us21,main_sbox,bfs_h5
_26876,aes_sbox_us33,main_sbox,bfs_h1
_26877,aes_sbox_us23,main_sbox,bfs_h2
_26878,aes_cipher_top,top,bfs_h2
_26879,aes_cipher_top,top,bfs_h3
_26880,aes_key_expand_128_u0,key_expand,bfs_h2
_26881,aes_sbox_us21,main_sbox,bfs_h5
_26882,aes_sbox_us21,main_sbox,bfs_h5
_26883,aes_sbox_us21,main_sbox,bfs_h4
_26884,aes_cipher_top,top,bfs_h3
_26885,aes_cipher_top,top,bfs_h4
_26886,aes_cipher_top,top,bfs_h4
_26887,aes_cipher_top,top,bfs_h3
_26888,aes_cipher_top,top,bfs_h4
_26889,aes_cipher_top,top,bfs_h5
_26890,aes_cipher_top,top,bfs_h5
_26891,aes_sbox_us21,main_sbox,bfs_h5
_26892,aes_sbox_us21,main_sbox,bfs_h5
_26893,aes_cipher_top,top,bfs_h4
_26894,aes_cipher_top,top,bfs_h5
_26895,aes_cipher_top,top,bfs_h4
_26896,aes_cipher_top,top,bfs_h5
_26897,aes_key_expand_128_u0/aes_sbox_u2,kexp_sbox,bfs_h4
_26898,aes_key_expand_128_u0/aes_sbox_u2,kexp_sbox,bfs_h5
_26899,aes_sbox_us21,main_sbox,bfs_h6
_26900,aes_sbox_us21,main_sbox,bfs_h5
_26901,aes_key_expand_128_u0,key_expand,bfs_h2
_26902,aes_key_expand_128_u0,key_expand,bfs_h3
_26903,aes_key_expand_128_u0,key_expand,bfs_h3
_26904,aes_sbox_us21,main_sbox,bfs_h6
_26905,aes_sbox_us21,main_sbox,bfs_h6
_26906,aes_sbox_us21,main_sbox,bfs_h5
_26907,aes_sbox_us21,main_sbox,bfs_h4
_26908,aes_sbox_us21,main_sbox,bfs_h3
_26909,aes_sbox_us23,main_sbox,bfs_h5
_26910,aes_key_expand_128_u0,key_expand,bfs_h3
_26911,aes_key_expand_128_u0,key_expand,bfs_h2
_26912,aes_cipher_top,top,bfs_h6
_26913,aes_sbox_us21,main_sbox,bfs_h5
_26914,aes_sbox_us21,main_sbox,bfs_h5
_26915,aes_cipher_top,top,bfs_h5
_26916,aes_sbox_us23,main_sbox,bfs_h5
_26917,aes_sbox_us23,main_sbox,bfs_h5
_26918,aes_sbox_us23,main_sbox,bfs_h4
_26919,aes_sbox_us21,main_sbox,bfs_h5
_26920,aes_sbox_us21,main_sbox,bfs_h5
_26921,aes_sbox_us21,main_sbox,bfs_h4
_26922,aes_sbox_us21,main_sbox,bfs_h4
_26923,aes_sbox_us21,main_sbox,bfs_h5
_26924,aes_sbox_us21,main_sbox,bfs_h4
_26925,aes_cipher_top,top,bfs_h5
_26926,aes_cipher_top,top,bfs_h5
_26927,aes_cipher_top,top,bfs_h5
_26928,aes_cipher_top,top,bfs_h4
_26929,aes_cipher_top,top,bfs_h5
_26930,aes_cipher_top,top,bfs_h6
_26931,aes_sbox_us21,main_sbox,bfs_h5
_26932,aes_sbox_us21,main_sbox,bfs_h5
_26933,aes_cipher_top,top,bfs_h5
_26934,aes_cipher_top,top,bfs_h4
_26935,aes_cipher_top,top,bfs_h4
_26936,aes_cipher_top,top,bfs_h5
_26937,aes_key_expand_128_u0/aes_sbox_u2,kexp_sbox,bfs_h5
_26938,aes_sbox_us21,main_sbox,bfs_h5
_26939,aes_sbox_us21,main_sbox,bfs_h5
_26940,aes_sbox_us21,main_sbox,bfs_h4
_26941,aes_sbox_us21,main_sbox,bfs_h4
_26942,aes_sbox_us21,main_sbox,bfs_h3
_26943,aes_sbox_us33,main_sbox,bfs_h1
_26944,aes_sbox_us23,main_sbox,bfs_h1
_26945,aes_sbox_us03,main_sbox,bfs_h2
_26946,aes_cipher_top,top,bfs_h2
_26947,aes_cipher_top,top,bfs_h3
_26948,aes_key_expand_128_u0,key_expand,bfs_h2
_26949,aes_sbox_us21,main_sbox,bfs_h4
_26950,aes_sbox_us21,main_sbox,bfs_h3
_26951,aes_sbox_us21,main_sbox,bfs_h2
_26952,aes_cipher_top,top,bfs_h5
_26953,aes_cipher_top,top,bfs_h5
_26954,aes_sbox_us23,main_sbox,bfs_h5
_26955,aes_cipher_top,top,bfs_h5
_26956,aes_sbox_us23,main_sbox,bfs_h5
_26957,aes_sbox_us21,main_sbox,bfs_h5
_26958,aes_sbox_us21,main_sbox,bfs_h4
_26959,aes_sbox_us23,main_sbox,bfs_h5
_26960,aes_cipher_top,top,bfs_h5
_26961,aes_cipher_top,top,bfs_h5
_26962,aes_sbox_us21,main_sbox,bfs_h5
_26963,aes_sbox_us21,main_sbox,bfs_h4
_26964,aes_sbox_us21,main_sbox,bfs_h3
_26965,aes_sbox_us23,main_sbox,bfs_h5
_26966,aes_cipher_top,top,bfs_h4
_26967,aes_cipher_top,top,bfs_h5
_26968,aes_cipher_top,top,bfs_h5
_26969,aes_sbox_us23,main_sbox,bfs_h4
_26970,aes_sbox_us21,main_sbox,bfs_h6
_26971,aes_sbox_us21,main_sbox,bfs_h5
_26972,aes_sbox_us21,main_sbox,bfs_h4
_26973,aes_cipher_top,top,bfs_h5
_26974,aes_sbox_us21,main_sbox,bfs_h4
_26975,aes_key_expand_128_u0/aes_sbox_u2,kexp_sbox,bfs_h5
_26976,aes_sbox_us23,main_sbox,bfs_h4
_26977,aes_sbox_us21,main_sbox,bfs_h5
_26978,aes_cipher_top,top,bfs_h5
_26979,aes_cipher_top,top,bfs_h4
_26980,aes_sbox_us21,main_sbox,bfs_h5
_26981,aes_sbox_us21,main_sbox,bfs_h4
_26982,aes_sbox_us21,main_sbox,bfs_h4
_26983,aes_sbox_us21,main_sbox,bfs_h3
_26984,aes_sbox_us21,main_sbox,bfs_h3
_26985,aes_sbox_us21,main_sbox,bfs_h3
_26986,aes_sbox_us23,main_sbox,bfs_h2
_26987,aes_sbox_us33,main_sbox,bfs_h2
_26988,aes_sbox_us33,main_sbox,bfs_h3
_26989,aes_cipher_top,top,bfs_h2
_26990,aes_cipher_top,top,bfs_h3
_26991,aes_key_expand_128_u0,key_expand,bfs_h2
_26992,aes_sbox_us21,main_sbox,bfs_h3
_26993,aes_sbox_us21,main_sbox,bfs_h2
_26994,aes_sbox_us21,main_sbox,bfs_h5
_26995,aes_sbox_us21,main_sbox,bfs_h5
_26996,aes_sbox_us21,main_sbox,bfs_h5
_26997,aes_cipher_top,top,bfs_h5
_26998,aes_sbox_us21,main_sbox,bfs_h5
_26999,aes_sbox_us21,main_sbox,bfs_h5
_27000,aes_sbox_us21,main_sbox,bfs_h5
_27001,aes_sbox_us21,main_sbox,bfs_h5
_27002,aes_cipher_top,top,bfs_h5
_27003,aes_cipher_top,top,bfs_h4
_27004,aes_cipher_top,top,bfs_h5
_27005,aes_sbox_us21,main_sbox,bfs_h5
_27006,aes_sbox_us21,main_sbox,bfs_h4
_27007,aes_sbox_us21,main_sbox,bfs_h5
_27008,aes_sbox_us21,main_sbox,bfs_h4
_27009,aes_sbox_us21,main_sbox,bfs_h4
_27010,aes_cipher_top,top,bfs_h6
_27011,aes_sbox_us21,main_sbox,bfs_h5
_27012,aes_sbox_us21,main_sbox,bfs_h5
_27013,aes_cipher_top,top,bfs_h5
_27014,aes_sbox_us23,main_sbox,bfs_h5
_27015,aes_sbox_us21,main_sbox,bfs_h5
_27016,aes_sbox_us21,main_sbox,bfs_h4
_27017,aes_sbox_us21,main_sbox,bfs_h3
_27018,aes_sbox_us21,main_sbox,bfs_h3
_27019,aes_cipher_top,top,bfs_h4
_27020,aes_cipher_top,top,bfs_h5
_27021,aes_sbox_us21,main_sbox,bfs_h5
_27022,aes_sbox_us21,main_sbox,bfs_h5
_27023,aes_cipher_top,top,bfs_h4
_27024,aes_cipher_top,top,bfs_h5
_27025,aes_sbox_us23,main_sbox,bfs_h5
_27026,aes_sbox_us21,main_sbox,bfs_h6
_27027,aes_sbox_us21,main_sbox,bfs_h5
_27028,aes_sbox_us23,main_sbox,bfs_h5
_27029,aes_cipher_top,top,bfs_h4
_27030,aes_cipher_top,top,bfs_h5
_27031,aes_sbox_us21,main_sbox,bfs_h6
_27032,aes_sbox_us21,main_sbox,bfs_h5
_27033,aes_sbox_us21,main_sbox,bfs_h4
_27034,aes_cipher_top,top,bfs_h5
_27035,aes_sbox_us21,main_sbox,bfs_h5
_27036,aes_sbox_us21,main_sbox,bfs_h5
_27037,aes_sbox_us21,main_sbox,bfs_h5
_27038,aes_sbox_us21,main_sbox,bfs_h4
_27039,aes_sbox_us21,main_sbox,bfs_h5
_27040,aes_cipher_top,top,bfs_h4
_27041,aes_cipher_top,top,bfs_h5
_27042,aes_sbox_us21,main_sbox,bfs_h5
_27043,aes_sbox_us21,main_sbox,bfs_h4
_27044,aes_sbox_us21,main_sbox,bfs_h3
_27045,aes_sbox_us21,main_sbox,bfs_h3
_27046,aes_sbox_us21,main_sbox,bfs_h2
_27047,aes_sbox_us21,main_sbox,bfs_h1
_27048,aes_sbox_us23,main_sbox,bfs_h5
_27049,aes_sbox_us21,main_sbox,bfs_h5
_27050,aes_key_expand_128_u0/aes_sbox_u2,kexp_sbox,bfs_h5
_27051,aes_sbox_us23,main_sbox,bfs_h5
_27052,aes_sbox_us21,main_sbox,bfs_h5
_27053,aes_sbox_us21,main_sbox,bfs_h5
_27054,aes_cipher_top,top,bfs_h4
_27055,aes_cipher_top,top,bfs_h5
_27056,aes_sbox_us21,main_sbox,bfs_h5
_27057,aes_sbox_us23,main_sbox,bfs_h5
_27058,aes_sbox_us21,main_sbox,bfs_h5
_27059,aes_sbox_us21,main_sbox,bfs_h5
_27060,aes_sbox_us21,main_sbox,bfs_h4
_27061,aes_sbox_us21,main_sbox,bfs_h5
_27062,aes_sbox_us23,main_sbox,bfs_h5
_27063,aes_sbox_us21,main_sbox,bfs_h5
_27064,aes_sbox_us21,main_sbox,bfs_h4
_27065,aes_sbox_us23,main_sbox,bfs_h5
_27066,aes_sbox_us21,main_sbox,bfs_h6
_27067,aes_sbox_us23,main_sbox,bfs_h5
_27068,aes_cipher_top,top,bfs_h5
_27069,aes_sbox_us21,main_sbox,bfs_h5
_27070,aes_sbox_us21,main_sbox,bfs_h4
_27071,aes_sbox_us21,main_sbox,bfs_h3
_27072,aes_cipher_top,top,bfs_h5
_27073,aes_cipher_top,top,bfs_h5
_27074,aes_sbox_us21,main_sbox,bfs_h5
_27075,aes_cipher_top,top,bfs_h5
_27076,aes_sbox_us21,main_sbox,bfs_h6
_27077,aes_sbox_us23,main_sbox,bfs_h4
_27078,aes_sbox_us23,main_sbox,bfs_h5
_27079,aes_sbox_us21,main_sbox,bfs_h5
_27080,aes_sbox_us21,main_sbox,bfs_h5
_27081,aes_sbox_us21,main_sbox,bfs_h5
_27082,aes_sbox_us21,main_sbox,bfs_h4
_27083,aes_cipher_top,top,bfs_h4
_27084,aes_cipher_top,top,bfs_h5
_27085,aes_sbox_us21,main_sbox,bfs_h5
_27086,aes_sbox_us23,main_sbox,bfs_h4
_27087,aes_sbox_us21,main_sbox,bfs_h5
_27088,aes_sbox_us21,main_sbox,bfs_h5
_27089,aes_sbox_us21,main_sbox,bfs_h5
_27090,aes_cipher_top,top,bfs_h5
_27091,aes_sbox_us21,main_sbox,bfs_h6
_27092,aes_sbox_us21,main_sbox,bfs_h6
_27093,aes_sbox_us21,main_sbox,bfs_h5
_27094,aes_sbox_us21,main_sbox,bfs_h5
_27095,aes_sbox_us21,main_sbox,bfs_h4
_27096,aes_sbox_us21,main_sbox,bfs_h3
_27097,aes_sbox_us21,main_sbox,bfs_h2
_27098,aes_key_expand_128_u0/aes_sbox_u2,kexp_sbox,bfs_h5
_27099,aes_sbox_us21,main_sbox,bfs_h5
_27100,aes_sbox_us23,main_sbox,bfs_h5
_27101,aes_sbox_us21,main_sbox,bfs_h6
_27102,aes_sbox_us21,main_sbox,bfs_h5
_27103,aes_sbox_us21,main_sbox,bfs_h4
_27104,aes_sbox_us21,main_sbox,bfs_h6
_27105,aes_sbox_us21,main_sbox,bfs_h5
_27106,aes_sbox_us21,main_sbox,bfs_h5
_27107,aes_sbox_us23,main_sbox,bfs_h4
_27108,aes_sbox_us21,main_sbox,bfs_h5
_27109,aes_sbox_us21,main_sbox,bfs_h5
_27110,aes_sbox_us21,main_sbox,bfs_h5
_27111,aes_sbox_us23,main_sbox,bfs_h6
_27112,aes_sbox_us21,main_sbox,bfs_h5
_27113,aes_sbox_us21,main_sbox,bfs_h6
_27114,aes_sbox_us21,main_sbox,bfs_h5
_27115,aes_sbox_us21,main_sbox,bfs_h4
_27116,aes_sbox_us21,main_sbox,bfs_h3
_27117,aes_cipher_top,top,bfs_h5
_27118,aes_sbox_us21,main_sbox,bfs_h5
_27119,aes_sbox_us21,main_sbox,bfs_h5
_27120,aes_sbox_us21,main_sbox,bfs_h5
_27121,aes_sbox_us21,main_sbox,bfs_h5
_27122,aes_sbox_us21,main_sbox,bfs_h5
_27123,aes_sbox_us21,main_sbox,bfs_h4
_27124,aes_cipher_top,top,bfs_h5
_27125,aes_sbox_us21,main_sbox,bfs_h6
_27126,aes_sbox_us23,main_sbox,bfs_h5
_27127,aes_cipher_top,top,bfs_h5
_27128,aes_sbox_us21,main_sbox,bfs_h5
_27129,aes_sbox_us21,main_sbox,bfs_h5
_27130,aes_sbox_us21,main_sbox,bfs_h5
_27131,aes_sbox_us21,main_sbox,bfs_h4
_27132,aes_sbox_us21,main_sbox,bfs_h4
_27133,aes_sbox_us21,main_sbox,bfs_h3
_27134,aes_sbox_us21,main_sbox,bfs_h3
_27135,aes_sbox_us21,main_sbox,bfs_h2
_27136,aes_sbox_us21,main_sbox,bfs_h1
_27137,aes_sbox_us21,main_sbox,bfs_h5
_27138,aes_cipher_top,top,bfs_h4
_27139,aes_cipher_top,top,bfs_h5
_27140,aes_sbox_us21,main_sbox,bfs_h5
_27141,aes_sbox_us21,main_sbox,bfs_h4
_27142,aes_cipher_top,top,bfs_h5
_27143,aes_sbox_us23,main_sbox,bfs_h5
_27144,aes_sbox_us21,main_sbox,bfs_h5
_27145,aes_sbox_us21,main_sbox,bfs_h4
_27146,aes_sbox_us21,main_sbox,bfs_h3
_27147,aes_cipher_top,top,bfs_h5
_27148,aes_sbox_us21,main_sbox,bfs_h5
_27149,aes_cipher_top,top,bfs_h5
_27150,aes_sbox_us21,main_sbox,bfs_h5
_27151,aes_sbox_us21,main_sbox,bfs_h4
_27152,aes_sbox_us23,main_sbox,bfs_h5
_27153,aes_cipher_top,top,bfs_h5
_27154,aes_sbox_us21,main_sbox,bfs_h5
_27155,aes_sbox_us21,main_sbox,bfs_h4
_27156,aes_sbox_us21,main_sbox,bfs_h3
_27157,aes_sbox_us21,main_sbox,bfs_h2
_27158,aes_sbox_us23,main_sbox,bfs_h5
_27159,aes_sbox_us23,main_sbox,bfs_h5
_27160,aes_sbox_us21,main_sbox,bfs_h5
_27161,aes_sbox_us21,main_sbox,bfs_h5
_27162,aes_sbox_us21,main_sbox,bfs_h5
_27163,aes_sbox_us21,main_sbox,bfs_h4
_27164,aes_sbox_us21,main_sbox,bfs_h4
_27165,aes_sbox_us21,main_sbox,bfs_h4
_27166,aes_sbox_us21,main_sbox,bfs_h4
_27167,aes_sbox_us21,main_sbox,bfs_h5
_27168,aes_sbox_us23,main_sbox,bfs_h4
_27169,aes_sbox_us21,main_sbox,bfs_h5
_27170,aes_sbox_us21,main_sbox,bfs_h5
_27171,aes_sbox_us21,main_sbox,bfs_h4
_27172,aes_sbox_us21,main_sbox,bfs_h3
_27173,aes_sbox_us21,main_sbox,bfs_h3
_27174,aes_sbox_us21,main_sbox,bfs_h2
_27175,aes_sbox_us23,main_sbox,bfs_h5
_27176,aes_sbox_us21,main_sbox,bfs_h5
_27177,aes_sbox_us23,main_sbox,bfs_h5
_27178,aes_sbox_us23,main_sbox,bfs_h5
_27179,aes_sbox_us21,main_sbox,bfs_h5
_27180,aes_sbox_us21,main_sbox,bfs_h5
_27181,aes_sbox_us21,main_sbox,bfs_h4
_27182,aes_cipher_top,top,bfs_h5
_27183,aes_sbox_us21,main_sbox,bfs_h5
_27184,aes_sbox_us21,main_sbox,bfs_h4
_27185,aes_sbox_us23,main_sbox,bfs_h5
_27186,aes_cipher_top,top,bfs_h5
_27187,aes_sbox_us23,main_sbox,bfs_h5
_27188,aes_sbox_us23,main_sbox,bfs_h6
_27189,aes_sbox_us21,main_sbox,bfs_h5
_27190,aes_sbox_us21,main_sbox,bfs_h4
_27191,aes_sbox_us21,main_sbox,bfs_h3
_27192,aes_cipher_top,top,bfs_h5
_27193,aes_sbox_us21,main_sbox,bfs_h5
_27194,aes_sbox_us21,main_sbox,bfs_h5
_27195,aes_sbox_us21,main_sbox,bfs_h5
_27196,aes_cipher_top,top,bfs_h5
_27197,aes_sbox_us21,main_sbox,bfs_h5
_27198,aes_sbox_us21,main_sbox,bfs_h4
_27199,aes_sbox_us21,main_sbox,bfs_h5
_27200,aes_sbox_us23,main_sbox,bfs_h4
_27201,aes_sbox_us21,main_sbox,bfs_h4
_27202,aes_sbox_us21,main_sbox,bfs_h4
_27203,aes_cipher_top,top,bfs_h5
_27204,aes_cipher_top,top,bfs_h5
_27205,aes_cipher_top,top,bfs_h5
_27206,aes_sbox_us21,main_sbox,bfs_h5
_27207,aes_sbox_us21,main_sbox,bfs_h4
_27208,aes_sbox_us21,main_sbox,bfs_h3
_27209,aes_sbox_us21,main_sbox,bfs_h2
_27210,aes_sbox_us21,main_sbox,bfs_h1
_27211,aes_sbox_us23,main_sbox,bfs_h5
_27212,aes_sbox_us21,main_sbox,bfs_h4
_27213,aes_sbox_us21,main_sbox,bfs_h5
_27214,aes_sbox_us21,main_sbox,bfs_h5
_27215,aes_sbox_us21,main_sbox,bfs_h5
_27216,aes_sbox_us21,main_sbox,bfs_h5
_27217,aes_sbox_us21,main_sbox,bfs_h4
_27218,aes_sbox_us21,main_sbox,bfs_h5
_27219,aes_sbox_us21,main_sbox,bfs_h4
_27220,aes_cipher_top,top,bfs_h5
_27221,aes_sbox_us23,main_sbox,bfs_h5
_27222,aes_cipher_top,top,bfs_h5
_27223,aes_sbox_us21,main_sbox,bfs_h5
_27224,aes_sbox_us21,main_sbox,bfs_h4
_27225,aes_sbox_us21,main_sbox,bfs_h4
_27226,aes_sbox_us21,main_sbox,bfs_h3
_27227,aes_cipher_top,top,bfs_h5
_27228,aes_sbox_us21,main_sbox,bfs_h5
_27229,aes_sbox_us21,main_sbox,bfs_h4
_27230,aes_cipher_top,top,bfs_h5
_27231,aes_sbox_us21,main_sbox,bfs_h5
_27232,aes_sbox_us21,main_sbox,bfs_h5
_27233,aes_sbox_us21,main_sbox,bfs_h5
_27234,aes_sbox_us21,main_sbox,bfs_h4
_27235,aes_sbox_us21,main_sbox,bfs_h3
_27236,aes_sbox_us21,main_sbox,bfs_h2
_27237,aes_sbox_us21,main_sbox,bfs_h5
_27238,aes_sbox_us21,main_sbox,bfs_h5
_27239,aes_sbox_us21,main_sbox,bfs_h5
_27240,aes_sbox_us21,main_sbox,bfs_h5
_27241,aes_sbox_us21,main_sbox,bfs_h4
_27242,aes_cipher_top,top,bfs_h5
_27243,aes_cipher_top,top,bfs_h5
_27244,aes_sbox_us21,main_sbox,bfs_h5
_27245,aes_cipher_top,top,bfs_h5
_27246,aes_sbox_us21,main_sbox,bfs_h5
_27247,aes_sbox_us21,main_sbox,bfs_h4
_27248,aes_sbox_us21,main_sbox,bfs_h4
_27249,aes_sbox_us21,main_sbox,bfs_h3
_27250,aes_cipher_top,top,bfs_h5
_27251,aes_cipher_top,top,bfs_h5
_27252,aes_sbox_us21,main_sbox,bfs_h5
_27253,aes_sbox_us21,main_sbox,bfs_h6
_27254,aes_sbox_us23,main_sbox,bfs_h5
_27255,aes_sbox_us21,main_sbox,bfs_h5
_27256,aes_sbox_us21,main_sbox,bfs_h5
_27257,aes_sbox_us21,main_sbox,bfs_h4
_27258,aes_sbox_us21,main_sbox,bfs_h5
_27259,aes_sbox_us21,main_sbox,bfs_h4
_27260,aes_cipher_top,top,bfs_h5
_27261,aes_sbox_us21,main_sbox,bfs_h5
_27262,aes_sbox_us21,main_sbox,bfs_h4
_27263,aes_sbox_us21,main_sbox,bfs_h3
_27264,aes_sbox_us21,main_sbox,bfs_h3
_27265,aes_sbox_us21,main_sbox,bfs_h3
_27266,aes_sbox_us21,main_sbox,bfs_h2
_27267,aes_sbox_us21,main_sbox,bfs_h1
_27268,aes_sbox_us23,main_sbox,bfs_h5
_27269,aes_sbox_us21,main_sbox,bfs_h5
_27270,aes_sbox_us21,main_sbox,bfs_h5
_27271,aes_sbox_us21,main_sbox,bfs_h4
_27272,aes_sbox_us21,main_sbox,bfs_h5
_27273,aes_sbox_us21,main_sbox,bfs_h5
_27274,aes_sbox_us21,main_sbox,bfs_h4
_27275,aes_sbox_us21,main_sbox,bfs_h3
_27276,aes_sbox_us21,main_sbox,bfs_h4
_27277,aes_sbox_us23,main_sbox,bfs_h5
_27278,aes_sbox_us21,main_sbox,bfs_h4
_27279,aes_sbox_us23,main_sbox,bfs_h4
_27280,aes_sbox_us21,main_sbox,bfs_h5
_27281,aes_sbox_us21,main_sbox,bfs_h4
_27282,aes_sbox_us21,main_sbox,bfs_h3
_27283,aes_sbox_us21,main_sbox,bfs_h3
_27284,aes_sbox_us21,main_sbox,bfs_h2
_27285,aes_sbox_us23,main_sbox,bfs_h5
_27286,aes_sbox_us21,main_sbox,bfs_h4
_27287,aes_sbox_us21,main_sbox,bfs_h5
_27288,aes_sbox_us21,main_sbox,bfs_h4
_27289,aes_sbox_us21,main_sbox,bfs_h3
_27290,aes_sbox_us21,main_sbox,bfs_h5
_27291,aes_sbox_us21,main_sbox,bfs_h5
_27292,aes_cipher_top,top,bfs_h5
_27293,aes_sbox_us21,main_sbox,bfs_h5
_27294,aes_sbox_us21,main_sbox,bfs_h5
_27295,aes_sbox_us21,main_sbox,bfs_h5
_27296,aes_sbox_us21,main_sbox,bfs_h4
_27297,aes_sbox_us21,main_sbox,bfs_h3
_27298,aes_sbox_us21,main_sbox,bfs_h2
_27299,aes_sbox_us23,main_sbox,bfs_h5
_27300,aes_sbox_us21,main_sbox,bfs_h5
_27301,aes_sbox_us21,main_sbox,bfs_h5
_27302,aes_sbox_us21,main_sbox,bfs_h4
_27303,aes_sbox_us21,main_sbox,bfs_h4
_27304,aes_sbox_us21,main_sbox,bfs_h5
_27305,aes_sbox_us21,main_sbox,bfs_h4
_27306,aes_sbox_us21,main_sbox,bfs_h5
_27307,aes_sbox_us21,main_sbox,bfs_h5
_27308,aes_sbox_us21,main_sbox,bfs_h4
_27309,aes_sbox_us21,main_sbox,bfs_h3
_27310,aes_sbox_us21,main_sbox,bfs_h3
_27311,aes_sbox_us21,main_sbox,bfs_h6
_27312,aes_sbox_us21,main_sbox,bfs_h5
_27313,aes_sbox_us21,main_sbox,bfs_h5
_27314,aes_sbox_us21,main_sbox,bfs_h5
_27315,aes_sbox_us21,main_sbox,bfs_h5
_27316,aes_sbox_us21,main_sbox,bfs_h4
_27317,aes_sbox_us21,main_sbox,bfs_h4
_27318,aes_sbox_us21,main_sbox,bfs_h5
_27319,aes_sbox_us21,main_sbox,bfs_h4
_27320,aes_sbox_us21,main_sbox,bfs_h4
_27321,aes_sbox_us21,main_sbox,bfs_h5
_27322,aes_sbox_us21,main_sbox,bfs_h4
_27323,aes_sbox_us21,main_sbox,bfs_h3
_27324,aes_sbox_us21,main_sbox,bfs_h3
_27325,aes_sbox_us21,main_sbox,bfs_h2
_27326,aes_sbox_us21,main_sbox,bfs_h1
_27327,aes_sbox_us21,main_sbox,bfs_h5
_27328,aes_sbox_us21,main_sbox,bfs_h4
_27329,aes_cipher_top,top,bfs_h5
_27330,aes_sbox_us21,main_sbox,bfs_h5
_27331,aes_sbox_us23,main_sbox,bfs_h5
_27332,aes_sbox_us21,main_sbox,bfs_h4
_27333,aes_sbox_us21,main_sbox,bfs_h5
_27334,aes_sbox_us21,main_sbox,bfs_h5
_27335,aes_sbox_us21,main_sbox,bfs_h5
_27336,aes_sbox_us21,main_sbox,bfs_h5
_27337,aes_sbox_us21,main_sbox,bfs_h4
_27338,aes_sbox_us21,main_sbox,bfs_h3
_27339,aes_sbox_us21,main_sbox,bfs_h5
_27340,aes_sbox_us21,main_sbox,bfs_h5
_27341,aes_sbox_us21,main_sbox,bfs_h4
_27342,aes_sbox_us23,main_sbox,bfs_h5
_27343,aes_sbox_us21,main_sbox,bfs_h5
_27344,aes_sbox_us21,main_sbox,bfs_h4
_27345,aes_sbox_us21,main_sbox,bfs_h5
_27346,aes_sbox_us21,main_sbox,bfs_h5
_27347,aes_sbox_us21,main_sbox,bfs_h4
_27348,aes_sbox_us21,main_sbox,bfs_h5
_27349,aes_sbox_us21,main_sbox,bfs_h4
_27350,aes_sbox_us21,main_sbox,bfs_h3
_27351,aes_sbox_us21,main_sbox,bfs_h3
_27352,aes_sbox_us21,main_sbox,bfs_h2
_27353,aes_sbox_us23,main_sbox,bfs_h6
_27354,aes_sbox_us21,main_sbox,bfs_h5
_27355,aes_sbox_us21,main_sbox,bfs_h4
_27356,aes_sbox_us21,main_sbox,bfs_h5
_27357,aes_cipher_top,top,bfs_h5
_27358,aes_sbox_us21,main_sbox,bfs_h5
_27359,aes_sbox_us21,main_sbox,bfs_h4
_27360,aes_sbox_us21,main_sbox,bfs_h5
_27361,aes_cipher_top,top,bfs_h5
_27362,aes_cipher_top,top,bfs_h5
_27363,aes_sbox_us23,main_sbox,bfs_h5
_27364,aes_cipher_top,top,bfs_h6
_27365,aes_sbox_us21,main_sbox,bfs_h5
_27366,aes_sbox_us21,main_sbox,bfs_h4
_27367,aes_sbox_us21,main_sbox,bfs_h3
_27368,aes_sbox_us21,main_sbox,bfs_h6
_27369,aes_cipher_top,top,bfs_h5
_27370,aes_sbox_us21,main_sbox,bfs_h5
_27371,aes_sbox_us23,main_sbox,bfs_h5
_27372,aes_sbox_us21,main_sbox,bfs_h5
_27373,aes_sbox_us21,main_sbox,bfs_h5
_27374,aes_sbox_us21,main_sbox,bfs_h4
_27375,aes_sbox_us23,main_sbox,bfs_h5
_27376,aes_sbox_us21,main_sbox,bfs_h5
_27377,aes_sbox_us23,main_sbox,bfs_h5
_27378,aes_sbox_us21,main_sbox,bfs_h4
_27379,aes_sbox_us21,main_sbox,bfs_h5
_27380,aes_sbox_us21,main_sbox,bfs_h5
_27381,aes_sbox_us21,main_sbox,bfs_h4
_27382,aes_sbox_us21,main_sbox,bfs_h3
_27383,aes_sbox_us21,main_sbox,bfs_h3
_27384,aes_sbox_us21,main_sbox,bfs_h2
_27385,aes_sbox_us21,main_sbox,bfs_h1
_27386,aes_sbox_us21,main_sbox,bfs_h5
_27387,aes_sbox_us21,main_sbox,bfs_h5
_27388,aes_sbox_us21,main_sbox,bfs_h4
_27389,aes_sbox_us21,main_sbox,bfs_h3
_27390,aes_sbox_us23,main_sbox,bfs_h5
_27391,aes_sbox_us21,main_sbox,bfs_h5
_27392,aes_sbox_us21,main_sbox,bfs_h4
_27393,aes_sbox_us21,main_sbox,bfs_h5
_27394,aes_sbox_us21,main_sbox,bfs_h4
_27395,aes_sbox_us21,main_sbox,bfs_h3
_27396,aes_sbox_us21,main_sbox,bfs_h2
_27397,aes_sbox_us21,main_sbox,bfs_h5
_27398,aes_sbox_us21,main_sbox,bfs_h5
_27399,aes_sbox_us21,main_sbox,bfs_h4
_27400,aes_sbox_us21,main_sbox,bfs_h5
_27401,aes_sbox_us21,main_sbox,bfs_h5
_27402,aes_sbox_us21,main_sbox,bfs_h4
_27403,aes_sbox_us21,main_sbox,bfs_h3
_27404,aes_sbox_us21,main_sbox,bfs_h5
_27405,aes_sbox_us21,main_sbox,bfs_h4
_27406,aes_sbox_us21,main_sbox,bfs_h6
_27407,aes_sbox_us21,main_sbox,bfs_h5
_27408,aes_sbox_us21,main_sbox,bfs_h5
_27409,aes_sbox_us21,main_sbox,bfs_h4
_27410,aes_sbox_us21,main_sbox,bfs_h3
_27411,aes_sbox_us21,main_sbox,bfs_h2
_27412,aes_sbox_us21,main_sbox,bfs_h5
_27413,aes_sbox_us21,main_sbox,bfs_h4
_27414,aes_sbox_us21,main_sbox,bfs_h4
_27415,aes_sbox_us21,main_sbox,bfs_h4
_27416,aes_sbox_us21,main_sbox,bfs_h3
_27417,aes_sbox_us21,main_sbox,bfs_h3
_27418,aes_sbox_us21,main_sbox,bfs_h5
_27419,aes_sbox_us21,main_sbox,bfs_h5
_27420,aes_sbox_us21,main_sbox,bfs_h4
_27421,aes_sbox_us21,main_sbox,bfs_h6
_27422,aes_sbox_us21,main_sbox,bfs_h5
_27423,aes_sbox_us21,main_sbox,bfs_h4
_27424,aes_sbox_us21,main_sbox,bfs_h3
_27425,aes_sbox_us21,main_sbox,bfs_h2
_27426,aes_sbox_us21,main_sbox,bfs_h5
_27427,aes_sbox_us21,main_sbox,bfs_h5
_27428,aes_sbox_us21,main_sbox,bfs_h4
_27429,aes_cipher_top,top,bfs_h5
_27430,aes_sbox_us21,main_sbox,bfs_h5
_27431,aes_sbox_us21,main_sbox,bfs_h5
_27432,aes_sbox_us21,main_sbox,bfs_h4
_27433,aes_sbox_us21,main_sbox,bfs_h3
_27434,aes_sbox_us21,main_sbox,bfs_h5
_27435,aes_sbox_us21,main_sbox,bfs_h4
_27436,aes_sbox_us23,main_sbox,bfs_h6
_27437,aes_sbox_us21,main_sbox,bfs_h5
_27438,aes_sbox_us21,main_sbox,bfs_h4
_27439,aes_sbox_us21,main_sbox,bfs_h3
_27440,aes_sbox_us21,main_sbox,bfs_h2
_27441,aes_sbox_us21,main_sbox,bfs_h1
_27442,aes_sbox_us21,main_sbox,bfs_h5
_27443,aes_sbox_us21,main_sbox,bfs_h5
_27444,aes_sbox_us21,main_sbox,bfs_h4
_27445,aes_cipher_top,top,bfs_h5
_27446,aes_sbox_us21,main_sbox,bfs_h5
_27447,aes_sbox_us21,main_sbox,bfs_h4
_27448,aes_sbox_us21,main_sbox,bfs_h3
_27449,aes_sbox_us23,main_sbox,bfs_h5
_27450,aes_sbox_us21,main_sbox,bfs_h5
_27451,aes_sbox_us21,main_sbox,bfs_h5
_27452,aes_sbox_us21,main_sbox,bfs_h4
_27453,aes_sbox_us21,main_sbox,bfs_h4
_27454,aes_sbox_us21,main_sbox,bfs_h3
_27455,aes_sbox_us21,main_sbox,bfs_h2
_27456,aes_sbox_us21,main_sbox,bfs_h4
_27457,aes_sbox_us21,main_sbox,bfs_h3
_27458,aes_sbox_us21,main_sbox,bfs_h4
_27459,aes_sbox_us21,main_sbox,bfs_h3
_27460,aes_sbox_us21,main_sbox,bfs_h4
_27461,aes_sbox_us21,main_sbox,bfs_h5
_27462,aes_sbox_us21,main_sbox,bfs_h5
_27463,aes_sbox_us21,main_sbox,bfs_h4
_27464,aes_sbox_us21,main_sbox,bfs_h3
_27465,aes_sbox_us21,main_sbox,bfs_h2
_27466,aes_sbox_us21,main_sbox,bfs_h5
_27467,aes_sbox_us21,main_sbox,bfs_h5
_27468,aes_sbox_us21,main_sbox,bfs_h5
_27469,aes_sbox_us21,main_sbox,bfs_h5
_27470,aes_sbox_us21,main_sbox,bfs_h4
_27471,aes_sbox_us21,main_sbox,bfs_h5
_27472,aes_sbox_us21,main_sbox,bfs_h6
_27473,aes_sbox_us21,main_sbox,bfs_h5
_27474,aes_sbox_us23,main_sbox,bfs_h5
_27475,aes_sbox_us21,main_sbox,bfs_h5
_27476,aes_sbox_us21,main_sbox,bfs_h4
_27477,aes_sbox_us21,main_sbox,bfs_h3
_27478,aes_sbox_us21,main_sbox,bfs_h5
_27479,aes_sbox_us21,main_sbox,bfs_h4
_27480,aes_sbox_us21,main_sbox,bfs_h5
_27481,aes_sbox_us21,main_sbox,bfs_h4
_27482,aes_sbox_us21,main_sbox,bfs_h3
_27483,aes_sbox_us21,main_sbox,bfs_h5
_27484,aes_sbox_us21,main_sbox,bfs_h6
_27485,aes_sbox_us21,main_sbox,bfs_h5
_27486,aes_sbox_us21,main_sbox,bfs_h4
_27487,aes_sbox_us21,main_sbox,bfs_h5
_27488,aes_sbox_us21,main_sbox,bfs_h4
_27489,aes_sbox_us21,main_sbox,bfs_h3
_27490,aes_sbox_us21,main_sbox,bfs_h3
_27491,aes_sbox_us21,main_sbox,bfs_h2
_27492,aes_sbox_us21,main_sbox,bfs_h1
_27493,aes_cipher_top,top,bfs_h2
_27494,aes_sbox_us20,main_sbox,bfs_h1
_27495,aes_sbox_us10,main_sbox,bfs_h2
_27496,aes_sbox_us20,main_sbox,bfs_h2
_27497,aes_sbox_us20,main_sbox,bfs_h1
_27498,aes_sbox_us10,main_sbox,bfs_h2
_27499,aes_sbox_us20,main_sbox,bfs_h2
_27500,aes_cipher_top,top,bfs_h3
_27501,aes_key_expand_128_u0,key_expand,bfs_h2
_27502,aes_cipher_top,top,bfs_h2
_27503,aes_sbox_us20,main_sbox,bfs_h2
_27504,aes_sbox_us20,main_sbox,bfs_h2
_27505,aes_cipher_top,top,bfs_h3
_27506,aes_key_expand_128_u0,key_expand,bfs_h2
_27507,aes_cipher_top,top,bfs_h3
_27508,aes_key_expand_128_u0,key_expand,bfs_h3
_27509,aes_sbox_us31,main_sbox,bfs_h6
_27510,aes_cipher_top,top,bfs_h2
_27511,aes_sbox_us20,main_sbox,bfs_h2
_27512,aes_sbox_us30,main_sbox,bfs_h2
_27513,aes_sbox_us20,main_sbox,bfs_h2
_27514,aes_sbox_us20,main_sbox,bfs_h3
_27515,aes_sbox_us20,main_sbox,bfs_h2
_27516,aes_cipher_top,top,bfs_h3
_27517,aes_key_expand_128_u0/aes_sbox_u3,kexp_sbox,bfs_h2
_27518,aes_cipher_top,top,bfs_h2
_27519,aes_sbox_us20,main_sbox,bfs_h2
_27520,aes_sbox_us20,main_sbox,bfs_h2
_27521,aes_sbox_us20,main_sbox,bfs_h3
_27522,aes_cipher_top,top,bfs_h3
_27523,aes_key_expand_128_u0/aes_sbox_u3,kexp_sbox,bfs_h2
_27524,aes_key_expand_128_u0/aes_sbox_u3,kexp_sbox,bfs_h3
_27525,aes_key_expand_128_u0/aes_sbox_u3,kexp_sbox,bfs_h3
_27526,aes_key_expand_128_u0/aes_sbox_u3,kexp_sbox,bfs_h4
_27527,aes_sbox_us10,main_sbox,bfs_h2
_27528,aes_sbox_us10,main_sbox,bfs_h3
_27529,aes_sbox_us10,main_sbox,bfs_h2
_27530,aes_sbox_us20,main_sbox,bfs_h2
_27531,aes_sbox_us20,main_sbox,bfs_h3
_27532,aes_sbox_us20,main_sbox,bfs_h2
_27533,aes_sbox_us10,main_sbox,bfs_h2
_27534,aes_sbox_us20,main_sbox,bfs_h2
_27535,aes_sbox_us10,main_sbox,bfs_h3
_27536,aes_sbox_us10,main_sbox,bfs_h3
_27537,aes_cipher_top,top,bfs_h3
_27538,aes_cipher_top,top,bfs_h2
_27539,aes_key_expand_128_u0/aes_sbox_u3,kexp_sbox,bfs_h3
_27540,aes_key_expand_128_u0/aes_sbox_u3,kexp_sbox,bfs_h2
_27541,aes_key_expand_128_u0/aes_sbox_u3,kexp_sbox,bfs_h2
_27542,aes_key_expand_128_u0/aes_sbox_u3,kexp_sbox,bfs_h3
_27543,aes_key_expand_128_u0/aes_sbox_u3,kexp_sbox,bfs_h4
_27544,aes_key_expand_128_u0/aes_sbox_u3,kexp_sbox,bfs_h5
_27545,aes_key_expand_128_u0/aes_sbox_u3,kexp_sbox,bfs_h3
_27546,aes_key_expand_128_u0/aes_sbox_u3,kexp_sbox,bfs_h2
_27547,aes_key_expand_128_u0/aes_sbox_u3,kexp_sbox,bfs_h3
_27548,aes_key_expand_128_u0/aes_sbox_u3,kexp_sbox,bfs_h4
_27549,aes_key_expand_128_u0/aes_sbox_u3,kexp_sbox,bfs_h2
_27550,aes_key_expand_128_u0/aes_sbox_u3,kexp_sbox,bfs_h3
_27551,aes_key_expand_128_u0/aes_sbox_u3,kexp_sbox,bfs_h3
_27552,aes_key_expand_128_u0/aes_sbox_u3,kexp_sbox,bfs_h4
_27553,aes_sbox_us31,main_sbox,bfs_h6
_27554,aes_key_expand_128_u0/aes_sbox_u3,kexp_sbox,bfs_h4
_27555,aes_key_expand_128_u0/aes_sbox_u3,kexp_sbox,bfs_h4
_27556,aes_sbox_us31,main_sbox,bfs_h6
_27557,aes_sbox_us31,main_sbox,bfs_h5
_27558,aes_sbox_us31,main_sbox,bfs_h7
_27559,aes_sbox_us20,main_sbox,bfs_h1
_27560,aes_sbox_us20,main_sbox,bfs_h2
_27561,aes_sbox_us20,main_sbox,bfs_h1
_27562,aes_sbox_us00,main_sbox,bfs_h2
_27563,aes_sbox_us20,main_sbox,bfs_h2
_27564,aes_cipher_top,top,bfs_h2
_27565,aes_key_expand_128_u0,key_expand,bfs_h3
_27566,aes_key_expand_128_u0,key_expand,bfs_h2
_27567,aes_key_expand_128_u0,key_expand,bfs_h3
_27568,aes_key_expand_128_u0/aes_sbox_u3,kexp_sbox,bfs_h5
_27569,aes_sbox_us31,main_sbox,bfs_h5
_27570,aes_key_expand_128_u0/aes_sbox_u3,kexp_sbox,bfs_h3
_27571,aes_key_expand_128_u0/aes_sbox_u3,kexp_sbox,bfs_h3
_27572,aes_key_expand_128_u0/aes_sbox_u3,kexp_sbox,bfs_h4
_27573,aes_key_expand_128_u0,key_expand,bfs_h2
_27574,aes_key_expand_128_u0,key_expand,bfs_h3
_27575,aes_key_expand_128_u0/aes_sbox_u3,kexp_sbox,bfs_h4
_27576,aes_key_expand_128_u0/aes_sbox_u3,kexp_sbox,bfs_h5
_27577,aes_key_expand_128_u0/aes_sbox_u3,kexp_sbox,bfs_h5
_27578,aes_sbox_us31,main_sbox,bfs_h5
_27579,aes_sbox_us20,main_sbox,bfs_h1
_27580,aes_sbox_us20,main_sbox,bfs_h2
_27581,aes_cipher_top,top,bfs_h2
_27582,aes_cipher_top,top,bfs_h3
_27583,aes_key_expand_128_u0,key_expand,bfs_h2
_27584,aes_key_expand_128_u0,key_expand,bfs_h3
_27585,aes_sbox_us31,main_sbox,bfs_h4
_27586,aes_key_expand_128_u0/aes_sbox_u3,kexp_sbox,bfs_h5
_27587,aes_key_expand_128_u0/aes_sbox_u3,kexp_sbox,bfs_h5
_27588,aes_key_expand_128_u0/aes_sbox_u3,kexp_sbox,bfs_h4
_27590,aes_key_expand_128_u0/aes_sbox_u3,kexp_sbox,bfs_h5
_27591,aes_sbox_us31,main_sbox,bfs_h5
_27592,aes_key_expand_128_u0,key_expand,bfs_h3
_27593,aes_key_expand_128_u0/aes_sbox_u3,kexp_sbox,bfs_h5
_27594,aes_key_expand_128_u0/aes_sbox_u3,kexp_sbox,bfs_h5
_27595,aes_sbox_us31,main_sbox,bfs_h5
_27596,aes_key_expand_128_u0,key_expand,bfs_h2
_27597,aes_key_expand_128_u0,key_expand,bfs_h3
_27598,aes_sbox_us31,main_sbox,bfs_h5
_27599,aes_sbox_us31,main_sbox,bfs_h4
_27600,aes_sbox_us00,main_sbox,bfs_h1
_27601,aes_sbox_us30,main_sbox,bfs_h1
_27602,aes_sbox_us00,main_sbox,bfs_h2
_27603,aes_sbox_us00,main_sbox,bfs_h2
_27604,aes_sbox_us30,main_sbox,bfs_h1
_27605,aes_sbox_us30,main_sbox,bfs_h2
_27606,aes_cipher_top,top,bfs_h3
_27607,aes_cipher_top,top,bfs_h2
_27608,aes_key_expand_128_u0,key_expand,bfs_h2
_27609,aes_cipher_top,top,bfs_h3
_27610,aes_cipher_top,top,bfs_h2
_27611,aes_key_expand_128_u0,key_expand,bfs_h3
_27612,aes_cipher_top,top,bfs_h4
_27613,aes_cipher_top,top,bfs_h5
_27614,aes_sbox_us31,main_sbox,bfs_h4
_27615,aes_sbox_us31,main_sbox,bfs_h3
_27616,aes_key_expand_128_u0/aes_sbox_u3,kexp_sbox,bfs_h5
_27617,aes_key_expand_128_u0,key_expand,bfs_h3
_27618,aes_sbox_us31,main_sbox,bfs_h5
_27619,aes_sbox_us31,main_sbox,bfs_h5
_27620,aes_sbox_us31,main_sbox,bfs_h5
_27621,aes_sbox_us31,main_sbox,bfs_h7
_27622,aes_key_expand_128_u0/aes_sbox_u3,kexp_sbox,bfs_h4
_27623,aes_sbox_us31,main_sbox,bfs_h7
_27624,aes_sbox_us31,main_sbox,bfs_h6
_27625,aes_sbox_us31,main_sbox,bfs_h6
_27626,aes_sbox_us31,main_sbox,bfs_h5
_27627,aes_sbox_us31,main_sbox,bfs_h5
_27628,aes_sbox_us31,main_sbox,bfs_h4
_27629,aes_key_expand_128_u0/aes_sbox_u3,kexp_sbox,bfs_h5
_27630,aes_key_expand_128_u0/aes_sbox_u3,kexp_sbox,bfs_h4
_27631,aes_key_expand_128_u0/aes_sbox_u3,kexp_sbox,bfs_h4
_27632,aes_key_expand_128_u0/aes_sbox_u3,kexp_sbox,bfs_h5
_27633,aes_key_expand_128_u0/aes_sbox_u3,kexp_sbox,bfs_h4
_27634,aes_key_expand_128_u0/aes_sbox_u3,kexp_sbox,bfs_h4
_27635,aes_key_expand_128_u0,key_expand,bfs_h3
_27636,aes_key_expand_128_u0/aes_sbox_u3,kexp_sbox,bfs_h5
_27637,aes_sbox_us31,main_sbox,bfs_h5
_27638,aes_key_expand_128_u0,key_expand,bfs_h3
_27639,aes_sbox_us31,main_sbox,bfs_h4
_27640,aes_sbox_us00,main_sbox,bfs_h1
_27641,aes_sbox_us00,main_sbox,bfs_h2
_27642,aes_sbox_us10,main_sbox,bfs_h2
_27643,aes_cipher_top,top,bfs_h2
_27644,aes_cipher_top,top,bfs_h3
_27645,aes_key_expand_128_u0,key_expand,bfs_h2
_27646,aes_sbox_us31,main_sbox,bfs_h3
_27647,aes_sbox_us31,main_sbox,bfs_h3
_27648,aes_sbox_us31,main_sbox,bfs_h2
_27649,aes_key_expand_128_u0/aes_sbox_u3,kexp_sbox,bfs_h4
_27650,aes_key_expand_128_u0/aes_sbox_u3,kexp_sbox,bfs_h3
_27651,aes_key_expand_128_u0,key_expand,bfs_h3
_27652,aes_key_expand_128_u0/aes_sbox_u3,kexp_sbox,bfs_h4
_27653,aes_sbox_us31,main_sbox,bfs_h5
_27654,aes_key_expand_128_u0,key_expand,bfs_h3
_27655,aes_sbox_us31,main_sbox,bfs_h5
_27656,aes_sbox_us31,main_sbox,bfs_h4
_27657,aes_key_expand_128_u0/aes_sbox_u3,kexp_sbox,bfs_h5
_27658,aes_sbox_us31,main_sbox,bfs_h6
_27659,aes_sbox_us31,main_sbox,bfs_h5
_27660,aes_sbox_us31,main_sbox,bfs_h7
_27661,aes_key_expand_128_u0/aes_sbox_u3,kexp_sbox,bfs_h5
_27662,aes_sbox_us31,main_sbox,bfs_h5
_27663,aes_sbox_us31,main_sbox,bfs_h4
_27664,aes_key_expand_128_u0,key_expand,bfs_h3
_27665,aes_sbox_us31,main_sbox,bfs_h3
_27666,aes_key_expand_128_u0,key_expand,bfs_h3
_27667,aes_sbox_us31,main_sbox,bfs_h4
_27668,aes_sbox_us31,main_sbox,bfs_h5
_27669,aes_key_expand_128_u0/aes_sbox_u3,kexp_sbox,bfs_h5
_27670,aes_key_expand_128_u0/aes_sbox_u3,kexp_sbox,bfs_h4
_27671,aes_key_expand_128_u0/aes_sbox_u3,kexp_sbox,bfs_h5
_27672,aes_sbox_us31,main_sbox,bfs_h5
_27673,aes_sbox_us31,main_sbox,bfs_h4
_27674,aes_sbox_us31,main_sbox,bfs_h5
_27675,aes_sbox_us31,main_sbox,bfs_h6
_27676,aes_key_expand_128_u0/aes_sbox_u3,kexp_sbox,bfs_h5
_27677,aes_sbox_us10,main_sbox,bfs_h3
_27678,aes_sbox_us20,main_sbox,bfs_h2
_27679,aes_sbox_us00,main_sbox,bfs_h3
_27680,aes_sbox_us10,main_sbox,bfs_h2
_27681,aes_sbox_us10,main_sbox,bfs_h3
_27682,aes_sbox_us10,main_sbox,bfs_h3
_27683,aes_key_expand_128_u0/aes_sbox_u3,kexp_sbox,bfs_h3
_27684,aes_key_expand_128_u0/aes_sbox_u3,kexp_sbox,bfs_h2
_27685,aes_key_expand_128_u0/aes_sbox_u3,kexp_sbox,bfs_h2
_27686,aes_key_expand_128_u0/aes_sbox_u3,kexp_sbox,bfs_h4
_27687,aes_key_expand_128_u0/aes_sbox_u3,kexp_sbox,bfs_h3
_27688,aes_key_expand_128_u0/aes_sbox_u3,kexp_sbox,bfs_h4
_27689,aes_sbox_us31,main_sbox,bfs_h6
_27690,aes_sbox_us31,main_sbox,bfs_h6
_27691,aes_sbox_us31,main_sbox,bfs_h6
_27692,aes_sbox_us31,main_sbox,bfs_h5
_27693,aes_cipher_top,top,bfs_h5
_27694,aes_sbox_us31,main_sbox,bfs_h5
_27695,aes_sbox_us31,main_sbox,bfs_h4
_27696,aes_sbox_us31,main_sbox,bfs_h4
_27697,aes_sbox_us31,main_sbox,bfs_h3
_27698,aes_sbox_us00,main_sbox,bfs_h1
_27699,aes_sbox_us30,main_sbox,bfs_h1
_27700,aes_sbox_us30,main_sbox,bfs_h2
_27701,aes_cipher_top,top,bfs_h2
_27702,aes_cipher_top,top,bfs_h3
_27703,aes_key_expand_128_u0,key_expand,bfs_h2
_27704,aes_sbox_us31,main_sbox,bfs_h3
_27705,aes_sbox_us31,main_sbox,bfs_h2
_27706,aes_sbox_us31,main_sbox,bfs_h5
_27707,aes_sbox_us31,main_sbox,bfs_h5
_27708,aes_key_expand_128_u0/aes_sbox_u3,kexp_sbox,bfs_h3
_27709,aes_key_expand_128_u0/aes_sbox_u3,kexp_sbox,bfs_h4
_27710,aes_key_expand_128_u0/aes_sbox_u3,kexp_sbox,bfs_h5
_27711,aes_sbox_us31,main_sbox,bfs_h4
_27712,aes_key_expand_128_u0,key_expand,bfs_h3
_27713,aes_sbox_us31,main_sbox,bfs_h4
_27714,aes_sbox_us31,main_sbox,bfs_h6
_27715,aes_sbox_us31,main_sbox,bfs_h5
_27716,aes_key_expand_128_u0/aes_sbox_u3,kexp_sbox,bfs_h5
_27717,aes_sbox_us31,main_sbox,bfs_h4
_27718,aes_sbox_us31,main_sbox,bfs_h3
_27719,aes_key_expand_128_u0/aes_sbox_u3,kexp_sbox,bfs_h4
_27720,aes_sbox_us31,main_sbox,bfs_h6
_27721,aes_sbox_us31,main_sbox,bfs_h5
_27722,aes_sbox_us31,main_sbox,bfs_h5
_27723,aes_sbox_us31,main_sbox,bfs_h5
_27724,aes_sbox_us31,main_sbox,bfs_h5
_27725,aes_sbox_us31,main_sbox,bfs_h4
_27726,aes_key_expand_128_u0,key_expand,bfs_h3
_27727,aes_sbox_us31,main_sbox,bfs_h6
_27728,aes_sbox_us31,main_sbox,bfs_h5
_27729,aes_sbox_us31,main_sbox,bfs_h5
_27730,aes_sbox_us31,main_sbox,bfs_h4
_27731,aes_sbox_us31,main_sbox,bfs_h3
_27732,aes_key_expand_128_u0/aes_sbox_u3,kexp_sbox,bfs_h5
_27733,aes_sbox_us31,main_sbox,bfs_h5
_27734,aes_sbox_us31,main_sbox,bfs_h5
_27735,aes_key_expand_128_u0/aes_sbox_u3,kexp_sbox,bfs_h4
_27736,aes_sbox_us31,main_sbox,bfs_h6
_27737,aes_key_expand_128_u0/aes_sbox_u3,kexp_sbox,bfs_h5
_27738,aes_sbox_us31,main_sbox,bfs_h5
_27739,aes_sbox_us31,main_sbox,bfs_h6
_27740,aes_sbox_us31,main_sbox,bfs_h5
_27741,aes_key_expand_128_u0/aes_sbox_u3,kexp_sbox,bfs_h4
_27742,aes_sbox_us31,main_sbox,bfs_h5
_27743,aes_sbox_us31,main_sbox,bfs_h5
_27744,aes_sbox_us31,main_sbox,bfs_h4
_27745,aes_sbox_us31,main_sbox,bfs_h5
_27746,aes_key_expand_128_u0/aes_sbox_u3,kexp_sbox,bfs_h5
_27747,aes_key_expand_128_u0/aes_sbox_u3,kexp_sbox,bfs_h5
_27748,aes_sbox_us31,main_sbox,bfs_h5
_27749,aes_sbox_us31,main_sbox,bfs_h5
_27750,aes_sbox_us31,main_sbox,bfs_h5
_27751,aes_key_expand_128_u0/aes_sbox_u3,kexp_sbox,bfs_h4
_27752,aes_sbox_us31,main_sbox,bfs_h6
_27753,aes_sbox_us31,main_sbox,bfs_h5
_27754,aes_sbox_us31,main_sbox,bfs_h5
_27755,aes_key_expand_128_u0,key_expand,bfs_h3
_27756,aes_sbox_us31,main_sbox,bfs_h4
_27757,aes_sbox_us31,main_sbox,bfs_h3
_27758,aes_sbox_us31,main_sbox,bfs_h2
_27759,aes_sbox_us31,main_sbox,bfs_h1
_27760,aes_sbox_us31,main_sbox,bfs_h5
_27761,aes_key_expand_128_u0/aes_sbox_u3,kexp_sbox,bfs_h5
_27762,aes_sbox_us31,main_sbox,bfs_h5
_27763,aes_sbox_us31,main_sbox,bfs_h4
_27764,aes_sbox_us31,main_sbox,bfs_h6
_27765,aes_key_expand_128_u0/aes_sbox_u3,kexp_sbox,bfs_h5
_27766,aes_sbox_us31,main_sbox,bfs_h5
_27767,aes_sbox_us31,main_sbox,bfs_h5
_27768,aes_sbox_us31,main_sbox,bfs_h5
_27769,aes_sbox_us31,main_sbox,bfs_h4
_27770,aes_sbox_us31,main_sbox,bfs_h3
_27771,aes_key_expand_128_u0,key_expand,bfs_h3
_27772,aes_sbox_us31,main_sbox,bfs_h5
_27773,aes_key_expand_128_u0/aes_sbox_u3,kexp_sbox,bfs_h5
_27774,aes_sbox_us31,main_sbox,bfs_h6
_27775,aes_sbox_us31,main_sbox,bfs_h5
_27776,aes_sbox_us31,main_sbox,bfs_h4
_27777,aes_key_expand_128_u0/aes_sbox_u3,kexp_sbox,bfs_h4
_27778,aes_sbox_us31,main_sbox,bfs_h5
_27779,aes_key_expand_128_u0/aes_sbox_u3,kexp_sbox,bfs_h5
_27780,aes_sbox_us31,main_sbox,bfs_h5
_27781,aes_sbox_us31,main_sbox,bfs_h4
_27782,aes_sbox_us31,main_sbox,bfs_h3
_27783,aes_sbox_us31,main_sbox,bfs_h3
_27784,aes_sbox_us31,main_sbox,bfs_h2
_27785,aes_key_expand_128_u0,key_expand,bfs_h3
_27786,aes_key_expand_128_u0/aes_sbox_u3,kexp_sbox,bfs_h5
_27787,aes_sbox_us31,main_sbox,bfs_h5
_27788,aes_sbox_us31,main_sbox,bfs_h5
_27789,aes_sbox_us31,main_sbox,bfs_h4
_27790,aes_key_expand_128_u0,key_expand,bfs_h3
_27791,aes_key_expand_128_u0/aes_sbox_u3,kexp_sbox,bfs_h4
_27792,aes_sbox_us31,main_sbox,bfs_h5
_27793,aes_sbox_us31,main_sbox,bfs_h5
_27794,aes_sbox_us31,main_sbox,bfs_h4
_27795,aes_sbox_us31,main_sbox,bfs_h3
_27796,aes_sbox_us31,main_sbox,bfs_h5
_27797,aes_sbox_us31,main_sbox,bfs_h5
_27798,aes_sbox_us31,main_sbox,bfs_h4
_27799,aes_key_expand_128_u0/aes_sbox_u3,kexp_sbox,bfs_h5
_27800,aes_sbox_us31,main_sbox,bfs_h6
_27801,aes_sbox_us31,main_sbox,bfs_h5
_27802,aes_sbox_us31,main_sbox,bfs_h5
_27803,aes_sbox_us31,main_sbox,bfs_h4
_27804,aes_sbox_us31,main_sbox,bfs_h4
_27805,aes_sbox_us31,main_sbox,bfs_h3
_27806,aes_sbox_us31,main_sbox,bfs_h2
_27807,aes_key_expand_128_u0/aes_sbox_u3,kexp_sbox,bfs_h4
_27808,aes_key_expand_128_u0/aes_sbox_u3,kexp_sbox,bfs_h5
_27809,aes_cipher_top,top,bfs_h5
_27810,aes_sbox_us31,main_sbox,bfs_h4
_27811,aes_sbox_us31,main_sbox,bfs_h3
_27812,aes_sbox_us31,main_sbox,bfs_h4
_27813,aes_key_expand_128_u0/aes_sbox_u3,kexp_sbox,bfs_h5
_27814,aes_sbox_us31,main_sbox,bfs_h4
_27815,aes_key_expand_128_u0/aes_sbox_u3,kexp_sbox,bfs_h5
_27816,aes_sbox_us31,main_sbox,bfs_h5
_27817,aes_sbox_us31,main_sbox,bfs_h6
_27818,aes_sbox_us31,main_sbox,bfs_h5
_27819,aes_sbox_us31,main_sbox,bfs_h4
_27820,aes_sbox_us31,main_sbox,bfs_h3
_27821,aes_sbox_us31,main_sbox,bfs_h2
_27822,aes_sbox_us31,main_sbox,bfs_h5
_27823,aes_sbox_us31,main_sbox,bfs_h5
_27824,aes_sbox_us31,main_sbox,bfs_h4
_27825,aes_sbox_us31,main_sbox,bfs_h5
_27826,aes_key_expand_128_u0/aes_sbox_u3,kexp_sbox,bfs_h4
_27827,aes_key_expand_128_u0/aes_sbox_u3,kexp_sbox,bfs_h4
_27828,aes_sbox_us31,main_sbox,bfs_h5
_27829,aes_sbox_us31,main_sbox,bfs_h4
_27830,aes_sbox_us31,main_sbox,bfs_h3
_27831,aes_key_expand_128_u0/aes_sbox_u3,kexp_sbox,bfs_h5
_27832,aes_sbox_us31,main_sbox,bfs_h5
_27833,aes_sbox_us31,main_sbox,bfs_h5
_27834,aes_sbox_us31,main_sbox,bfs_h4
_27835,aes_key_expand_128_u0/aes_sbox_u3,kexp_sbox,bfs_h5
_27836,aes_sbox_us31,main_sbox,bfs_h6
_27837,aes_sbox_us31,main_sbox,bfs_h5
_27838,aes_sbox_us31,main_sbox,bfs_h4
_27839,aes_sbox_us31,main_sbox,bfs_h3
_27840,aes_sbox_us31,main_sbox,bfs_h2
_27841,aes_sbox_us31,main_sbox,bfs_h1
_27842,aes_sbox_us31,main_sbox,bfs_h4
_27843,aes_sbox_us31,main_sbox,bfs_h5
_27844,aes_sbox_us31,main_sbox,bfs_h4
_27845,aes_sbox_us31,main_sbox,bfs_h3
_27846,aes_sbox_us31,main_sbox,bfs_h5
_27847,aes_sbox_us31,main_sbox,bfs_h4
_27848,aes_key_expand_128_u0/aes_sbox_u3,kexp_sbox,bfs_h4
_27849,aes_sbox_us31,main_sbox,bfs_h5
_27850,aes_sbox_us31,main_sbox,bfs_h4
_27851,aes_sbox_us31,main_sbox,bfs_h3
_27852,aes_key_expand_128_u0,key_expand,bfs_h3
_27853,aes_sbox_us31,main_sbox,bfs_h5
_27854,aes_sbox_us31,main_sbox,bfs_h5
_27855,aes_sbox_us31,main_sbox,bfs_h4
_27856,aes_key_expand_128_u0/aes_sbox_u3,kexp_sbox,bfs_h4
_27857,aes_sbox_us31,main_sbox,bfs_h5
_27858,aes_key_expand_128_u0,key_expand,bfs_h3
_27859,aes_sbox_us31,main_sbox,bfs_h5
_27860,aes_sbox_us31,main_sbox,bfs_h4
_27861,aes_sbox_us31,main_sbox,bfs_h3
_27862,aes_sbox_us31,main_sbox,bfs_h2
_27863,aes_key_expand_128_u0/aes_sbox_u3,kexp_sbox,bfs_h5
_27864,aes_sbox_us31,main_sbox,bfs_h5
_27865,aes_sbox_us31,main_sbox,bfs_h5
_27866,aes_sbox_us31,main_sbox,bfs_h4
_27867,aes_sbox_us31,main_sbox,bfs_h5
_27868,aes_sbox_us31,main_sbox,bfs_h4
_27869,aes_sbox_us31,main_sbox,bfs_h3
_27870,aes_sbox_us31,main_sbox,bfs_h5
_27871,aes_sbox_us31,main_sbox,bfs_h6
_27872,aes_sbox_us31,main_sbox,bfs_h5
_27873,aes_sbox_us31,main_sbox,bfs_h4
_27874,aes_sbox_us31,main_sbox,bfs_h5
_27875,aes_sbox_us31,main_sbox,bfs_h6
_27876,aes_sbox_us31,main_sbox,bfs_h5
_27877,aes_sbox_us31,main_sbox,bfs_h4
_27878,aes_sbox_us31,main_sbox,bfs_h3
_27879,aes_sbox_us31,main_sbox,bfs_h2
_27880,aes_sbox_us31,main_sbox,bfs_h6
_27881,aes_sbox_us31,main_sbox,bfs_h5
_27882,aes_key_expand_128_u0/aes_sbox_u3,kexp_sbox,bfs_h5
_27883,aes_sbox_us31,main_sbox,bfs_h5
_27884,aes_sbox_us31,main_sbox,bfs_h5
_27885,aes_sbox_us31,main_sbox,bfs_h6
_27886,aes_sbox_us31,main_sbox,bfs_h5
_27887,aes_sbox_us31,main_sbox,bfs_h4
_27888,aes_sbox_us31,main_sbox,bfs_h6
_27889,aes_sbox_us31,main_sbox,bfs_h5
_27890,aes_key_expand_128_u0/aes_sbox_u3,kexp_sbox,bfs_h5
_27891,aes_cipher_top,top,bfs_h5
_27892,aes_sbox_us31,main_sbox,bfs_h5
_27893,aes_sbox_us31,main_sbox,bfs_h4
_27894,aes_sbox_us31,main_sbox,bfs_h3
_27895,aes_sbox_us31,main_sbox,bfs_h6
_27896,aes_key_expand_128_u0/aes_sbox_u3,kexp_sbox,bfs_h5
_27897,aes_sbox_us31,main_sbox,bfs_h5
_27898,aes_sbox_us31,main_sbox,bfs_h5
_27899,aes_sbox_us31,main_sbox,bfs_h5
_27900,aes_sbox_us31,main_sbox,bfs_h5
_27901,aes_sbox_us31,main_sbox,bfs_h4
_27902,aes_sbox_us31,main_sbox,bfs_h6
_27903,aes_sbox_us31,main_sbox,bfs_h5
_27904,aes_key_expand_128_u0/aes_sbox_u3,kexp_sbox,bfs_h5
_27905,aes_sbox_us31,main_sbox,bfs_h5
_27906,aes_sbox_us31,main_sbox,bfs_h6
_27907,aes_key_expand_128_u0/aes_sbox_u3,kexp_sbox,bfs_h5
_27908,aes_sbox_us31,main_sbox,bfs_h6
_27909,aes_sbox_us31,main_sbox,bfs_h6
_27910,aes_sbox_us31,main_sbox,bfs_h5
_27911,aes_sbox_us31,main_sbox,bfs_h4
_27912,aes_sbox_us31,main_sbox,bfs_h3
_27913,aes_sbox_us31,main_sbox,bfs_h2
_27914,aes_sbox_us31,main_sbox,bfs_h1
_27915,aes_sbox_us31,main_sbox,bfs_h5
_27916,aes_sbox_us31,main_sbox,bfs_h5
_27917,aes_sbox_us31,main_sbox,bfs_h6
_27918,aes_key_expand_128_u0/aes_sbox_u3,kexp_sbox,bfs_h5
_27919,aes_sbox_us31,main_sbox,bfs_h5
_27920,aes_sbox_us31,main_sbox,bfs_h4
_27921,aes_sbox_us31,main_sbox,bfs_h6
_27922,aes_sbox_us31,main_sbox,bfs_h6
_27923,aes_sbox_us31,main_sbox,bfs_h5
_27924,aes_sbox_us31,main_sbox,bfs_h5
_27925,aes_sbox_us31,main_sbox,bfs_h5
_27926,aes_sbox_us31,main_sbox,bfs_h4
_27927,aes_sbox_us31,main_sbox,bfs_h3
_27928,aes_sbox_us31,main_sbox,bfs_h5
_27929,aes_sbox_us31,main_sbox,bfs_h5
_27930,aes_sbox_us31,main_sbox,bfs_h5
_27931,aes_key_expand_128_u0/aes_sbox_u3,kexp_sbox,bfs_h4
_27932,aes_sbox_us31,main_sbox,bfs_h6
_27933,aes_key_expand_128_u0/aes_sbox_u3,kexp_sbox,bfs_h5
_27934,aes_sbox_us31,main_sbox,bfs_h6
_27935,aes_sbox_us31,main_sbox,bfs_h5
_27936,aes_sbox_us31,main_sbox,bfs_h4
_27937,aes_key_expand_128_u0/aes_sbox_u3,kexp_sbox,bfs_h5
_27938,aes_key_expand_128_u0,key_expand,bfs_h3
_27939,aes_sbox_us31,main_sbox,bfs_h5
_27940,aes_sbox_us31,main_sbox,bfs_h6
_27941,aes_sbox_us31,main_sbox,bfs_h5
_27942,aes_sbox_us31,main_sbox,bfs_h5
_27943,aes_sbox_us31,main_sbox,bfs_h4
_27944,aes_sbox_us31,main_sbox,bfs_h3
_27945,aes_sbox_us31,main_sbox,bfs_h2
_27946,aes_sbox_us31,main_sbox,bfs_h5
_27947,aes_sbox_us31,main_sbox,bfs_h6
_27948,aes_sbox_us31,main_sbox,bfs_h5
_27949,aes_key_expand_128_u0/aes_sbox_u3,kexp_sbox,bfs_h4
_27950,aes_sbox_us31,main_sbox,bfs_h5
_27951,aes_sbox_us31,main_sbox,bfs_h5
_27952,aes_sbox_us31,main_sbox,bfs_h4
_27953,aes_sbox_us31,main_sbox,bfs_h5
_27954,aes_sbox_us31,main_sbox,bfs_h5
_27955,aes_sbox_us31,main_sbox,bfs_h5
_27956,aes_sbox_us31,main_sbox,bfs_h5
_27957,aes_sbox_us31,main_sbox,bfs_h4
_27958,aes_sbox_us31,main_sbox,bfs_h3
_27959,aes_key_expand_128_u0/aes_sbox_u3,kexp_sbox,bfs_h4
_27960,aes_sbox_us31,main_sbox,bfs_h6
_27961,aes_sbox_us31,main_sbox,bfs_h5
_27962,aes_sbox_us31,main_sbox,bfs_h4
_27963,aes_sbox_us31,main_sbox,bfs_h4
_27964,aes_key_expand_128_u0,key_expand,bfs_h3
_27965,aes_sbox_us31,main_sbox,bfs_h5
_27966,aes_key_expand_128_u0/aes_sbox_u3,kexp_sbox,bfs_h5
_27967,aes_sbox_us31,main_sbox,bfs_h5
_27968,aes_sbox_us31,main_sbox,bfs_h4
_27969,aes_sbox_us31,main_sbox,bfs_h3
_27970,aes_sbox_us31,main_sbox,bfs_h2
_27971,aes_sbox_us31,main_sbox,bfs_h1
_27972,aes_sbox_us31,main_sbox,bfs_h5
_27973,aes_sbox_us31,main_sbox,bfs_h4
_27974,aes_sbox_us31,main_sbox,bfs_h5
_27975,aes_sbox_us31,main_sbox,bfs_h5
_27976,aes_sbox_us31,main_sbox,bfs_h4
_27977,aes_sbox_us31,main_sbox,bfs_h3
_27978,aes_sbox_us31,main_sbox,bfs_h5
_27979,aes_sbox_us31,main_sbox,bfs_h4
_27980,aes_sbox_us31,main_sbox,bfs_h5
_27981,aes_sbox_us31,main_sbox,bfs_h4
_27982,aes_sbox_us31,main_sbox,bfs_h3
_27983,aes_sbox_us31,main_sbox,bfs_h2
_27984,aes_sbox_us31,main_sbox,bfs_h5
_27985,aes_sbox_us31,main_sbox,bfs_h5
_27986,aes_sbox_us31,main_sbox,bfs_h4
_27987,aes_sbox_us31,main_sbox,bfs_h5
_27988,aes_sbox_us31,main_sbox,bfs_h4
_27989,aes_sbox_us31,main_sbox,bfs_h3
_27990,aes_sbox_us31,main_sbox,bfs_h5
_27991,aes_key_expand_128_u0/aes_sbox_u3,kexp_sbox,bfs_h4
_27992,aes_sbox_us31,main_sbox,bfs_h5
_27993,aes_sbox_us31,main_sbox,bfs_h4
_27994,aes_sbox_us31,main_sbox,bfs_h4
_27995,aes_sbox_us31,main_sbox,bfs_h3
_27996,aes_sbox_us31,main_sbox,bfs_h2
_27997,aes_sbox_us31,main_sbox,bfs_h5
_27998,aes_sbox_us31,main_sbox,bfs_h4
_27999,aes_key_expand_128_u0/aes_sbox_u3,kexp_sbox,bfs_h5
_28000,aes_sbox_us31,main_sbox,bfs_h4
_28001,aes_key_expand_128_u0/aes_sbox_u3,kexp_sbox,bfs_h4
_28002,aes_sbox_us31,main_sbox,bfs_h5
_28003,aes_sbox_us31,main_sbox,bfs_h5
_28004,aes_sbox_us31,main_sbox,bfs_h5
_28005,aes_sbox_us31,main_sbox,bfs_h5
_28006,aes_key_expand_128_u0,key_expand,bfs_h3
_28007,aes_sbox_us31,main_sbox,bfs_h3
_28008,aes_sbox_us31,main_sbox,bfs_h5
_28009,aes_key_expand_128_u0/aes_sbox_u3,kexp_sbox,bfs_h4
_28010,aes_sbox_us31,main_sbox,bfs_h4
_28011,aes_sbox_us31,main_sbox,bfs_h5
_28012,aes_sbox_us31,main_sbox,bfs_h5
_28013,aes_sbox_us31,main_sbox,bfs_h4
_28014,aes_sbox_us31,main_sbox,bfs_h3
_28015,aes_sbox_us31,main_sbox,bfs_h6
_28016,aes_sbox_us31,main_sbox,bfs_h5
_28017,aes_sbox_us31,main_sbox,bfs_h5
_28018,aes_sbox_us31,main_sbox,bfs_h6
_28019,aes_sbox_us31,main_sbox,bfs_h5
_28020,aes_sbox_us31,main_sbox,bfs_h5
_28021,aes_sbox_us31,main_sbox,bfs_h4
_28022,aes_sbox_us31,main_sbox,bfs_h3
_28023,aes_sbox_us31,main_sbox,bfs_h2
_28024,aes_sbox_us31,main_sbox,bfs_h1
_28025,aes_sbox_us31,main_sbox,bfs_h5
_28026,aes_sbox_us31,main_sbox,bfs_h5
_28027,aes_sbox_us31,main_sbox,bfs_h6
_28028,aes_sbox_us31,main_sbox,bfs_h5
_28029,aes_sbox_us31,main_sbox,bfs_h5
_28030,aes_sbox_us31,main_sbox,bfs_h4
_28031,aes_sbox_us31,main_sbox,bfs_h6
_28032,aes_sbox_us31,main_sbox,bfs_h5
_28033,aes_sbox_us31,main_sbox,bfs_h5
_28034,aes_sbox_us31,main_sbox,bfs_h5
_28035,aes_sbox_us31,main_sbox,bfs_h4
_28036,aes_sbox_us31,main_sbox,bfs_h3
_28037,aes_key_expand_128_u0/aes_sbox_u3,kexp_sbox,bfs_h5
_28038,aes_sbox_us31,main_sbox,bfs_h5
_28039,aes_sbox_us31,main_sbox,bfs_h5
_28040,aes_key_expand_128_u0/aes_sbox_u3,kexp_sbox,bfs_h5
_28041,aes_sbox_us31,main_sbox,bfs_h5
_28042,aes_sbox_us31,main_sbox,bfs_h4
_28043,aes_key_expand_128_u0,key_expand,bfs_h3
_28044,aes_sbox_us31,main_sbox,bfs_h5
_28045,aes_sbox_us31,main_sbox,bfs_h5
_28046,aes_sbox_us31,main_sbox,bfs_h5
_28047,aes_key_expand_128_u0/aes_sbox_u3,kexp_sbox,bfs_h5
_28048,aes_sbox_us31,main_sbox,bfs_h6
_28049,aes_sbox_us31,main_sbox,bfs_h5
_28050,aes_sbox_us31,main_sbox,bfs_h4
_28051,aes_sbox_us31,main_sbox,bfs_h3
_28052,aes_sbox_us31,main_sbox,bfs_h2
_28053,aes_sbox_us31,main_sbox,bfs_h5
_28054,aes_sbox_us31,main_sbox,bfs_h5
_28055,aes_sbox_us31,main_sbox,bfs_h5
_28056,aes_sbox_us31,main_sbox,bfs_h5
_28057,aes_sbox_us31,main_sbox,bfs_h5
_28058,aes_sbox_us31,main_sbox,bfs_h4
_28059,aes_key_expand_128_u0/aes_sbox_u3,kexp_sbox,bfs_h4
_28060,aes_key_expand_128_u0/aes_sbox_u3,kexp_sbox,bfs_h5
_28061,aes_sbox_us31,main_sbox,bfs_h5
_28062,aes_sbox_us31,main_sbox,bfs_h5
_28063,aes_sbox_us31,main_sbox,bfs_h5
_28064,aes_sbox_us31,main_sbox,bfs_h4
_28065,aes_sbox_us31,main_sbox,bfs_h3
_28066,aes_sbox_us31,main_sbox,bfs_h6
_28067,aes_sbox_us31,main_sbox,bfs_h5
_28068,aes_sbox_us31,main_sbox,bfs_h6
_28069,aes_sbox_us31,main_sbox,bfs_h5
_28070,aes_sbox_us31,main_sbox,bfs_h4
_28071,aes_key_expand_128_u0/aes_sbox_u3,kexp_sbox,bfs_h5
_28072,aes_sbox_us31,main_sbox,bfs_h5
_28073,aes_sbox_us31,main_sbox,bfs_h5
_28074,aes_sbox_us31,main_sbox,bfs_h6
_28075,aes_sbox_us31,main_sbox,bfs_h5
_28076,aes_sbox_us31,main_sbox,bfs_h4
_28077,aes_sbox_us31,main_sbox,bfs_h3
_28078,aes_sbox_us31,main_sbox,bfs_h2
_28079,aes_sbox_us31,main_sbox,bfs_h1
_28080,aes_key_expand_128_u0/aes_sbox_u3,kexp_sbox,bfs_h5
_28081,aes_key_expand_128_u0/aes_sbox_u3,kexp_sbox,bfs_h5
_28082,aes_cipher_top,top,bfs_h5
_28083,aes_sbox_us31,main_sbox,bfs_h5
_28084,aes_key_expand_128_u0/aes_sbox_u3,kexp_sbox,bfs_h5
_28085,aes_sbox_us31,main_sbox,bfs_h5
_28086,aes_sbox_us31,main_sbox,bfs_h5
_28087,aes_sbox_us31,main_sbox,bfs_h4
_28088,aes_key_expand_128_u0/aes_sbox_u3,kexp_sbox,bfs_h5
_28089,aes_sbox_us31,main_sbox,bfs_h5
_28090,aes_sbox_us31,main_sbox,bfs_h5
_28091,aes_sbox_us31,main_sbox,bfs_h5
_28092,aes_cipher_top,top,bfs_h5
_28093,aes_key_expand_128_u0/aes_sbox_u3,kexp_sbox,bfs_h4
_28094,aes_sbox_us31,main_sbox,bfs_h6
_28095,aes_sbox_us31,main_sbox,bfs_h5
_28096,aes_sbox_us31,main_sbox,bfs_h4
_28097,aes_sbox_us31,main_sbox,bfs_h3
_28098,aes_sbox_us31,main_sbox,bfs_h5
_28099,aes_sbox_us31,main_sbox,bfs_h5
_28100,aes_sbox_us31,main_sbox,bfs_h5
_28101,aes_key_expand_128_u0,key_expand,bfs_h3
_28102,aes_sbox_us31,main_sbox,bfs_h5
_28103,aes_sbox_us31,main_sbox,bfs_h4
_28104,aes_key_expand_128_u0/aes_sbox_u3,kexp_sbox,bfs_h5
_28105,aes_key_expand_128_u0/aes_sbox_u3,kexp_sbox,bfs_h5
_28106,aes_sbox_us31,main_sbox,bfs_h5
_28107,aes_sbox_us31,main_sbox,bfs_h6
_28108,aes_sbox_us31,main_sbox,bfs_h6
_28109,aes_key_expand_128_u0/aes_sbox_u3,kexp_sbox,bfs_h5
_28110,aes_sbox_us31,main_sbox,bfs_h5
_28111,aes_sbox_us31,main_sbox,bfs_h4
_28112,aes_sbox_us31,main_sbox,bfs_h3
_28113,aes_sbox_us31,main_sbox,bfs_h2
_28114,aes_key_expand_128_u0/aes_sbox_u3,kexp_sbox,bfs_h5
_28115,aes_sbox_us31,main_sbox,bfs_h6
_28116,aes_sbox_us31,main_sbox,bfs_h5
_28117,aes_sbox_us31,main_sbox,bfs_h5
_28118,aes_sbox_us31,main_sbox,bfs_h4
_28119,aes_sbox_us31,main_sbox,bfs_h5
_28120,aes_sbox_us31,main_sbox,bfs_h4
_28121,aes_sbox_us31,main_sbox,bfs_h3
_28122,aes_sbox_us31,main_sbox,bfs_h6
_28123,aes_sbox_us31,main_sbox,bfs_h5
_28124,aes_sbox_us31,main_sbox,bfs_h5
_28125,aes_sbox_us31,main_sbox,bfs_h4
_28126,aes_sbox_us31,main_sbox,bfs_h6
_28127,aes_key_expand_128_u0/aes_sbox_u3,kexp_sbox,bfs_h5
_28128,aes_sbox_us31,main_sbox,bfs_h6
_28129,aes_sbox_us31,main_sbox,bfs_h5
_28130,aes_key_expand_128_u0/aes_sbox_u3,kexp_sbox,bfs_h5
_28131,aes_sbox_us31,main_sbox,bfs_h5
_28132,aes_sbox_us31,main_sbox,bfs_h5
_28133,aes_sbox_us31,main_sbox,bfs_h4
_28134,aes_sbox_us31,main_sbox,bfs_h3
_28135,aes_sbox_us31,main_sbox,bfs_h2
_28136,aes_sbox_us31,main_sbox,bfs_h1
_28137,aes_sbox_us31,main_sbox,bfs_h4
_28138,aes_sbox_us31,main_sbox,bfs_h5
_28139,aes_sbox_us31,main_sbox,bfs_h5
_28140,aes_sbox_us31,main_sbox,bfs_h4
_28141,aes_sbox_us31,main_sbox,bfs_h3
_28142,aes_sbox_us31,main_sbox,bfs_h5
_28143,aes_sbox_us31,main_sbox,bfs_h4
_28144,aes_sbox_us31,main_sbox,bfs_h5
_28145,aes_sbox_us31,main_sbox,bfs_h4
_28146,aes_sbox_us31,main_sbox,bfs_h3
_28147,aes_sbox_us31,main_sbox,bfs_h2
_28148,aes_sbox_us31,main_sbox,bfs_h5
_28149,aes_sbox_us31,main_sbox,bfs_h4
_28150,aes_key_expand_128_u0/aes_sbox_u3,kexp_sbox,bfs_h5
_28151,aes_sbox_us31,main_sbox,bfs_h5
_28152,aes_sbox_us31,main_sbox,bfs_h5
_28153,aes_sbox_us31,main_sbox,bfs_h4
_28154,aes_sbox_us31,main_sbox,bfs_h3
_28155,aes_sbox_us31,main_sbox,bfs_h5
_28156,aes_key_expand_128_u0/aes_sbox_u3,kexp_sbox,bfs_h5
_28157,aes_sbox_us31,main_sbox,bfs_h4
_28158,aes_sbox_us31,main_sbox,bfs_h4
_28159,aes_sbox_us31,main_sbox,bfs_h3
_28160,aes_sbox_us31,main_sbox,bfs_h2
_28161,aes_key_expand_128_u0/aes_sbox_u3,kexp_sbox,bfs_h5
_28162,aes_sbox_us31,main_sbox,bfs_h5
_28163,aes_sbox_us31,main_sbox,bfs_h6
_28164,aes_key_expand_128_u0/aes_sbox_u3,kexp_sbox,bfs_h5
_28165,aes_sbox_us31,main_sbox,bfs_h5
_28166,aes_sbox_us31,main_sbox,bfs_h4
_28167,aes_sbox_us31,main_sbox,bfs_h5
_28168,aes_sbox_us31,main_sbox,bfs_h5
_28169,aes_sbox_us31,main_sbox,bfs_h5
_28170,aes_sbox_us31,main_sbox,bfs_h6
_28171,aes_sbox_us31,main_sbox,bfs_h5
_28172,aes_sbox_us31,main_sbox,bfs_h4
_28173,aes_sbox_us31,main_sbox,bfs_h3
_28174,aes_sbox_us31,main_sbox,bfs_h6
_28175,aes_sbox_us31,main_sbox,bfs_h5
_28176,aes_sbox_us31,main_sbox,bfs_h5
_28177,aes_sbox_us31,main_sbox,bfs_h5
_28178,aes_sbox_us31,main_sbox,bfs_h4
_28179,aes_sbox_us31,main_sbox,bfs_h5
_28180,aes_sbox_us31,main_sbox,bfs_h5
_28181,aes_sbox_us31,main_sbox,bfs_h6
_28182,aes_sbox_us31,main_sbox,bfs_h5
_28183,aes_sbox_us31,main_sbox,bfs_h4
_28184,aes_sbox_us31,main_sbox,bfs_h3
_28185,aes_sbox_us31,main_sbox,bfs_h2
_28186,aes_sbox_us31,main_sbox,bfs_h1
_28187,aes_cipher_top,top,bfs_h2
_28188,aes_sbox_us21,main_sbox,bfs_h1
_28189,aes_sbox_us11,main_sbox,bfs_h2
_28190,aes_sbox_us21,main_sbox,bfs_h2
_28191,aes_sbox_us21,main_sbox,bfs_h2
_28192,aes_cipher_top,top,bfs_h3
_28193,aes_cipher_top,top,bfs_h3
_28194,aes_cipher_top,top,bfs_h2
_28195,aes_cipher_top,top,bfs_h3
_28196,aes_sbox_us11,main_sbox,bfs_h2
_28197,aes_sbox_us21,main_sbox,bfs_h2
_28198,aes_cipher_top,top,bfs_h3
_28199,aes_cipher_top,top,bfs_h3
_28200,aes_cipher_top,top,bfs_h4
_28201,aes_cipher_top,top,bfs_h4
_28202,aes_cipher_top,top,bfs_h5
_28203,aes_cipher_top,top,bfs_h2
_28204,aes_cipher_top,top,bfs_h3
_28205,aes_sbox_us31,main_sbox,bfs_h2
_28206,aes_sbox_us21,main_sbox,bfs_h2
_28207,aes_sbox_us21,main_sbox,bfs_h2
_28208,aes_sbox_us11,main_sbox,bfs_h2
_28209,aes_sbox_us11,main_sbox,bfs_h3
_28210,aes_cipher_top,top,bfs_h3
_28211,aes_cipher_top,top,bfs_h4
_28212,aes_key_expand_128_u0,key_expand,bfs_h2
_28213,aes_key_expand_128_u0,key_expand,bfs_h3
_28214,aes_sbox_us32,main_sbox,bfs_h5
_28215,aes_sbox_us11,main_sbox,bfs_h2
_28216,aes_sbox_us11,main_sbox,bfs_h3
_28217,aes_sbox_us11,main_sbox,bfs_h2
_28218,aes_sbox_us21,main_sbox,bfs_h2
_28219,aes_sbox_us21,main_sbox,bfs_h3
_28220,aes_sbox_us21,main_sbox,bfs_h2
_28221,aes_sbox_us11,main_sbox,bfs_h2
_28222,aes_sbox_us11,main_sbox,bfs_h2
_28223,aes_sbox_us21,main_sbox,bfs_h2
_28224,aes_sbox_us11,main_sbox,bfs_h3
_28225,aes_sbox_us11,main_sbox,bfs_h3
_28226,aes_cipher_top,top,bfs_h3
_28227,aes_cipher_top,top,bfs_h2
_28228,aes_key_expand_128_u0,key_expand,bfs_h2
_28229,aes_key_expand_128_u0,key_expand,bfs_h2
_28230,aes_sbox_us32,main_sbox,bfs_h6
_28231,aes_sbox_us32,main_sbox,bfs_h6
_28232,aes_key_expand_128_u0,key_expand,bfs_h3
_28233,aes_cipher_top,top,bfs_h2
_28234,aes_cipher_top,top,bfs_h3
_28235,aes_sbox_us11,main_sbox,bfs_h3
_28236,aes_cipher_top,top,bfs_h3
_28237,aes_key_expand_128_u0,key_expand,bfs_h2
_28238,aes_key_expand_128_u0,key_expand,bfs_h3
_28240,aes_sbox_us32,main_sbox,bfs_h5
_28241,aes_key_expand_128_u0,key_expand,bfs_h2
_28242,aes_key_expand_128_u0,key_expand,bfs_h3
_28243,aes_key_expand_128_u0,key_expand,bfs_h3
_28244,aes_cipher_top,top,bfs_h5
_28245,aes_cipher_top,top,bfs_h5
_28246,aes_sbox_us32,main_sbox,bfs_h5
_28247,aes_sbox_us32,main_sbox,bfs_h6
_28248,aes_sbox_us32,main_sbox,bfs_h6
_28249,aes_sbox_us32,main_sbox,bfs_h6
_28250,aes_sbox_us32,main_sbox,bfs_h6
_28251,aes_sbox_us21,main_sbox,bfs_h1
_28252,aes_sbox_us11,main_sbox,bfs_h2
_28253,aes_sbox_us01,main_sbox,bfs_h3
_28254,aes_cipher_top,top,bfs_h3
_28255,aes_cipher_top,top,bfs_h2
_28256,aes_cipher_top,top,bfs_h3
_28257,aes_key_expand_128_u0,key_expand,bfs_h2
_28258,aes_sbox_us32,main_sbox,bfs_h6
_28259,aes_sbox_us32,main_sbox,bfs_h5
_28260,aes_sbox_us32,main_sbox,bfs_h4
_28261,aes_cipher_top,top,unassigned
_28262,aes_cipher_top,top,unassigned
_28263,aes_sbox_us32,main_sbox,bfs_h6
_28264,aes_cipher_top,top,unassigned
_28265,aes_sbox_us32,main_sbox,bfs_h5
_28266,aes_cipher_top,top,unassigned
_28267,aes_sbox_us32,main_sbox,bfs_h6
_28268,aes_sbox_us32,main_sbox,bfs_h5
_28269,aes_sbox_us32,main_sbox,bfs_h6
_28270,aes_sbox_us32,main_sbox,bfs_h5
_28271,aes_sbox_us32,main_sbox,bfs_h4
_28272,aes_sbox_us21,main_sbox,bfs_h1
_28273,aes_sbox_us01,main_sbox,bfs_h2
_28274,aes_sbox_us21,main_sbox,bfs_h2
_28275,aes_sbox_us21,main_sbox,bfs_h2
_28276,aes_cipher_top,top,bfs_h2
_28277,aes_sbox_us21,main_sbox,bfs_h3
_28278,aes_key_expand_128_u0,key_expand,bfs_h2
_28279,aes_cipher_top,top,unassigned
_28280,aes_sbox_us32,main_sbox,bfs_h5
_28281,aes_sbox_us32,main_sbox,bfs_h4
_28282,aes_sbox_us32,main_sbox,bfs_h3
_28283,aes_cipher_top,top,bfs_h3
_28284,aes_cipher_top,top,bfs_h3
_28285,aes_cipher_top,top,bfs_h4
_28286,aes_cipher_top,top,bfs_h5
_28287,aes_cipher_top,top,bfs_h5
_28288,aes_sbox_us32,main_sbox,bfs_h5
_28289,aes_sbox_us32,main_sbox,bfs_h5
_28290,aes_sbox_us32,main_sbox,bfs_h4
_28291,aes_key_expand_128_u0,key_expand,bfs_h3
_28292,aes_key_expand_128_u0,key_expand,bfs_h2
_28293,aes_cipher_top,top,bfs_h4
_28294,aes_cipher_top,top,bfs_h5
_28295,aes_sbox_us32,main_sbox,bfs_h5
_28296,aes_sbox_us32,main_sbox,bfs_h5
_28297,aes_sbox_us32,main_sbox,bfs_h5
_28298,aes_sbox_us32,main_sbox,bfs_h4
_28299,aes_sbox_us01,main_sbox,bfs_h1
_28300,aes_sbox_us31,main_sbox,bfs_h1
_28301,aes_sbox_us01,main_sbox,bfs_h2
_28302,aes_sbox_us01,main_sbox,bfs_h2
_28303,aes_sbox_us31,main_sbox,bfs_h1
_28304,aes_sbox_us31,main_sbox,bfs_h2
_28305,aes_sbox_us01,main_sbox,bfs_h3
_28306,aes_cipher_top,top,bfs_h2
_28307,aes_key_expand_128_u0,key_expand,bfs_h2
_28308,aes_cipher_top,top,bfs_h2
_28309,aes_key_expand_128_u0,key_expand,bfs_h2
_28310,aes_sbox_us32,main_sbox,bfs_h5
_28311,aes_sbox_us32,main_sbox,bfs_h5
_28312,aes_sbox_us32,main_sbox,bfs_h4
_28313,aes_sbox_us32,main_sbox,bfs_h3
_28314,aes_sbox_us01,main_sbox,bfs_h1
_28315,aes_sbox_us01,main_sbox,bfs_h2
_28316,aes_sbox_us11,main_sbox,bfs_h2
_28317,aes_cipher_top,top,bfs_h2
_28318,aes_cipher_top,top,bfs_h3
_28319,aes_key_expand_128_u0,key_expand,bfs_h2
_28320,aes_sbox_us32,main_sbox,bfs_h5
_28321,aes_sbox_us32,main_sbox,bfs_h4
_28322,aes_cipher_top,top,unassigned
_28323,aes_cipher_top,top,unassigned
_28324,aes_cipher_top,top,unassigned
_28325,aes_cipher_top,top,bfs_h5
_28326,aes_sbox_us32,main_sbox,bfs_h5
_28327,aes_sbox_us32,main_sbox,bfs_h5
_28328,aes_cipher_top,top,bfs_h5
_28329,aes_sbox_us32,main_sbox,bfs_h5
_28330,aes_sbox_us32,main_sbox,bfs_h5
_28331,aes_sbox_us32,main_sbox,bfs_h6
_28332,aes_sbox_us32,main_sbox,bfs_h5
_28333,aes_cipher_top,top,unassigned
_28334,aes_sbox_us32,main_sbox,bfs_h5
_28335,aes_sbox_us32,main_sbox,bfs_h5
_28336,aes_sbox_us32,main_sbox,bfs_h6
_28337,aes_sbox_us32,main_sbox,bfs_h5
_28338,aes_cipher_top,top,bfs_h5
_28339,aes_sbox_us32,main_sbox,bfs_h6
_28340,aes_sbox_us32,main_sbox,bfs_h5
_28341,aes_sbox_us32,main_sbox,bfs_h5
_28342,aes_sbox_us32,main_sbox,bfs_h5
_28343,aes_sbox_us32,main_sbox,bfs_h5
_28344,aes_sbox_us32,main_sbox,bfs_h5
_28345,aes_sbox_us32,main_sbox,bfs_h4
_28346,aes_sbox_us32,main_sbox,bfs_h3
_28347,aes_sbox_us32,main_sbox,bfs_h2
_28348,aes_sbox_us32,main_sbox,bfs_h5
_28349,aes_sbox_us32,main_sbox,bfs_h5
_28350,aes_sbox_us32,main_sbox,bfs_h5
_28351,aes_sbox_us32,main_sbox,bfs_h6
_28352,aes_cipher_top,top,unassigned
_28353,aes_sbox_us32,main_sbox,bfs_h6
_28354,aes_sbox_us32,main_sbox,bfs_h5
_28355,aes_sbox_us32,main_sbox,bfs_h4
_28356,aes_sbox_us32,main_sbox,bfs_h5
_28357,aes_sbox_us32,main_sbox,bfs_h5
_28358,aes_sbox_us32,main_sbox,bfs_h5
_28359,aes_cipher_top,top,bfs_h5
_28360,aes_sbox_us32,main_sbox,bfs_h5
_28361,aes_sbox_us32,main_sbox,bfs_h5
_28362,aes_sbox_us32,main_sbox,bfs_h4
_28363,aes_sbox_us32,main_sbox,bfs_h4
_28364,aes_sbox_us32,main_sbox,bfs_h4
_28365,aes_sbox_us32,main_sbox,bfs_h3
_28366,aes_cipher_top,top,unassigned
_28367,aes_cipher_top,top,unassigned
_28368,aes_sbox_us32,main_sbox,bfs_h6
_28369,aes_cipher_top,top,unassigned
_28370,aes_sbox_us32,main_sbox,bfs_h5
_28371,aes_sbox_us32,main_sbox,bfs_h6
_28372,aes_sbox_us32,main_sbox,bfs_h5
_28373,aes_sbox_us32,main_sbox,bfs_h5
_28374,aes_sbox_us32,main_sbox,bfs_h5
_28375,aes_sbox_us32,main_sbox,bfs_h5
_28376,aes_sbox_us32,main_sbox,bfs_h5
_28377,aes_sbox_us32,main_sbox,bfs_h4
_28378,aes_cipher_top,top,unassigned
_28379,aes_sbox_us32,main_sbox,bfs_h5
_28380,aes_sbox_us32,main_sbox,bfs_h5
_28381,aes_cipher_top,top,bfs_h3
_28382,aes_cipher_top,top,bfs_h3
_28383,aes_cipher_top,top,bfs_h3
_28384,aes_cipher_top,top,bfs_h3
_28385,aes_cipher_top,top,bfs_h4
_28386,aes_sbox_us32,main_sbox,bfs_h5
_28387,aes_sbox_us32,main_sbox,bfs_h5
_28388,aes_sbox_us32,main_sbox,bfs_h5
_28389,aes_sbox_us32,main_sbox,bfs_h4
_28390,aes_sbox_us32,main_sbox,bfs_h3
_28391,aes_sbox_us01,main_sbox,bfs_h1
_28392,aes_sbox_us31,main_sbox,bfs_h1
_28393,aes_sbox_us31,main_sbox,bfs_h2
_28394,aes_cipher_top,top,bfs_h2
_28395,aes_cipher_top,top,bfs_h3
_28396,aes_key_expand_128_u0,key_expand,bfs_h2
_28397,aes_sbox_us32,main_sbox,bfs_h2
_28398,aes_sbox_us32,main_sbox,bfs_h5
_28399,aes_sbox_us32,main_sbox,bfs_h5
_28400,aes_sbox_us32,main_sbox,bfs_h4
_28401,aes_sbox_us32,main_sbox,bfs_h6
_28402,aes_cipher_top,top,unassigned
_28403,aes_sbox_us32,main_sbox,bfs_h5
_28404,aes_sbox_us32,main_sbox,bfs_h5
_28405,aes_sbox_us32,main_sbox,bfs_h4
_28406,aes_sbox_us32,main_sbox,bfs_h5
_28407,aes_sbox_us32,main_sbox,bfs_h6
_28408,aes_sbox_us32,main_sbox,bfs_h5
_28409,aes_sbox_us32,main_sbox,bfs_h5
_28410,aes_sbox_us32,main_sbox,bfs_h4
_28411,aes_sbox_us32,main_sbox,bfs_h4
_28412,aes_sbox_us32,main_sbox,bfs_h4
_28413,aes_sbox_us32,main_sbox,bfs_h3
_28414,aes_sbox_us32,main_sbox,bfs_h5
_28415,aes_sbox_us32,main_sbox,bfs_h4
_28416,aes_cipher_top,top,bfs_h4
_28417,aes_cipher_top,top,bfs_h5
_28418,aes_cipher_top,top,bfs_h5
_28419,aes_sbox_us32,main_sbox,bfs_h4
_28420,aes_sbox_us32,main_sbox,bfs_h3
_28421,aes_sbox_us32,main_sbox,bfs_h3
_28422,aes_sbox_us32,main_sbox,bfs_h5
_28423,aes_sbox_us32,main_sbox,bfs_h5
_28424,aes_sbox_us32,main_sbox,bfs_h6
_28425,aes_sbox_us32,main_sbox,bfs_h5
_28426,aes_cipher_top,top,unassigned
_28427,aes_sbox_us32,main_sbox,bfs_h5
_28428,aes_sbox_us32,main_sbox,bfs_h4
_28429,aes_sbox_us32,main_sbox,bfs_h3
_28430,aes_key_expand_128_u0,key_expand,bfs_h3
_28431,aes_sbox_us32,main_sbox,bfs_h5
_28432,aes_sbox_us32,main_sbox,bfs_h5
_28433,aes_sbox_us32,main_sbox,bfs_h5
_28434,aes_sbox_us32,main_sbox,bfs_h4
_28435,aes_sbox_us32,main_sbox,bfs_h5
_28436,aes_sbox_us32,main_sbox,bfs_h5
_28437,aes_sbox_us32,main_sbox,bfs_h4
_28438,aes_sbox_us32,main_sbox,bfs_h5
_28439,aes_sbox_us32,main_sbox,bfs_h5
_28440,aes_sbox_us32,main_sbox,bfs_h5
_28441,aes_sbox_us32,main_sbox,bfs_h4
_28442,aes_sbox_us32,main_sbox,bfs_h3
_28443,aes_sbox_us32,main_sbox,bfs_h6
_28444,aes_sbox_us32,main_sbox,bfs_h5
_28445,aes_sbox_us32,main_sbox,bfs_h5
_28446,aes_sbox_us32,main_sbox,bfs_h5
_28447,aes_cipher_top,top,bfs_h5
_28448,aes_sbox_us32,main_sbox,bfs_h5
_28449,aes_sbox_us32,main_sbox,bfs_h4
_28450,aes_sbox_us32,main_sbox,bfs_h6
_28451,aes_sbox_us32,main_sbox,bfs_h5
_28452,aes_sbox_us32,main_sbox,bfs_h5
_28453,aes_sbox_us32,main_sbox,bfs_h4
_28454,aes_sbox_us32,main_sbox,bfs_h3
_28455,aes_sbox_us32,main_sbox,bfs_h2
_28456,aes_sbox_us32,main_sbox,bfs_h2
_28457,aes_sbox_us32,main_sbox,bfs_h1
_28458,aes_sbox_us32,main_sbox,bfs_h5
_28459,aes_sbox_us32,main_sbox,bfs_h5
_28460,aes_sbox_us32,main_sbox,bfs_h5
_28461,aes_sbox_us32,main_sbox,bfs_h5
_28462,aes_sbox_us32,main_sbox,bfs_h4
_28463,aes_sbox_us32,main_sbox,bfs_h5
_28464,aes_sbox_us32,main_sbox,bfs_h5
_28465,aes_sbox_us32,main_sbox,bfs_h4
_28466,aes_sbox_us32,main_sbox,bfs_h3
_28467,aes_sbox_us32,main_sbox,bfs_h5
_28468,aes_sbox_us32,main_sbox,bfs_h5
_28469,aes_cipher_top,top,unassigned
_28470,aes_sbox_us32,main_sbox,bfs_h5
_28471,aes_sbox_us32,main_sbox,bfs_h4
_28472,aes_sbox_us32,main_sbox,bfs_h5
_28473,aes_sbox_us32,main_sbox,bfs_h5
_28474,aes_sbox_us32,main_sbox,bfs_h5
_28475,aes_sbox_us32,main_sbox,bfs_h5
_28476,aes_sbox_us32,main_sbox,bfs_h4
_28477,aes_sbox_us32,main_sbox,bfs_h3
_28478,aes_sbox_us32,main_sbox,bfs_h2
_28479,aes_sbox_us32,main_sbox,bfs_h2
_28480,aes_sbox_us32,main_sbox,bfs_h5
_28481,aes_sbox_us32,main_sbox,bfs_h4
_28482,aes_sbox_us32,main_sbox,bfs_h5
_28483,aes_sbox_us32,main_sbox,bfs_h5
_28484,aes_sbox_us32,main_sbox,bfs_h4
_28485,aes_sbox_us32,main_sbox,bfs_h3
_28486,aes_sbox_us32,main_sbox,bfs_h6
_28487,aes_sbox_us32,main_sbox,bfs_h5
_28488,aes_sbox_us32,main_sbox,bfs_h4
_28489,aes_sbox_us32,main_sbox,bfs_h4
_28490,aes_sbox_us32,main_sbox,bfs_h3
_28491,aes_sbox_us32,main_sbox,bfs_h5
_28492,aes_sbox_us32,main_sbox,bfs_h5
_28493,aes_sbox_us32,main_sbox,bfs_h5
_28494,aes_sbox_us32,main_sbox,bfs_h5
_28495,aes_sbox_us32,main_sbox,bfs_h4
_28496,aes_cipher_top,top,bfs_h5
_28497,aes_sbox_us32,main_sbox,bfs_h5
_28498,aes_cipher_top,top,unassigned
_28499,aes_cipher_top,top,unassigned
_28500,aes_sbox_us32,main_sbox,bfs_h5
_28501,aes_sbox_us32,main_sbox,bfs_h4
_28502,aes_sbox_us32,main_sbox,bfs_h3
_28503,aes_sbox_us32,main_sbox,bfs_h2
_28504,aes_sbox_us32,main_sbox,bfs_h5
_28505,aes_sbox_us32,main_sbox,bfs_h4
_28506,aes_sbox_us32,main_sbox,bfs_h5
_28507,aes_sbox_us32,main_sbox,bfs_h5
_28508,aes_sbox_us32,main_sbox,bfs_h5
_28509,aes_sbox_us32,main_sbox,bfs_h6
_28510,aes_sbox_us32,main_sbox,bfs_h5
_28511,aes_sbox_us32,main_sbox,bfs_h4
_28512,aes_sbox_us32,main_sbox,bfs_h3
_28513,aes_sbox_us32,main_sbox,bfs_h5
_28514,aes_sbox_us32,main_sbox,bfs_h5
_28515,aes_sbox_us32,main_sbox,bfs_h5
_28516,aes_sbox_us32,main_sbox,bfs_h4
_28517,aes_sbox_us32,main_sbox,bfs_h5
_28518,aes_sbox_us32,main_sbox,bfs_h5
_28519,aes_sbox_us32,main_sbox,bfs_h4
_28520,aes_sbox_us32,main_sbox,bfs_h3
_28521,aes_sbox_us32,main_sbox,bfs_h2
_28522,aes_sbox_us32,main_sbox,bfs_h5
_28523,aes_sbox_us32,main_sbox,bfs_h5
_28524,aes_sbox_us32,main_sbox,bfs_h5
_28525,aes_sbox_us32,main_sbox,bfs_h4
_28526,aes_sbox_us32,main_sbox,bfs_h4
_28527,aes_sbox_us32,main_sbox,bfs_h3
_28528,aes_sbox_us32,main_sbox,bfs_h5
_28529,aes_sbox_us32,main_sbox,bfs_h5
_28530,aes_sbox_us32,main_sbox,bfs_h5
_28531,aes_sbox_us32,main_sbox,bfs_h5
_28532,aes_sbox_us32,main_sbox,bfs_h5
_28533,aes_sbox_us32,main_sbox,bfs_h4
_28534,aes_sbox_us32,main_sbox,bfs_h6
_28535,aes_sbox_us32,main_sbox,bfs_h5
_28536,aes_sbox_us32,main_sbox,bfs_h4
_28537,aes_sbox_us32,main_sbox,bfs_h4
_28538,aes_sbox_us32,main_sbox,bfs_h3
_28539,aes_sbox_us32,main_sbox,bfs_h2
_28540,aes_sbox_us32,main_sbox,bfs_h1
_28541,aes_cipher_top,top,unassigned
_28542,aes_sbox_us32,main_sbox,bfs_h5
_28543,aes_cipher_top,top,unassigned
_28544,aes_sbox_us32,main_sbox,bfs_h5
_28545,aes_sbox_us32,main_sbox,bfs_h4
_28546,aes_sbox_us32,main_sbox,bfs_h5
_28547,aes_sbox_us32,main_sbox,bfs_h5
_28548,aes_cipher_top,top,unassigned
_28549,aes_sbox_us32,main_sbox,bfs_h5
_28550,aes_sbox_us32,main_sbox,bfs_h4
_28551,aes_sbox_us32,main_sbox,bfs_h3
_28552,aes_sbox_us32,main_sbox,bfs_h5
_28553,aes_sbox_us32,main_sbox,bfs_h5
_28554,aes_sbox_us32,main_sbox,bfs_h5
_28555,aes_sbox_us32,main_sbox,bfs_h4
_28556,aes_sbox_us32,main_sbox,bfs_h5
_28557,aes_sbox_us32,main_sbox,bfs_h5
_28558,aes_sbox_us32,main_sbox,bfs_h4
_28559,aes_sbox_us32,main_sbox,bfs_h3
_28560,aes_sbox_us32,main_sbox,bfs_h2
_28561,aes_sbox_us32,main_sbox,bfs_h5
_28562,aes_cipher_top,top,unassigned
_28563,aes_cipher_top,top,unassigned
_28564,aes_sbox_us32,main_sbox,bfs_h5
_28565,aes_sbox_us32,main_sbox,bfs_h5
_28566,aes_sbox_us32,main_sbox,bfs_h5
_28567,aes_sbox_us32,main_sbox,bfs_h5
_28568,aes_sbox_us32,main_sbox,bfs_h5
_28569,aes_sbox_us32,main_sbox,bfs_h5
_28570,aes_sbox_us32,main_sbox,bfs_h5
_28571,aes_sbox_us32,main_sbox,bfs_h4
_28572,aes_sbox_us32,main_sbox,bfs_h4
_28573,aes_sbox_us32,main_sbox,bfs_h4
_28574,aes_sbox_us32,main_sbox,bfs_h6
_28575,aes_sbox_us32,main_sbox,bfs_h5
_28576,aes_sbox_us32,main_sbox,bfs_h5
_28577,aes_sbox_us32,main_sbox,bfs_h5
_28578,aes_sbox_us32,main_sbox,bfs_h5
_28579,aes_sbox_us32,main_sbox,bfs_h5
_28580,aes_sbox_us32,main_sbox,bfs_h5
_28581,aes_sbox_us32,main_sbox,bfs_h4
_28582,aes_sbox_us32,main_sbox,bfs_h3
_28583,aes_sbox_us32,main_sbox,bfs_h2
_28584,aes_sbox_us32,main_sbox,bfs_h6
_28585,aes_sbox_us32,main_sbox,bfs_h5
_28586,aes_sbox_us32,main_sbox,bfs_h4
_28587,aes_sbox_us32,main_sbox,bfs_h4
_28588,aes_sbox_us32,main_sbox,bfs_h5
_28589,aes_sbox_us32,main_sbox,bfs_h4
_28590,aes_sbox_us32,main_sbox,bfs_h4
_28591,aes_sbox_us32,main_sbox,bfs_h4
_28592,aes_sbox_us32,main_sbox,bfs_h3
_28593,aes_sbox_us32,main_sbox,bfs_h5
_28594,aes_sbox_us32,main_sbox,bfs_h5
_28595,aes_sbox_us32,main_sbox,bfs_h4
_28596,aes_sbox_us32,main_sbox,bfs_h5
_28597,aes_sbox_us32,main_sbox,bfs_h5
_28598,aes_sbox_us32,main_sbox,bfs_h4
_28599,aes_sbox_us32,main_sbox,bfs_h3
_28600,aes_sbox_us32,main_sbox,bfs_h2
_28601,aes_sbox_us32,main_sbox,bfs_h5
_28602,aes_sbox_us32,main_sbox,bfs_h4
_28603,aes_sbox_us32,main_sbox,bfs_h5
_28604,aes_cipher_top,top,unassigned
_28605,aes_sbox_us32,main_sbox,bfs_h5
_28606,aes_sbox_us32,main_sbox,bfs_h4
_28607,aes_sbox_us32,main_sbox,bfs_h5
_28608,aes_sbox_us32,main_sbox,bfs_h5
_28609,aes_sbox_us32,main_sbox,bfs_h5
_28610,aes_sbox_us32,main_sbox,bfs_h5
_28611,aes_sbox_us32,main_sbox,bfs_h5
_28612,aes_sbox_us32,main_sbox,bfs_h5
_28613,aes_sbox_us32,main_sbox,bfs_h5
_28614,aes_sbox_us32,main_sbox,bfs_h4
_28615,aes_sbox_us32,main_sbox,bfs_h3
_28616,aes_sbox_us32,main_sbox,bfs_h2
_28617,aes_sbox_us32,main_sbox,bfs_h1
_28618,aes_sbox_us32,main_sbox,bfs_h5
_28619,aes_sbox_us32,main_sbox,bfs_h4
_28620,aes_sbox_us32,main_sbox,bfs_h5
_28621,aes_sbox_us32,main_sbox,bfs_h5
_28622,aes_sbox_us32,main_sbox,bfs_h4
_28623,aes_sbox_us32,main_sbox,bfs_h3
_28624,aes_sbox_us32,main_sbox,bfs_h5
_28625,aes_sbox_us32,main_sbox,bfs_h5
_28626,aes_sbox_us32,main_sbox,bfs_h5
_28627,aes_sbox_us32,main_sbox,bfs_h4
_28628,aes_sbox_us32,main_sbox,bfs_h4
_28629,aes_sbox_us32,main_sbox,bfs_h4
_28630,aes_sbox_us32,main_sbox,bfs_h3
_28631,aes_sbox_us32,main_sbox,bfs_h3
_28632,aes_sbox_us32,main_sbox,bfs_h5
_28633,aes_sbox_us32,main_sbox,bfs_h5
_28634,aes_sbox_us32,main_sbox,bfs_h5
_28635,aes_sbox_us32,main_sbox,bfs_h5
_28636,aes_sbox_us32,main_sbox,bfs_h4
_28637,aes_sbox_us32,main_sbox,bfs_h6
_28638,aes_sbox_us32,main_sbox,bfs_h5
_28639,aes_sbox_us32,main_sbox,bfs_h5
_28640,aes_sbox_us32,main_sbox,bfs_h5
_28641,aes_sbox_us32,main_sbox,bfs_h5
_28642,aes_sbox_us32,main_sbox,bfs_h5
_28643,aes_sbox_us32,main_sbox,bfs_h4
_28644,aes_sbox_us32,main_sbox,bfs_h3
_28645,aes_sbox_us32,main_sbox,bfs_h2
_28646,aes_sbox_us32,main_sbox,bfs_h4
_28647,aes_sbox_us32,main_sbox,bfs_h4
_28648,aes_sbox_us32,main_sbox,bfs_h5
_28649,aes_cipher_top,top,unassigned
_28650,aes_sbox_us32,main_sbox,bfs_h5
_28651,aes_sbox_us32,main_sbox,bfs_h4
_28652,aes_sbox_us32,main_sbox,bfs_h5
_28653,aes_sbox_us32,main_sbox,bfs_h4
_28654,aes_sbox_us32,main_sbox,bfs_h5
_28655,aes_sbox_us32,main_sbox,bfs_h5
_28656,aes_sbox_us32,main_sbox,bfs_h5
_28657,aes_sbox_us32,main_sbox,bfs_h5
_28658,aes_sbox_us32,main_sbox,bfs_h4
_28659,aes_sbox_us32,main_sbox,bfs_h3
_28660,aes_sbox_us32,main_sbox,bfs_h5
_28661,aes_sbox_us32,main_sbox,bfs_h5
_28662,aes_sbox_us32,main_sbox,bfs_h6
_28663,aes_sbox_us32,main_sbox,bfs_h5
_28664,aes_sbox_us32,main_sbox,bfs_h5
_28665,aes_sbox_us32,main_sbox,bfs_h4
_28666,aes_sbox_us32,main_sbox,bfs_h5
_28667,aes_sbox_us32,main_sbox,bfs_h5
_28668,aes_sbox_us32,main_sbox,bfs_h5
_28669,aes_sbox_us32,main_sbox,bfs_h4
_28670,aes_sbox_us32,main_sbox,bfs_h3
_28671,aes_sbox_us32,main_sbox,bfs_h2
_28672,aes_sbox_us32,main_sbox,bfs_h1
_28673,aes_sbox_us32,main_sbox,bfs_h5
_28674,aes_sbox_us32,main_sbox,bfs_h5
_28675,aes_sbox_us32,main_sbox,bfs_h4
_28676,aes_sbox_us32,main_sbox,bfs_h4
_28677,aes_sbox_us32,main_sbox,bfs_h3
_28678,aes_sbox_us32,main_sbox,bfs_h5
_28679,aes_sbox_us32,main_sbox,bfs_h4
_28680,aes_sbox_us32,main_sbox,bfs_h5
_28681,aes_sbox_us32,main_sbox,bfs_h5
_28682,aes_sbox_us32,main_sbox,bfs_h4
_28683,aes_sbox_us32,main_sbox,bfs_h3
_28684,aes_sbox_us32,main_sbox,bfs_h2
_28685,aes_sbox_us32,main_sbox,bfs_h5
_28686,aes_sbox_us32,main_sbox,bfs_h5
_28687,aes_sbox_us32,main_sbox,bfs_h4
_28688,aes_sbox_us32,main_sbox,bfs_h4
_28689,aes_sbox_us32,main_sbox,bfs_h3
_28690,aes_sbox_us32,main_sbox,bfs_h4
_28691,aes_sbox_us32,main_sbox,bfs_h4
_28692,aes_sbox_us32,main_sbox,bfs_h5
_28693,aes_sbox_us32,main_sbox,bfs_h4
_28694,aes_sbox_us32,main_sbox,bfs_h3
_28695,aes_sbox_us32,main_sbox,bfs_h2
_28696,aes_sbox_us32,main_sbox,bfs_h5
_28697,aes_sbox_us32,main_sbox,bfs_h5
_28698,aes_sbox_us32,main_sbox,bfs_h5
_28699,aes_sbox_us32,main_sbox,bfs_h4
_28700,aes_sbox_us32,main_sbox,bfs_h4
_28701,aes_sbox_us32,main_sbox,bfs_h5
_28702,aes_sbox_us32,main_sbox,bfs_h4
_28703,aes_sbox_us32,main_sbox,bfs_h5
_28704,aes_sbox_us32,main_sbox,bfs_h5
_28705,aes_sbox_us32,main_sbox,bfs_h6
_28706,aes_sbox_us32,main_sbox,bfs_h5
_28707,aes_sbox_us32,main_sbox,bfs_h4
_28708,aes_sbox_us32,main_sbox,bfs_h3
_28709,aes_sbox_us32,main_sbox,bfs_h5
_28710,aes_sbox_us32,main_sbox,bfs_h5
_28711,aes_sbox_us32,main_sbox,bfs_h5
_28712,aes_sbox_us32,main_sbox,bfs_h5
_28713,aes_sbox_us32,main_sbox,bfs_h5
_28714,aes_sbox_us32,main_sbox,bfs_h5
_28715,aes_sbox_us32,main_sbox,bfs_h4
_28716,aes_sbox_us32,main_sbox,bfs_h5
_28717,aes_sbox_us32,main_sbox,bfs_h5
_28718,aes_sbox_us32,main_sbox,bfs_h5
_28719,aes_sbox_us32,main_sbox,bfs_h5
_28720,aes_sbox_us32,main_sbox,bfs_h5
_28721,aes_sbox_us32,main_sbox,bfs_h5
_28722,aes_sbox_us32,main_sbox,bfs_h4
_28723,aes_sbox_us32,main_sbox,bfs_h3
_28724,aes_sbox_us32,main_sbox,bfs_h2
_28725,aes_sbox_us32,main_sbox,bfs_h1
_28726,aes_sbox_us32,main_sbox,bfs_h5
_28727,aes_sbox_us32,main_sbox,bfs_h4
_28728,aes_sbox_us32,main_sbox,bfs_h5
_28729,aes_sbox_us32,main_sbox,bfs_h5
_28730,aes_sbox_us32,main_sbox,bfs_h5
_28731,aes_sbox_us32,main_sbox,bfs_h4
_28732,aes_sbox_us32,main_sbox,bfs_h3
_28733,aes_sbox_us32,main_sbox,bfs_h5
_28734,aes_sbox_us32,main_sbox,bfs_h4
_28735,aes_sbox_us32,main_sbox,bfs_h5
_28736,aes_sbox_us32,main_sbox,bfs_h5
_28737,aes_sbox_us32,main_sbox,bfs_h4
_28738,aes_sbox_us32,main_sbox,bfs_h3
_28739,aes_sbox_us32,main_sbox,bfs_h6
_28740,aes_sbox_us32,main_sbox,bfs_h5
_28741,aes_sbox_us32,main_sbox,bfs_h5
_28742,aes_sbox_us32,main_sbox,bfs_h5
_28743,aes_sbox_us32,main_sbox,bfs_h4
_28744,aes_sbox_us32,main_sbox,bfs_h5
_28745,aes_sbox_us32,main_sbox,bfs_h5
_28746,aes_sbox_us32,main_sbox,bfs_h4
_28747,aes_sbox_us32,main_sbox,bfs_h5
_28748,aes_sbox_us32,main_sbox,bfs_h6
_28749,aes_sbox_us32,main_sbox,bfs_h5
_28750,aes_sbox_us32,main_sbox,bfs_h4
_28751,aes_sbox_us32,main_sbox,bfs_h3
_28752,aes_sbox_us32,main_sbox,bfs_h2
_28753,aes_sbox_us32,main_sbox,bfs_h5
_28754,aes_sbox_us32,main_sbox,bfs_h5
_28755,aes_sbox_us32,main_sbox,bfs_h5
_28756,aes_sbox_us32,main_sbox,bfs_h5
_28757,aes_sbox_us32,main_sbox,bfs_h4
_28758,aes_sbox_us32,main_sbox,bfs_h5
_28759,aes_sbox_us32,main_sbox,bfs_h6
_28760,aes_sbox_us32,main_sbox,bfs_h5
_28761,aes_sbox_us32,main_sbox,bfs_h5
_28762,aes_sbox_us32,main_sbox,bfs_h5
_28763,aes_sbox_us32,main_sbox,bfs_h4
_28764,aes_sbox_us32,main_sbox,bfs_h3
_28765,aes_sbox_us32,main_sbox,bfs_h5
_28766,aes_sbox_us32,main_sbox,bfs_h5
_28767,aes_sbox_us32,main_sbox,bfs_h5
_28768,aes_sbox_us32,main_sbox,bfs_h5
_28769,aes_sbox_us32,main_sbox,bfs_h4
_28770,aes_sbox_us32,main_sbox,bfs_h4
_28771,aes_sbox_us32,main_sbox,bfs_h5
_28772,aes_cipher_top,top,unassigned
_28773,aes_sbox_us32,main_sbox,bfs_h5
_28774,aes_cipher_top,top,unassigned
_28775,aes_sbox_us32,main_sbox,bfs_h5
_28776,aes_sbox_us32,main_sbox,bfs_h5
_28777,aes_sbox_us32,main_sbox,bfs_h5
_28778,aes_sbox_us32,main_sbox,bfs_h5
_28779,aes_sbox_us32,main_sbox,bfs_h4
_28780,aes_sbox_us32,main_sbox,bfs_h3
_28781,aes_sbox_us32,main_sbox,bfs_h2
_28782,aes_sbox_us32,main_sbox,bfs_h1
_28783,aes_sbox_us32,main_sbox,bfs_h5
_28784,aes_sbox_us32,main_sbox,bfs_h5
_28785,aes_sbox_us32,main_sbox,bfs_h4
_28786,aes_cipher_top,top,unassigned
_28787,aes_sbox_us32,main_sbox,bfs_h5
_28788,aes_sbox_us32,main_sbox,bfs_h5
_28789,aes_sbox_us32,main_sbox,bfs_h4
_28790,aes_sbox_us32,main_sbox,bfs_h3
_28791,aes_sbox_us32,main_sbox,bfs_h3
_28792,aes_sbox_us32,main_sbox,bfs_h5
_28793,aes_sbox_us32,main_sbox,bfs_h5
_28794,aes_sbox_us32,main_sbox,bfs_h5
_28795,aes_cipher_top,top,unassigned
_28796,aes_sbox_us32,main_sbox,bfs_h5
_28797,aes_sbox_us32,main_sbox,bfs_h4
_28798,aes_sbox_us32,main_sbox,bfs_h3
_28799,aes_sbox_us32,main_sbox,bfs_h2
_28800,aes_sbox_us32,main_sbox,bfs_h5
_28801,aes_sbox_us32,main_sbox,bfs_h5
_28802,aes_sbox_us32,main_sbox,bfs_h4
_28803,aes_sbox_us32,main_sbox,bfs_h5
_28804,aes_sbox_us32,main_sbox,bfs_h5
_28805,aes_sbox_us32,main_sbox,bfs_h4
_28806,aes_sbox_us32,main_sbox,bfs_h3
_28807,aes_sbox_us32,main_sbox,bfs_h5
_28808,aes_sbox_us32,main_sbox,bfs_h5
_28809,aes_sbox_us32,main_sbox,bfs_h4
_28810,aes_sbox_us32,main_sbox,bfs_h5
_28811,aes_sbox_us32,main_sbox,bfs_h6
_28812,aes_sbox_us32,main_sbox,bfs_h5
_28813,aes_sbox_us32,main_sbox,bfs_h4
_28814,aes_sbox_us32,main_sbox,bfs_h3
_28815,aes_sbox_us32,main_sbox,bfs_h2
_28816,aes_sbox_us32,main_sbox,bfs_h4
_28817,aes_sbox_us32,main_sbox,bfs_h5
_28818,aes_sbox_us32,main_sbox,bfs_h4
_28819,aes_sbox_us32,main_sbox,bfs_h3
_28820,aes_sbox_us32,main_sbox,bfs_h4
_28821,aes_sbox_us32,main_sbox,bfs_h5
_28822,aes_sbox_us32,main_sbox,bfs_h4
_28823,aes_sbox_us32,main_sbox,bfs_h3
_28824,aes_sbox_us32,main_sbox,bfs_h2
_28825,aes_sbox_us32,main_sbox,bfs_h5
_28826,aes_sbox_us32,main_sbox,bfs_h4
_28827,aes_sbox_us32,main_sbox,bfs_h5
_28828,aes_sbox_us32,main_sbox,bfs_h4
_28829,aes_sbox_us32,main_sbox,bfs_h3
_28830,aes_sbox_us32,main_sbox,bfs_h5
_28831,aes_sbox_us32,main_sbox,bfs_h5
_28832,aes_sbox_us32,main_sbox,bfs_h5
_28833,aes_sbox_us32,main_sbox,bfs_h4
_28834,aes_sbox_us32,main_sbox,bfs_h5
_28835,aes_sbox_us32,main_sbox,bfs_h5
_28836,aes_sbox_us32,main_sbox,bfs_h4
_28837,aes_sbox_us32,main_sbox,bfs_h3
_28838,aes_sbox_us32,main_sbox,bfs_h2
_28839,aes_sbox_us32,main_sbox,bfs_h1
_28840,aes_sbox_us32,main_sbox,bfs_h5
_28841,aes_sbox_us32,main_sbox,bfs_h4
_28842,aes_sbox_us32,main_sbox,bfs_h4
_28843,aes_sbox_us32,main_sbox,bfs_h3
_28844,aes_sbox_us32,main_sbox,bfs_h5
_28845,aes_sbox_us32,main_sbox,bfs_h5
_28846,aes_sbox_us32,main_sbox,bfs_h4
_28847,aes_sbox_us32,main_sbox,bfs_h5
_28848,aes_sbox_us32,main_sbox,bfs_h5
_28849,aes_sbox_us32,main_sbox,bfs_h5
_28850,aes_sbox_us32,main_sbox,bfs_h4
_28851,aes_sbox_us32,main_sbox,bfs_h3
_28852,aes_sbox_us32,main_sbox,bfs_h4
_28853,aes_sbox_us32,main_sbox,bfs_h4
_28854,aes_sbox_us32,main_sbox,bfs_h5
_28855,aes_sbox_us32,main_sbox,bfs_h4
_28856,aes_sbox_us32,main_sbox,bfs_h3
_28857,aes_sbox_us32,main_sbox,bfs_h5
_28858,aes_sbox_us32,main_sbox,bfs_h5
_28859,aes_sbox_us32,main_sbox,bfs_h4
_28860,aes_sbox_us32,main_sbox,bfs_h5
_28861,aes_sbox_us32,main_sbox,bfs_h5
_28862,aes_sbox_us32,main_sbox,bfs_h4
_28863,aes_sbox_us32,main_sbox,bfs_h3
_28864,aes_sbox_us32,main_sbox,bfs_h2
_28865,aes_sbox_us32,main_sbox,bfs_h2
_28866,aes_sbox_us32,main_sbox,bfs_h5
_28867,aes_sbox_us32,main_sbox,bfs_h5
_28868,aes_sbox_us32,main_sbox,bfs_h5
_28869,aes_sbox_us32,main_sbox,bfs_h4
_28870,aes_sbox_us32,main_sbox,bfs_h4
_28871,aes_sbox_us32,main_sbox,bfs_h5
_28872,aes_sbox_us32,main_sbox,bfs_h5
_28873,aes_sbox_us32,main_sbox,bfs_h5
_28874,aes_sbox_us32,main_sbox,bfs_h5
_28875,aes_sbox_us32,main_sbox,bfs_h4
_28876,aes_sbox_us32,main_sbox,bfs_h3
_28877,aes_sbox_us32,main_sbox,bfs_h5
_28878,aes_sbox_us32,main_sbox,bfs_h5
_28879,aes_sbox_us32,main_sbox,bfs_h5
_28880,aes_sbox_us32,main_sbox,bfs_h5
_28881,aes_sbox_us32,main_sbox,bfs_h5
_28882,aes_sbox_us32,main_sbox,bfs_h4
_28883,aes_sbox_us32,main_sbox,bfs_h5
_28884,aes_sbox_us32,main_sbox,bfs_h6
_28885,aes_sbox_us32,main_sbox,bfs_h5
_28886,aes_sbox_us32,main_sbox,bfs_h5
_28887,aes_sbox_us32,main_sbox,bfs_h4
_28888,aes_sbox_us32,main_sbox,bfs_h3
_28889,aes_sbox_us32,main_sbox,bfs_h2
_28890,aes_sbox_us32,main_sbox,bfs_h1
_28891,aes_cipher_top,top,bfs_h2
_28892,aes_sbox_us22,main_sbox,bfs_h1
_28893,aes_sbox_us12,main_sbox,bfs_h2
_28894,aes_sbox_us22,main_sbox,bfs_h2
_28895,aes_sbox_us22,main_sbox,bfs_h1
_28896,aes_sbox_us12,main_sbox,bfs_h2
_28897,aes_sbox_us22,main_sbox,bfs_h2
_28898,aes_cipher_top,top,bfs_h3
_28899,aes_key_expand_128_u0/aes_sbox_u3,kexp_sbox,bfs_h2
_28900,aes_cipher_top,top,bfs_h2
_28901,aes_sbox_us22,main_sbox,bfs_h2
_28902,aes_sbox_us22,main_sbox,bfs_h2
_28903,aes_cipher_top,top,bfs_h3
_28904,aes_key_expand_128_u0/aes_sbox_u3,kexp_sbox,bfs_h2
_28905,aes_key_expand_128_u0/aes_sbox_u3,kexp_sbox,bfs_h3
_28906,aes_key_expand_128_u0/aes_sbox_u3,kexp_sbox,bfs_h3
_28907,aes_key_expand_128_u0/aes_sbox_u3,kexp_sbox,bfs_h4
_28908,aes_cipher_top,top,bfs_h2
_28909,aes_sbox_us12,main_sbox,bfs_h2
_28910,aes_sbox_us32,main_sbox,bfs_h2
_28911,aes_sbox_us22,main_sbox,bfs_h2
_28912,aes_sbox_us22,main_sbox,bfs_h3
_28913,aes_sbox_us22,main_sbox,bfs_h2
_28914,aes_cipher_top,top,bfs_h3
_28915,aes_key_expand_128_u0/aes_sbox_u3,kexp_sbox,bfs_h2
_28916,aes_cipher_top,top,bfs_h2
_28917,aes_sbox_us12,main_sbox,bfs_h2
_28918,aes_sbox_us12,main_sbox,bfs_h3
_28919,aes_cipher_top,top,bfs_h3
_28920,aes_key_expand_128_u0/aes_sbox_u3,kexp_sbox,bfs_h2
_28921,aes_key_expand_128_u0/aes_sbox_u3,kexp_sbox,bfs_h3
_28922,aes_key_expand_128_u0/aes_sbox_u3,kexp_sbox,bfs_h3
_28923,aes_key_expand_128_u0/aes_sbox_u3,kexp_sbox,bfs_h4
_28924,aes_sbox_us12,main_sbox,bfs_h2
_28925,aes_sbox_us12,main_sbox,bfs_h3
_28926,aes_sbox_us12,main_sbox,bfs_h2
_28927,aes_sbox_us22,main_sbox,bfs_h2
_28928,aes_sbox_us22,main_sbox,bfs_h3
_28929,aes_sbox_us22,main_sbox,bfs_h2
_28930,aes_sbox_us12,main_sbox,bfs_h2
_28931,aes_sbox_us22,main_sbox,bfs_h2
_28932,aes_sbox_us12,main_sbox,bfs_h3
_28933,aes_sbox_us12,main_sbox,bfs_h3
_28934,aes_cipher_top,top,bfs_h3
_28935,aes_cipher_top,top,bfs_h2
_28936,aes_key_expand_128_u0,key_expand,bfs_h3
_28937,aes_key_expand_128_u0,key_expand,bfs_h2
_28938,aes_key_expand_128_u0,key_expand,bfs_h2
_28939,aes_cipher_top,top,bfs_h8
_28940,aes_key_expand_128_u0/aes_sbox_u3,kexp_sbox,bfs_h5
_28941,aes_key_expand_128_u0/aes_sbox_u3,kexp_sbox,bfs_h5
_28942,aes_key_expand_128_u0/aes_sbox_u3,kexp_sbox,bfs_h3
_28943,aes_key_expand_128_u0/aes_sbox_u3,kexp_sbox,bfs_h2
_28944,aes_key_expand_128_u0/aes_sbox_u3,kexp_sbox,bfs_h3
_28945,aes_key_expand_128_u0/aes_sbox_u3,kexp_sbox,bfs_h4
_28946,aes_key_expand_128_u0/aes_sbox_u3,kexp_sbox,bfs_h3
_28947,aes_key_expand_128_u0/aes_sbox_u3,kexp_sbox,bfs_h3
_28948,aes_key_expand_128_u0/aes_sbox_u3,kexp_sbox,bfs_h4
_28949,aes_key_expand_128_u0/aes_sbox_u3,kexp_sbox,bfs_h4
_28950,aes_key_expand_128_u0/aes_sbox_u3,kexp_sbox,bfs_h5
_28951,aes_sbox_us02,main_sbox,bfs_h1
_28952,aes_sbox_us32,main_sbox,bfs_h2
_28953,aes_sbox_us12,main_sbox,bfs_h2
_28954,aes_cipher_top,top,bfs_h2
_28955,aes_cipher_top,top,bfs_h3
_28956,aes_key_expand_128_u0,key_expand,bfs_h2
_28957,aes_sbox_us33,main_sbox,bfs_h3
_28958,aes_key_expand_128_u0/aes_sbox_u3,kexp_sbox,bfs_h4
_28959,aes_cipher_top,top,bfs_h8
_28960,aes_key_expand_128_u0/aes_sbox_u3,kexp_sbox,bfs_h5
_28961,aes_sbox_us32,main_sbox,bfs_h2
_28962,aes_sbox_us02,main_sbox,bfs_h3
_28963,aes_sbox_us32,main_sbox,bfs_h2
_28964,aes_sbox_us02,main_sbox,bfs_h2
_28965,aes_cipher_top,top,bfs_h3
_28966,aes_cipher_top,top,bfs_h2
_28967,aes_key_expand_128_u0,key_expand,bfs_h3
_28968,aes_key_expand_128_u0,key_expand,bfs_h2
_28969,aes_key_expand_128_u0/aes_sbox_u3,kexp_sbox,bfs_h5
_28970,aes_key_expand_128_u0/aes_sbox_u3,kexp_sbox,bfs_h5
_28971,aes_key_expand_128_u0/aes_sbox_u3,kexp_sbox,bfs_h5
_28972,aes_cipher_top,top,bfs_h8
_28973,aes_cipher_top,top,bfs_h8
_28974,aes_key_expand_128_u0/aes_sbox_u3,kexp_sbox,bfs_h4
_28975,aes_key_expand_128_u0/aes_sbox_u3,kexp_sbox,bfs_h5
_28976,aes_key_expand_128_u0,key_expand,bfs_h2
_28977,aes_key_expand_128_u0/aes_sbox_u3,kexp_sbox,bfs_h5
_28978,aes_cipher_top,top,bfs_h8
_28979,aes_sbox_us22,main_sbox,bfs_h1
_28980,aes_sbox_us22,main_sbox,bfs_h2
_28981,aes_cipher_top,top,bfs_h2
_28982,aes_cipher_top,top,bfs_h3
_28983,aes_key_expand_128_u0,key_expand,bfs_h2
_28984,aes_cipher_top,top,bfs_h8
_28985,aes_sbox_us33,main_sbox,bfs_h4
_28986,aes_key_expand_128_u0/aes_sbox_u3,kexp_sbox,bfs_h5
_28987,aes_cipher_top,top,unassigned
_28988,aes_key_expand_128_u0/aes_sbox_u3,kexp_sbox,bfs_h4
_28989,aes_key_expand_128_u0/aes_sbox_u3,kexp_sbox,bfs_h5
_28990,aes_key_expand_128_u0/aes_sbox_u3,kexp_sbox,bfs_h5
_28991,aes_key_expand_128_u0/aes_sbox_u3,kexp_sbox,bfs_h5
_28992,aes_cipher_top,top,bfs_h8
_28993,aes_cipher_top,top,bfs_h8
_28994,aes_sbox_us33,main_sbox,bfs_h4
_28995,aes_cipher_top,top,bfs_h2
_28996,aes_cipher_top,top,bfs_h3
_28997,aes_sbox_us02,main_sbox,bfs_h1
_28998,aes_sbox_us02,main_sbox,bfs_h2
_28999,aes_sbox_us02,main_sbox,bfs_h2
_29000,aes_cipher_top,top,bfs_h3
_29001,aes_key_expand_128_u0,key_expand,bfs_h2
_29002,aes_key_expand_128_u0,key_expand,bfs_h2
_29003,aes_cipher_top,top,bfs_h3
_29004,aes_cipher_top,top,bfs_h4
_29005,aes_sbox_us33,main_sbox,bfs_h4
_29006,aes_sbox_us33,main_sbox,bfs_h3
_29007,aes_sbox_us33,main_sbox,bfs_h3
_29008,aes_sbox_us33,main_sbox,bfs_h3
_29009,aes_key_expand_128_u0/aes_sbox_u3,kexp_sbox,bfs_h5
_29010,aes_cipher_top,top,unassigned
_29011,aes_sbox_us33,main_sbox,bfs_h5
_29012,aes_sbox_us33,main_sbox,bfs_h5
_29013,aes_key_expand_128_u0/aes_sbox_u3,kexp_sbox,bfs_h4
_29014,aes_key_expand_128_u0/aes_sbox_u3,kexp_sbox,bfs_h5
_29015,aes_key_expand_128_u0/aes_sbox_u3,kexp_sbox,bfs_h5
_29016,aes_cipher_top,top,bfs_h6
_29017,aes_sbox_us33,main_sbox,bfs_h5
_29018,aes_cipher_top,top,bfs_h7
_29019,aes_sbox_us33,main_sbox,bfs_h4
_29020,aes_sbox_us33,main_sbox,bfs_h4
_29021,aes_key_expand_128_u0/aes_sbox_u3,kexp_sbox,bfs_h4
_29022,aes_key_expand_128_u0/aes_sbox_u3,kexp_sbox,bfs_h4
_29023,aes_key_expand_128_u0/aes_sbox_u3,kexp_sbox,bfs_h5
_29024,aes_key_expand_128_u0/aes_sbox_u3,kexp_sbox,bfs_h5
_29025,aes_sbox_us33,main_sbox,bfs_h5
_29026,aes_key_expand_128_u0/aes_sbox_u3,kexp_sbox,bfs_h5
_29027,aes_key_expand_128_u0/aes_sbox_u3,kexp_sbox,bfs_h4
_29028,aes_key_expand_128_u0/aes_sbox_u3,kexp_sbox,bfs_h5
_29029,aes_sbox_us33,main_sbox,bfs_h5
_29030,aes_sbox_us33,main_sbox,bfs_h5
_29031,aes_sbox_us33,main_sbox,bfs_h4
_29032,aes_sbox_us33,main_sbox,bfs_h3
_29033,aes_sbox_us33,main_sbox,bfs_h2
_29034,aes_key_expand_128_u0/aes_sbox_u3,kexp_sbox,bfs_h3
_29035,aes_key_expand_128_u0/aes_sbox_u3,kexp_sbox,bfs_h2
_29036,aes_key_expand_128_u0/aes_sbox_u3,kexp_sbox,bfs_h3
_29037,aes_key_expand_128_u0/aes_sbox_u3,kexp_sbox,bfs_h4
_29038,aes_key_expand_128_u0/aes_sbox_u3,kexp_sbox,bfs_h5
_29039,aes_key_expand_128_u0/aes_sbox_u3,kexp_sbox,bfs_h4
_29040,aes_key_expand_128_u0/aes_sbox_u3,kexp_sbox,bfs_h5
_29041,aes_sbox_us33,main_sbox,bfs_h5
_29042,aes_key_expand_128_u0/aes_sbox_u3,kexp_sbox,bfs_h4
_29043,aes_key_expand_128_u0/aes_sbox_u3,kexp_sbox,bfs_h4
_29044,aes_sbox_us33,main_sbox,bfs_h5
_29045,aes_cipher_top,top,bfs_h7
_29046,aes_sbox_us33,main_sbox,bfs_h5
_29047,aes_sbox_us33,main_sbox,bfs_h4
_29048,aes_key_expand_128_u0/aes_sbox_u3,kexp_sbox,bfs_h5
_29049,aes_key_expand_128_u0/aes_sbox_u3,kexp_sbox,bfs_h5
_29050,aes_key_expand_128_u0/aes_sbox_u3,kexp_sbox,bfs_h5
_29051,aes_sbox_us33,main_sbox,bfs_h5
_29052,aes_sbox_us33,main_sbox,bfs_h5
_29053,aes_key_expand_128_u0/aes_sbox_u3,kexp_sbox,bfs_h5
_29054,aes_key_expand_128_u0/aes_sbox_u3,kexp_sbox,bfs_h4
_29055,aes_key_expand_128_u0/aes_sbox_u3,kexp_sbox,bfs_h5
_29056,aes_sbox_us33,main_sbox,bfs_h5
_29057,aes_sbox_us33,main_sbox,bfs_h4
_29058,aes_sbox_us33,main_sbox,bfs_h5
_29059,aes_sbox_us33,main_sbox,bfs_h4
_29060,aes_sbox_us33,main_sbox,bfs_h3
_29061,aes_key_expand_128_u0/aes_sbox_u3,kexp_sbox,bfs_h5
_29062,aes_cipher_top,top,unassigned
_29063,aes_key_expand_128_u0/aes_sbox_u3,kexp_sbox,bfs_h5
_29064,aes_sbox_us33,main_sbox,bfs_h5
_29065,aes_key_expand_128_u0/aes_sbox_u3,kexp_sbox,bfs_h5
_29066,aes_key_expand_128_u0/aes_sbox_u3,kexp_sbox,bfs_h5
_29067,aes_sbox_us33,main_sbox,bfs_h5
_29068,aes_sbox_us33,main_sbox,bfs_h4
_29069,aes_key_expand_128_u0/aes_sbox_u3,kexp_sbox,bfs_h5
_29070,aes_key_expand_128_u0/aes_sbox_u3,kexp_sbox,bfs_h5
_29071,aes_sbox_us33,main_sbox,bfs_h5
_29072,aes_cipher_top,top,bfs_h8
_29073,aes_key_expand_128_u0/aes_sbox_u3,kexp_sbox,bfs_h4
_29074,aes_sbox_us33,main_sbox,bfs_h5
_29075,aes_sbox_us33,main_sbox,bfs_h4
_29076,aes_sbox_us33,main_sbox,bfs_h4
_29077,aes_sbox_us33,main_sbox,bfs_h4
_29078,aes_sbox_us33,main_sbox,bfs_h3
_29079,aes_sbox_us33,main_sbox,bfs_h3
_29080,aes_sbox_us02,main_sbox,bfs_h1
_29081,aes_sbox_us32,main_sbox,bfs_h1
_29082,aes_sbox_us32,main_sbox,bfs_h2
_29083,aes_cipher_top,top,bfs_h2
_29084,aes_cipher_top,top,bfs_h3
_29085,aes_key_expand_128_u0,key_expand,bfs_h2
_29086,aes_sbox_us33,main_sbox,bfs_h2
_29087,aes_key_expand_128_u0/aes_sbox_u3,kexp_sbox,bfs_h4
_29088,aes_sbox_us33,main_sbox,bfs_h5
_29089,aes_key_expand_128_u0/aes_sbox_u3,kexp_sbox,bfs_h5
_29090,aes_cipher_top,top,bfs_h8
_29091,aes_key_expand_128_u0/aes_sbox_u3,kexp_sbox,bfs_h5
_29092,aes_cipher_top,top,bfs_h7
_29093,aes_key_expand_128_u0/aes_sbox_u3,kexp_sbox,bfs_h5
_29094,aes_sbox_us33,main_sbox,bfs_h4
_29095,aes_key_expand_128_u0/aes_sbox_u3,kexp_sbox,bfs_h5
_29096,aes_cipher_top,top,bfs_h6
_29097,aes_sbox_us33,main_sbox,bfs_h5
_29098,aes_sbox_us33,main_sbox,bfs_h4
_29099,aes_sbox_us33,main_sbox,bfs_h3
_29100,aes_key_expand_128_u0/aes_sbox_u3,kexp_sbox,bfs_h5
_29101,aes_key_expand_128_u0/aes_sbox_u3,kexp_sbox,bfs_h5
_29102,aes_sbox_us33,main_sbox,bfs_h5
_29103,aes_key_expand_128_u0/aes_sbox_u3,kexp_sbox,bfs_h5
_29104,aes_cipher_top,top,bfs_h6
_29105,aes_key_expand_128_u0/aes_sbox_u3,kexp_sbox,bfs_h5
_29106,aes_sbox_us33,main_sbox,bfs_h5
_29107,aes_cipher_top,top,bfs_h7
_29108,aes_cipher_top,top,bfs_h7
_29109,aes_key_expand_128_u0/aes_sbox_u3,kexp_sbox,bfs_h5
_29110,aes_cipher_top,top,bfs_h8
_29111,aes_cipher_top,top,bfs_h8
_29112,aes_cipher_top,top,bfs_h7
_29113,aes_sbox_us33,main_sbox,bfs_h5
_29114,aes_sbox_us33,main_sbox,bfs_h5
_29115,aes_sbox_us33,main_sbox,bfs_h4
_29116,aes_sbox_us33,main_sbox,bfs_h3
_29117,aes_key_expand_128_u0/aes_sbox_u3,kexp_sbox,bfs_h4
_29118,aes_sbox_us33,main_sbox,bfs_h5
_29119,aes_key_expand_128_u0/aes_sbox_u3,kexp_sbox,bfs_h5
_29120,aes_sbox_us33,main_sbox,bfs_h5
_29121,aes_key_expand_128_u0/aes_sbox_u3,kexp_sbox,bfs_h4
_29122,aes_key_expand_128_u0/aes_sbox_u3,kexp_sbox,bfs_h5
_29123,aes_key_expand_128_u0/aes_sbox_u3,kexp_sbox,bfs_h5
_29124,aes_sbox_us33,main_sbox,bfs_h5
_29125,aes_cipher_top,top,bfs_h8
_29126,aes_cipher_top,top,bfs_h7
_29127,aes_sbox_us33,main_sbox,bfs_h5
_29128,aes_sbox_us33,main_sbox,bfs_h4
_29129,aes_key_expand_128_u0/aes_sbox_u3,kexp_sbox,bfs_h5
_29130,aes_cipher_top,top,bfs_h7
_29131,aes_sbox_us33,main_sbox,bfs_h4
_29132,aes_sbox_us33,main_sbox,bfs_h5
_29133,aes_key_expand_128_u0/aes_sbox_u3,kexp_sbox,bfs_h4
_29134,aes_key_expand_128_u0/aes_sbox_u3,kexp_sbox,bfs_h5
_29135,aes_cipher_top,top,bfs_h7
_29136,aes_key_expand_128_u0/aes_sbox_u3,kexp_sbox,bfs_h4
_29137,aes_key_expand_128_u0/aes_sbox_u3,kexp_sbox,bfs_h5
_29138,aes_cipher_top,top,bfs_h7
_29139,aes_sbox_us33,main_sbox,bfs_h5
_29140,aes_sbox_us33,main_sbox,bfs_h4
_29141,aes_sbox_us33,main_sbox,bfs_h3
_29142,aes_sbox_us33,main_sbox,bfs_h2
_29143,aes_sbox_us33,main_sbox,bfs_h1
_29144,aes_key_expand_128_u0/aes_sbox_u3,kexp_sbox,bfs_h5
_29145,aes_cipher_top,top,bfs_h8
_29146,aes_key_expand_128_u0/aes_sbox_u3,kexp_sbox,bfs_h5
_29147,aes_sbox_us33,main_sbox,bfs_h5
_29148,aes_sbox_us33,main_sbox,bfs_h4
_29149,aes_key_expand_128_u0/aes_sbox_u3,kexp_sbox,bfs_h4
_29150,aes_key_expand_128_u0/aes_sbox_u3,kexp_sbox,bfs_h5
_29151,aes_sbox_us33,main_sbox,bfs_h4
_29152,aes_key_expand_128_u0/aes_sbox_u3,kexp_sbox,bfs_h5
_29153,aes_key_expand_128_u0/aes_sbox_u3,kexp_sbox,bfs_h5
_29154,aes_sbox_us33,main_sbox,bfs_h4
_29155,aes_sbox_us33,main_sbox,bfs_h3
_29156,aes_key_expand_128_u0/aes_sbox_u3,kexp_sbox,bfs_h5
_29157,aes_key_expand_128_u0/aes_sbox_u3,kexp_sbox,bfs_h5
_29158,aes_key_expand_128_u0/aes_sbox_u3,kexp_sbox,bfs_h4
_29159,aes_key_expand_128_u0/aes_sbox_u3,kexp_sbox,bfs_h5
_29160,aes_sbox_us33,main_sbox,bfs_h5
_29161,aes_key_expand_128_u0/aes_sbox_u3,kexp_sbox,bfs_h5
_29162,aes_cipher_top,top,bfs_h8
_29163,aes_key_expand_128_u0/aes_sbox_u3,kexp_sbox,bfs_h4
_29164,aes_key_expand_128_u0/aes_sbox_u3,kexp_sbox,bfs_h5
_29165,aes_sbox_us33,main_sbox,bfs_h5
_29166,aes_sbox_us33,main_sbox,bfs_h5
_29167,aes_sbox_us33,main_sbox,bfs_h4
_29168,aes_sbox_us33,main_sbox,bfs_h3
_29169,aes_cipher_top,top,bfs_h8
_29170,aes_key_expand_128_u0/aes_sbox_u3,kexp_sbox,bfs_h5
_29171,aes_cipher_top,top,unassigned
_29172,aes_key_expand_128_u0/aes_sbox_u3,kexp_sbox,bfs_h4
_29173,aes_key_expand_128_u0/aes_sbox_u3,kexp_sbox,bfs_h5
_29174,aes_sbox_us33,main_sbox,bfs_h5
_29175,aes_key_expand_128_u0/aes_sbox_u3,kexp_sbox,bfs_h5
_29176,aes_key_expand_128_u0/aes_sbox_u3,kexp_sbox,bfs_h4
_29177,aes_key_expand_128_u0/aes_sbox_u3,kexp_sbox,bfs_h5
_29178,aes_sbox_us33,main_sbox,bfs_h5
_29179,aes_sbox_us33,main_sbox,bfs_h4
_29180,aes_cipher_top,top,bfs_h7
_29181,aes_sbox_us33,main_sbox,bfs_h5
_29182,aes_key_expand_128_u0/aes_sbox_u3,kexp_sbox,bfs_h5
_29183,aes_key_expand_128_u0/aes_sbox_u3,kexp_sbox,bfs_h5
_29184,aes_sbox_us33,main_sbox,bfs_h5
_29185,aes_sbox_us33,main_sbox,bfs_h4
_29186,aes_sbox_us33,main_sbox,bfs_h3
_29187,aes_sbox_us33,main_sbox,bfs_h2
_29188,aes_key_expand_128_u0/aes_sbox_u3,kexp_sbox,bfs_h5
_29189,aes_sbox_us33,main_sbox,bfs_h4
_29190,aes_sbox_us33,main_sbox,bfs_h5
_29191,aes_sbox_us33,main_sbox,bfs_h4
_29192,aes_sbox_us33,main_sbox,bfs_h4
_29193,aes_sbox_us33,main_sbox,bfs_h5
_29194,aes_key_expand_128_u0/aes_sbox_u3,kexp_sbox,bfs_h5
_29195,aes_sbox_us33,main_sbox,bfs_h5
_29196,aes_sbox_us33,main_sbox,bfs_h4
_29197,aes_cipher_top,top,bfs_h8
_29198,aes_sbox_us33,main_sbox,bfs_h5
_29199,aes_sbox_us33,main_sbox,bfs_h5
_29200,aes_sbox_us33,main_sbox,bfs_h4
_29201,aes_sbox_us33,main_sbox,bfs_h3
_29202,aes_sbox_us33,main_sbox,bfs_h4
_29203,aes_key_expand_128_u0/aes_sbox_u3,kexp_sbox,bfs_h5
_29204,aes_sbox_us33,main_sbox,bfs_h5
_29205,aes_key_expand_128_u0/aes_sbox_u3,kexp_sbox,bfs_h5
_29206,aes_key_expand_128_u0/aes_sbox_u3,kexp_sbox,bfs_h5
_29207,aes_sbox_us33,main_sbox,bfs_h5
_29208,aes_sbox_us33,main_sbox,bfs_h5
_29209,aes_sbox_us33,main_sbox,bfs_h4
_29210,aes_key_expand_128_u0/aes_sbox_u3,kexp_sbox,bfs_h4
_29211,aes_key_expand_128_u0/aes_sbox_u3,kexp_sbox,bfs_h5
_29212,aes_sbox_us33,main_sbox,bfs_h5
_29213,aes_sbox_us33,main_sbox,bfs_h5
_29214,aes_key_expand_128_u0/aes_sbox_u3,kexp_sbox,bfs_h5
_29215,aes_key_expand_128_u0/aes_sbox_u3,kexp_sbox,bfs_h5
_29216,aes_cipher_top,top,bfs_h5
_29217,aes_cipher_top,top,bfs_h6
_29218,aes_sbox_us33,main_sbox,bfs_h5
_29219,aes_sbox_us33,main_sbox,bfs_h4
_29220,aes_sbox_us33,main_sbox,bfs_h3
_29221,aes_sbox_us33,main_sbox,bfs_h3
_29222,aes_sbox_us33,main_sbox,bfs_h2
_29223,aes_sbox_us33,main_sbox,bfs_h1
_29224,aes_cipher_top,top,unassigned
_29225,aes_sbox_us33,main_sbox,bfs_h5
_29226,aes_sbox_us33,main_sbox,bfs_h4
_29227,aes_key_expand_128_u0/aes_sbox_u3,kexp_sbox,bfs_h5
_29228,aes_cipher_top,top,unassigned
_29229,aes_sbox_us33,main_sbox,bfs_h5
_29230,aes_sbox_us33,main_sbox,bfs_h4
_29231,aes_sbox_us33,main_sbox,bfs_h3
_29232,aes_cipher_top,top,bfs_h6
_29233,aes_cipher_top,top,bfs_h7
_29234,aes_key_expand_128_u0/aes_sbox_u3,kexp_sbox,bfs_h5
_29235,aes_key_expand_128_u0/aes_sbox_u3,kexp_sbox,bfs_h5
_29236,aes_sbox_us33,main_sbox,bfs_h4
_29237,aes_key_expand_128_u0/aes_sbox_u3,kexp_sbox,bfs_h5
_29238,aes_key_expand_128_u0/aes_sbox_u3,kexp_sbox,bfs_h4
_29239,aes_sbox_us33,main_sbox,bfs_h5
_29240,aes_sbox_us33,main_sbox,bfs_h4
_29241,aes_sbox_us33,main_sbox,bfs_h3
_29242,aes_sbox_us33,main_sbox,bfs_h2
_29243,aes_key_expand_128_u0/aes_sbox_u3,kexp_sbox,bfs_h5
_29244,aes_sbox_us33,main_sbox,bfs_h5
_29245,aes_sbox_us33,main_sbox,bfs_h5
_29246,aes_sbox_us33,main_sbox,bfs_h4
_29247,aes_key_expand_128_u0/aes_sbox_u3,kexp_sbox,bfs_h5
_29248,aes_sbox_us33,main_sbox,bfs_h5
_29249,aes_sbox_us33,main_sbox,bfs_h5
_29250,aes_sbox_us33,main_sbox,bfs_h4
_29251,aes_sbox_us33,main_sbox,bfs_h3
_29252,aes_key_expand_128_u0/aes_sbox_u3,kexp_sbox,bfs_h5
_29253,aes_cipher_top,top,bfs_h7
_29254,aes_key_expand_128_u0/aes_sbox_u3,kexp_sbox,bfs_h5
_29255,aes_sbox_us33,main_sbox,bfs_h4
_29256,aes_key_expand_128_u0/aes_sbox_u3,kexp_sbox,bfs_h5
_29257,aes_sbox_us33,main_sbox,bfs_h4
_29258,aes_sbox_us33,main_sbox,bfs_h3
_29259,aes_sbox_us33,main_sbox,bfs_h2
_29260,aes_key_expand_128_u0/aes_sbox_u3,kexp_sbox,bfs_h5
_29261,aes_key_expand_128_u0/aes_sbox_u3,kexp_sbox,bfs_h4
_29262,aes_sbox_us33,main_sbox,bfs_h5
_29263,aes_cipher_top,top,unassigned
_29264,aes_cipher_top,top,bfs_h7
_29265,aes_cipher_top,top,bfs_h8
_29266,aes_sbox_us33,main_sbox,bfs_h5
_29267,aes_sbox_us33,main_sbox,bfs_h4
_29268,aes_cipher_top,top,bfs_h8
_29269,aes_cipher_top,top,bfs_h8
_29270,aes_cipher_top,top,bfs_h6
_29271,aes_sbox_us33,main_sbox,bfs_h5
_29272,aes_sbox_us33,main_sbox,bfs_h4
_29273,aes_sbox_us33,main_sbox,bfs_h3
_29274,aes_key_expand_128_u0/aes_sbox_u3,kexp_sbox,bfs_h5
_29275,aes_sbox_us33,main_sbox,bfs_h5
_29276,aes_sbox_us33,main_sbox,bfs_h5
_29277,aes_sbox_us33,main_sbox,bfs_h5
_29278,aes_cipher_top,top,bfs_h6
_29279,aes_sbox_us33,main_sbox,bfs_h5
_29280,aes_sbox_us33,main_sbox,bfs_h4
_29281,aes_cipher_top,top,bfs_h8
_29282,aes_sbox_us33,main_sbox,bfs_h5
_29283,aes_cipher_top,top,bfs_h8
_29284,aes_key_expand_128_u0/aes_sbox_u3,kexp_sbox,bfs_h5
_29285,aes_key_expand_128_u0/aes_sbox_u3,kexp_sbox,bfs_h5
_29286,aes_sbox_us33,main_sbox,bfs_h5
_29287,aes_sbox_us33,main_sbox,bfs_h4
_29288,aes_sbox_us33,main_sbox,bfs_h3
_29289,aes_sbox_us33,main_sbox,bfs_h2
_29290,aes_sbox_us33,main_sbox,bfs_h1
_29291,aes_sbox_us33,main_sbox,bfs_h4
_29292,aes_sbox_us33,main_sbox,bfs_h5
_29293,aes_sbox_us33,main_sbox,bfs_h4
_29294,aes_key_expand_128_u0/aes_sbox_u3,kexp_sbox,bfs_h5
_29295,aes_sbox_us33,main_sbox,bfs_h4
_29296,aes_sbox_us33,main_sbox,bfs_h4
_29297,aes_sbox_us33,main_sbox,bfs_h3
_29298,aes_cipher_top,top,bfs_h8
_29299,aes_sbox_us33,main_sbox,bfs_h4
_29300,aes_cipher_top,top,bfs_h5
_29301,aes_cipher_top,top,bfs_h6
_29302,aes_sbox_us33,main_sbox,bfs_h4
_29303,aes_sbox_us33,main_sbox,bfs_h3
_29304,aes_sbox_us33,main_sbox,bfs_h2
_29305,aes_sbox_us33,main_sbox,bfs_h5
_29306,aes_sbox_us33,main_sbox,bfs_h4
_29307,aes_key_expand_128_u0/aes_sbox_u3,kexp_sbox,bfs_h5
_29308,aes_sbox_us33,main_sbox,bfs_h5
_29309,aes_sbox_us33,main_sbox,bfs_h4
_29310,aes_sbox_us33,main_sbox,bfs_h3
_29311,aes_cipher_top,top,bfs_h7
_29312,aes_key_expand_128_u0/aes_sbox_u3,kexp_sbox,bfs_h5
_29313,aes_sbox_us33,main_sbox,bfs_h4
_29314,aes_cipher_top,top,bfs_h8
_29315,aes_sbox_us33,main_sbox,bfs_h4
_29316,aes_sbox_us33,main_sbox,bfs_h3
_29317,aes_sbox_us33,main_sbox,bfs_h2
_29318,aes_sbox_us33,main_sbox,bfs_h5
_29319,aes_sbox_us33,main_sbox,bfs_h4
_29320,aes_sbox_us33,main_sbox,bfs_h4
_29321,aes_sbox_us33,main_sbox,bfs_h3
_29322,aes_sbox_us33,main_sbox,bfs_h5
_29323,aes_cipher_top,top,bfs_h8
_29324,aes_key_expand_128_u0/aes_sbox_u3,kexp_sbox,bfs_h5
_29325,aes_sbox_us33,main_sbox,bfs_h5
_29326,aes_key_expand_128_u0/aes_sbox_u3,kexp_sbox,bfs_h5
_29327,aes_cipher_top,top,bfs_h7
_29328,aes_cipher_top,top,bfs_h8
_29329,aes_sbox_us33,main_sbox,bfs_h5
_29330,aes_sbox_us33,main_sbox,bfs_h4
_29331,aes_sbox_us33,main_sbox,bfs_h3
_29332,aes_sbox_us33,main_sbox,bfs_h5
_29333,aes_sbox_us33,main_sbox,bfs_h4
_29334,aes_key_expand_128_u0/aes_sbox_u3,kexp_sbox,bfs_h5
_29335,aes_sbox_us33,main_sbox,bfs_h5
_29336,aes_sbox_us33,main_sbox,bfs_h4
_29337,aes_sbox_us33,main_sbox,bfs_h3
_29338,aes_cipher_top,top,bfs_h6
_29339,aes_sbox_us33,main_sbox,bfs_h5
_29340,aes_sbox_us33,main_sbox,bfs_h5
_29341,aes_cipher_top,top,bfs_h6
_29342,aes_sbox_us33,main_sbox,bfs_h5
_29343,aes_sbox_us33,main_sbox,bfs_h4
_29344,aes_sbox_us33,main_sbox,bfs_h3
_29345,aes_sbox_us33,main_sbox,bfs_h2
_29346,aes_sbox_us33,main_sbox,bfs_h1
_29347,aes_cipher_top,top,unassigned
_29348,aes_cipher_top,top,bfs_h8
_29349,aes_sbox_us33,main_sbox,bfs_h5
_29350,aes_sbox_us33,main_sbox,bfs_h4
_29351,aes_key_expand_128_u0/aes_sbox_u3,kexp_sbox,bfs_h5
_29352,aes_sbox_us33,main_sbox,bfs_h5
_29353,aes_key_expand_128_u0/aes_sbox_u3,kexp_sbox,bfs_h5
_29354,aes_sbox_us33,main_sbox,bfs_h5
_29355,aes_sbox_us33,main_sbox,bfs_h4
_29356,aes_sbox_us33,main_sbox,bfs_h3
_29357,aes_key_expand_128_u0/aes_sbox_u3,kexp_sbox,bfs_h5
_29358,aes_key_expand_128_u0/aes_sbox_u3,kexp_sbox,bfs_h5
_29359,aes_sbox_us33,main_sbox,bfs_h4
_29360,aes_sbox_us33,main_sbox,bfs_h4
_29361,aes_sbox_us33,main_sbox,bfs_h3
_29362,aes_sbox_us33,main_sbox,bfs_h2
_29363,aes_key_expand_128_u0/aes_sbox_u3,kexp_sbox,bfs_h5
_29364,aes_cipher_top,top,bfs_h8
_29365,aes_sbox_us33,main_sbox,bfs_h5
_29366,aes_sbox_us33,main_sbox,bfs_h4
_29367,aes_key_expand_128_u0/aes_sbox_u3,kexp_sbox,bfs_h5
_29368,aes_cipher_top,top,bfs_h8
_29369,aes_sbox_us33,main_sbox,bfs_h4
_29370,aes_sbox_us33,main_sbox,bfs_h3
_29371,aes_key_expand_128_u0/aes_sbox_u3,kexp_sbox,bfs_h5
_29372,aes_sbox_us33,main_sbox,bfs_h5
_29373,aes_sbox_us33,main_sbox,bfs_h4
_29374,aes_key_expand_128_u0/aes_sbox_u3,kexp_sbox,bfs_h5
_29375,aes_cipher_top,top,bfs_h7
_29376,aes_sbox_us33,main_sbox,bfs_h4
_29377,aes_sbox_us33,main_sbox,bfs_h3
_29378,aes_sbox_us33,main_sbox,bfs_h2
_29379,aes_sbox_us33,main_sbox,bfs_h4
_29380,aes_sbox_us33,main_sbox,bfs_h3
_29381,aes_cipher_top,top,bfs_h8
_29382,aes_sbox_us33,main_sbox,bfs_h4
_29383,aes_key_expand_128_u0/aes_sbox_u3,kexp_sbox,bfs_h5
_29384,aes_cipher_top,top,unassigned
_29385,aes_cipher_top,top,bfs_h7
_29386,aes_sbox_us33,main_sbox,bfs_h5
_29387,aes_sbox_us33,main_sbox,bfs_h4
_29388,aes_sbox_us33,main_sbox,bfs_h3
_29389,aes_sbox_us33,main_sbox,bfs_h2
_29390,aes_sbox_us33,main_sbox,bfs_h5
_29391,aes_sbox_us33,main_sbox,bfs_h4
_29392,aes_cipher_top,top,bfs_h8
_29393,aes_sbox_us33,main_sbox,bfs_h5
_29394,aes_sbox_us33,main_sbox,bfs_h5
_29395,aes_sbox_us33,main_sbox,bfs_h4
_29396,aes_sbox_us33,main_sbox,bfs_h3
_29397,aes_key_expand_128_u0/aes_sbox_u3,kexp_sbox,bfs_h5
_29398,aes_cipher_top,top,unassigned
_29399,aes_key_expand_128_u0/aes_sbox_u3,kexp_sbox,bfs_h5
_29400,aes_cipher_top,top,unassigned
_29401,aes_cipher_top,top,unassigned
_29402,aes_sbox_us33,main_sbox,bfs_h4
_29403,aes_key_expand_128_u0/aes_sbox_u3,kexp_sbox,bfs_h5
_29404,aes_cipher_top,top,unassigned
_29405,aes_sbox_us33,main_sbox,bfs_h4
_29406,aes_sbox_us33,main_sbox,bfs_h3
_29407,aes_sbox_us33,main_sbox,bfs_h2
_29408,aes_sbox_us33,main_sbox,bfs_h1
_29409,aes_cipher_top,top,bfs_h7
_29410,aes_sbox_us33,main_sbox,bfs_h4
_29411,aes_key_expand_128_u0/aes_sbox_u3,kexp_sbox,bfs_h5
_29412,aes_cipher_top,top,bfs_h7
_29413,aes_sbox_us33,main_sbox,bfs_h4
_29414,aes_sbox_us33,main_sbox,bfs_h3
_29415,aes_cipher_top,top,unassigned
_29416,aes_sbox_us33,main_sbox,bfs_h4
_29417,aes_sbox_us33,main_sbox,bfs_h4
_29418,aes_key_expand_128_u0/aes_sbox_u3,kexp_sbox,bfs_h5
_29419,aes_sbox_us33,main_sbox,bfs_h4
_29420,aes_sbox_us33,main_sbox,bfs_h3
_29421,aes_sbox_us33,main_sbox,bfs_h2
_29422,aes_sbox_us33,main_sbox,bfs_h4
_29423,aes_sbox_us33,main_sbox,bfs_h4
_29424,aes_sbox_us33,main_sbox,bfs_h4
_29425,aes_sbox_us33,main_sbox,bfs_h3
_29426,aes_sbox_us33,main_sbox,bfs_h3
_29427,aes_sbox_us33,main_sbox,bfs_h5
_29428,aes_sbox_us33,main_sbox,bfs_h5
_29429,aes_sbox_us33,main_sbox,bfs_h4
_29430,aes_sbox_us33,main_sbox,bfs_h5
_29431,aes_cipher_top,top,bfs_h8
_29432,aes_sbox_us33,main_sbox,bfs_h5
_29433,aes_sbox_us33,main_sbox,bfs_h4
_29434,aes_sbox_us33,main_sbox,bfs_h3
_29435,aes_sbox_us33,main_sbox,bfs_h2
_29436,aes_key_expand_128_u0/aes_sbox_u3,kexp_sbox,bfs_h5
_29437,aes_sbox_us33,main_sbox,bfs_h4
_29438,aes_cipher_top,top,bfs_h7
_29439,aes_cipher_top,top,bfs_h7
_29440,aes_key_expand_128_u0/aes_sbox_u3,kexp_sbox,bfs_h5
_29441,aes_sbox_us33,main_sbox,bfs_h4
_29442,aes_sbox_us33,main_sbox,bfs_h3
_29443,aes_sbox_us33,main_sbox,bfs_h5
_29444,aes_sbox_us33,main_sbox,bfs_h5
_29445,aes_sbox_us33,main_sbox,bfs_h4
_29446,aes_key_expand_128_u0/aes_sbox_u3,kexp_sbox,bfs_h5
_29447,aes_sbox_us33,main_sbox,bfs_h4
_29448,aes_sbox_us33,main_sbox,bfs_h3
_29449,aes_sbox_us33,main_sbox,bfs_h2
_29450,aes_sbox_us33,main_sbox,bfs_h5
_29451,aes_sbox_us33,main_sbox,bfs_h4
_29452,aes_sbox_us33,main_sbox,bfs_h4
_29453,aes_key_expand_128_u0/aes_sbox_u3,kexp_sbox,bfs_h5
_29454,aes_sbox_us33,main_sbox,bfs_h5
_29455,aes_sbox_us33,main_sbox,bfs_h4
_29456,aes_sbox_us33,main_sbox,bfs_h3
_29457,aes_cipher_top,top,bfs_h7
_29458,aes_sbox_us33,main_sbox,bfs_h4
_29459,aes_sbox_us33,main_sbox,bfs_h4
_29460,aes_sbox_us33,main_sbox,bfs_h3
_29461,aes_sbox_us33,main_sbox,bfs_h3
_29462,aes_sbox_us33,main_sbox,bfs_h2
_29463,aes_sbox_us33,main_sbox,bfs_h1
_29464,aes_cipher_top,top,bfs_h8
_29465,aes_cipher_top,top,bfs_h7
_29466,aes_sbox_us33,main_sbox,bfs_h4
_29467,aes_key_expand_128_u0/aes_sbox_u3,kexp_sbox,bfs_h5
_29468,aes_sbox_us33,main_sbox,bfs_h5
_29469,aes_sbox_us33,main_sbox,bfs_h5
_29470,aes_sbox_us33,main_sbox,bfs_h4
_29471,aes_sbox_us33,main_sbox,bfs_h3
_29472,aes_cipher_top,top,bfs_h7
_29473,aes_key_expand_128_u0/aes_sbox_u3,kexp_sbox,bfs_h5
_29474,aes_sbox_us33,main_sbox,bfs_h4
_29475,aes_cipher_top,top,bfs_h8
_29476,aes_key_expand_128_u0/aes_sbox_u3,kexp_sbox,bfs_h5
_29477,aes_key_expand_128_u0/aes_sbox_u3,kexp_sbox,bfs_h5
_29478,aes_sbox_us33,main_sbox,bfs_h5
_29479,aes_sbox_us33,main_sbox,bfs_h4
_29480,aes_cipher_top,top,bfs_h6
_29481,aes_cipher_top,top,unassigned
_29482,aes_sbox_us33,main_sbox,bfs_h5
_29483,aes_cipher_top,top,bfs_h8
_29484,aes_cipher_top,top,bfs_h8
_29485,aes_sbox_us33,main_sbox,bfs_h4
_29486,aes_sbox_us33,main_sbox,bfs_h4
_29487,aes_sbox_us33,main_sbox,bfs_h3
_29488,aes_sbox_us33,main_sbox,bfs_h2
_29489,aes_key_expand_128_u0/aes_sbox_u3,kexp_sbox,bfs_h5
_29490,aes_cipher_top,top,bfs_h8
_29491,aes_cipher_top,top,unassigned
_29492,aes_cipher_top,top,bfs_h7
_29493,aes_cipher_top,top,bfs_h8
_29494,aes_key_expand_128_u0/aes_sbox_u3,kexp_sbox,bfs_h5
_29495,aes_sbox_us33,main_sbox,bfs_h5
_29496,aes_sbox_us33,main_sbox,bfs_h4
_29497,aes_key_expand_128_u0/aes_sbox_u3,kexp_sbox,bfs_h4
_29498,aes_key_expand_128_u0/aes_sbox_u3,kexp_sbox,bfs_h5
_29499,aes_key_expand_128_u0/aes_sbox_u3,kexp_sbox,bfs_h5
_29500,aes_cipher_top,top,bfs_h8
_29501,aes_sbox_us33,main_sbox,bfs_h5
_29502,aes_key_expand_128_u0/aes_sbox_u3,kexp_sbox,bfs_h5
_29503,aes_cipher_top,top,bfs_h8
_29504,aes_sbox_us33,main_sbox,bfs_h5
_29505,aes_sbox_us33,main_sbox,bfs_h4
_29506,aes_sbox_us33,main_sbox,bfs_h3
_29507,aes_cipher_top,top,bfs_h7
_29508,aes_key_expand_128_u0/aes_sbox_u3,kexp_sbox,bfs_h5
_29509,aes_key_expand_128_u0/aes_sbox_u3,kexp_sbox,bfs_h5
_29510,aes_key_expand_128_u0/aes_sbox_u3,kexp_sbox,bfs_h5
_29511,aes_cipher_top,top,bfs_h8
_29512,aes_sbox_us33,main_sbox,bfs_h5
_29513,aes_sbox_us33,main_sbox,bfs_h4
_29514,aes_cipher_top,top,bfs_h6
_29515,aes_key_expand_128_u0/aes_sbox_u3,kexp_sbox,bfs_h5
_29516,aes_sbox_us33,main_sbox,bfs_h5
_29517,aes_key_expand_128_u0/aes_sbox_u3,kexp_sbox,bfs_h5
_29518,aes_sbox_us33,main_sbox,bfs_h5
_29519,aes_sbox_us33,main_sbox,bfs_h4
_29520,aes_sbox_us33,main_sbox,bfs_h3
_29521,aes_sbox_us33,main_sbox,bfs_h2
_29522,aes_sbox_us33,main_sbox,bfs_h1
_29523,aes_sbox_us33,main_sbox,bfs_h4
_29524,aes_key_expand_128_u0/aes_sbox_u3,kexp_sbox,bfs_h5
_29525,aes_cipher_top,top,unassigned
_29526,aes_cipher_top,top,unassigned
_29527,aes_sbox_us33,main_sbox,bfs_h4
_29528,aes_cipher_top,top,unassigned
_29529,aes_cipher_top,top,unassigned
_29530,aes_key_expand_128_u0/aes_sbox_u3,kexp_sbox,bfs_h5
_29531,aes_sbox_us33,main_sbox,bfs_h5
_29532,aes_sbox_us33,main_sbox,bfs_h4
_29533,aes_sbox_us33,main_sbox,bfs_h3
_29534,aes_key_expand_128_u0/aes_sbox_u3,kexp_sbox,bfs_h5
_29535,aes_sbox_us33,main_sbox,bfs_h4
_29536,aes_key_expand_128_u0/aes_sbox_u3,kexp_sbox,bfs_h5
_29537,aes_cipher_top,top,bfs_h8
_29538,aes_cipher_top,top,bfs_h8
_29539,aes_cipher_top,top,unassigned
_29540,aes_sbox_us33,main_sbox,bfs_h4
_29541,aes_sbox_us33,main_sbox,bfs_h4
_29542,aes_sbox_us33,main_sbox,bfs_h5
_29543,aes_sbox_us33,main_sbox,bfs_h5
_29544,aes_sbox_us33,main_sbox,bfs_h5
_29545,aes_sbox_us33,main_sbox,bfs_h4
_29546,aes_sbox_us33,main_sbox,bfs_h3
_29547,aes_sbox_us33,main_sbox,bfs_h2
_29548,aes_cipher_top,top,unassigned
_29549,aes_cipher_top,top,bfs_h8
_29550,aes_cipher_top,top,unassigned
_29551,aes_sbox_us33,main_sbox,bfs_h4
_29552,aes_key_expand_128_u0/aes_sbox_u3,kexp_sbox,bfs_h5
_29553,aes_sbox_us33,main_sbox,bfs_h5
_29554,aes_cipher_top,top,bfs_h7
_29555,aes_sbox_us33,main_sbox,bfs_h5
_29556,aes_sbox_us33,main_sbox,bfs_h4
_29557,aes_sbox_us33,main_sbox,bfs_h3
_29558,aes_sbox_us33,main_sbox,bfs_h5
_29559,aes_cipher_top,top,bfs_h8
_29560,aes_sbox_us33,main_sbox,bfs_h5
_29561,aes_sbox_us33,main_sbox,bfs_h4
_29562,aes_cipher_top,top,bfs_h7
_29563,aes_key_expand_128_u0/aes_sbox_u3,kexp_sbox,bfs_h5
_29564,aes_sbox_us33,main_sbox,bfs_h4
_29565,aes_cipher_top,top,bfs_h6
_29566,aes_cipher_top,top,bfs_h7
_29567,aes_sbox_us33,main_sbox,bfs_h4
_29568,aes_sbox_us33,main_sbox,bfs_h3
_29569,aes_sbox_us33,main_sbox,bfs_h3
_29570,aes_sbox_us33,main_sbox,bfs_h2
_29571,aes_sbox_us33,main_sbox,bfs_h1
_29572,aes_cipher_top,top,bfs_h2
_29573,aes_sbox_us23,main_sbox,bfs_h1
_29574,aes_sbox_us13,main_sbox,bfs_h2
_29575,aes_sbox_us23,main_sbox,bfs_h2
_29576,aes_sbox_us23,main_sbox,bfs_h1
_29577,aes_sbox_us13,main_sbox,bfs_h2
_29578,aes_sbox_us23,main_sbox,bfs_h2
_29579,aes_cipher_top,top,bfs_h3
_29580,aes_key_expand_128_u0,key_expand,bfs_h2
_29581,aes_cipher_top,top,bfs_h2
_29582,aes_sbox_us23,main_sbox,bfs_h2
_29583,aes_sbox_us23,main_sbox,bfs_h2
_29584,aes_cipher_top,top,bfs_h3
_29585,aes_key_expand_128_u0,key_expand,bfs_h3
_29586,aes_sbox_us30,main_sbox,bfs_h6
_29587,aes_sbox_us30,main_sbox,bfs_h5
_29588,aes_cipher_top,top,bfs_h2
_29589,aes_sbox_us23,main_sbox,bfs_h2
_29590,aes_sbox_us33,main_sbox,bfs_h3
_29591,aes_sbox_us13,main_sbox,bfs_h2
_29592,aes_sbox_us33,main_sbox,bfs_h2
_29593,aes_cipher_top,top,bfs_h3
_29594,aes_key_expand_128_u0,key_expand,bfs_h2
_29595,aes_cipher_top,top,bfs_h2
_29596,aes_sbox_us33,main_sbox,bfs_h2
_29597,aes_sbox_us33,main_sbox,bfs_h3
_29598,aes_cipher_top,top,bfs_h3
_29599,aes_cipher_top,top,bfs_h3
_29600,aes_cipher_top,top,bfs_h4
_29601,aes_sbox_us33,main_sbox,bfs_h5
_29602,aes_sbox_us13,main_sbox,bfs_h2
_29603,aes_sbox_us13,main_sbox,bfs_h3
_29604,aes_sbox_us13,main_sbox,bfs_h2
_29605,aes_sbox_us23,main_sbox,bfs_h2
_29606,aes_sbox_us23,main_sbox,bfs_h3
_29607,aes_sbox_us23,main_sbox,bfs_h2
_29608,aes_sbox_us13,main_sbox,bfs_h2
_29609,aes_sbox_us23,main_sbox,bfs_h2
_29610,aes_sbox_us13,main_sbox,bfs_h3
_29611,aes_sbox_us13,main_sbox,bfs_h3
_29612,aes_cipher_top,top,bfs_h3
_29613,aes_cipher_top,top,bfs_h2
_29614,aes_key_expand_128_u0,key_expand,bfs_h3
_29615,aes_key_expand_128_u0,key_expand,bfs_h2
_29616,aes_key_expand_128_u0,key_expand,bfs_h2
_29617,aes_sbox_us30,main_sbox,bfs_h6
_29618,aes_sbox_us30,main_sbox,bfs_h6
_29619,aes_sbox_us33,main_sbox,bfs_h5
_29620,aes_sbox_us33,main_sbox,bfs_h5
_29621,aes_key_expand_128_u0,key_expand,bfs_h2
_29622,aes_cipher_top,top,bfs_h4
_29623,aes_cipher_top,top,bfs_h4
_29624,aes_cipher_top,top,bfs_h5
_29625,aes_sbox_us33,main_sbox,bfs_h5
_29626,aes_sbox_us33,main_sbox,bfs_h5
_29627,aes_sbox_us13,main_sbox,bfs_h2
_29628,aes_sbox_us33,main_sbox,bfs_h3
_29629,aes_sbox_us13,main_sbox,bfs_h2
_29630,aes_sbox_us03,main_sbox,bfs_h2
_29631,aes_cipher_top,top,bfs_h3
_29632,aes_cipher_top,top,bfs_h2
_29633,aes_cipher_top,top,bfs_h3
_29634,aes_key_expand_128_u0,key_expand,bfs_h2
_29635,aes_sbox_us33,main_sbox,bfs_h4
_29636,aes_sbox_us33,main_sbox,bfs_h4
_29637,aes_sbox_us33,main_sbox,bfs_h5
_29638,aes_sbox_us30,main_sbox,bfs_h5
_29639,aes_key_expand_128_u0/aes_sbox_u3,kexp_sbox,bfs_h4
_29640,aes_sbox_us33,main_sbox,bfs_h5
_29641,aes_sbox_us33,main_sbox,bfs_h5
_29642,aes_sbox_us33,main_sbox,bfs_h5
_29643,aes_sbox_us23,main_sbox,bfs_h1
_29644,aes_sbox_us23,main_sbox,bfs_h2
_29645,aes_cipher_top,top,bfs_h2
_29646,aes_cipher_top,top,bfs_h3
_29647,aes_key_expand_128_u0,key_expand,bfs_h2
_29648,aes_sbox_us33,main_sbox,bfs_h5
_29649,aes_sbox_us33,main_sbox,bfs_h5
_29650,aes_sbox_us30,main_sbox,bfs_h5
_29651,aes_sbox_us33,main_sbox,bfs_h5
_29652,aes_sbox_us30,main_sbox,bfs_h5
_29653,aes_sbox_us33,main_sbox,bfs_h5
_29654,aes_sbox_us30,main_sbox,bfs_h6
_29655,aes_sbox_us33,main_sbox,bfs_h5
_29656,aes_sbox_us30,main_sbox,bfs_h5
_29657,aes_sbox_us03,main_sbox,bfs_h1
_29658,aes_sbox_us33,main_sbox,bfs_h1
_29659,aes_sbox_us03,main_sbox,bfs_h2
_29660,aes_cipher_top,top,bfs_h2
_29661,aes_cipher_top,top,bfs_h3
_29662,aes_sbox_us33,main_sbox,bfs_h2
_29663,aes_sbox_us33,main_sbox,bfs_h3
_29664,aes_sbox_us30,main_sbox,bfs_h4
_29665,aes_sbox_us33,main_sbox,bfs_h5
_29666,aes_key_expand_128_u0,key_expand,bfs_h3
_29667,aes_key_expand_128_u0,key_expand,bfs_h2
_29668,aes_sbox_us33,main_sbox,bfs_h4
_29669,aes_sbox_us33,main_sbox,bfs_h4
_29670,aes_sbox_us33,main_sbox,bfs_h4
_29671,aes_sbox_us33,main_sbox,bfs_h4
_29672,aes_sbox_us30,main_sbox,bfs_h5
_29673,aes_sbox_us30,main_sbox,bfs_h7
_29674,aes_sbox_us33,main_sbox,bfs_h4
_29675,aes_sbox_us33,main_sbox,bfs_h4
_29676,aes_sbox_us33,main_sbox,bfs_h5
_29677,aes_sbox_us30,main_sbox,bfs_h5
_29678,aes_sbox_us30,main_sbox,bfs_h4
_29679,aes_sbox_us30,main_sbox,bfs_h3
_29680,aes_cipher_top,top,unassigned
_29681,aes_sbox_us33,main_sbox,bfs_h5
_29682,aes_sbox_us33,main_sbox,bfs_h4
_29683,aes_sbox_us33,main_sbox,bfs_h5
_29684,aes_sbox_us33,main_sbox,bfs_h4
_29685,aes_sbox_us33,main_sbox,bfs_h5
_29686,aes_sbox_us33,main_sbox,bfs_h5
_29687,aes_sbox_us30,main_sbox,bfs_h7
_29688,aes_sbox_us33,main_sbox,bfs_h5
_29689,aes_sbox_us33,main_sbox,bfs_h5
_29690,aes_sbox_us33,main_sbox,bfs_h4
_29691,aes_sbox_us33,main_sbox,bfs_h4
_29692,aes_sbox_us30,main_sbox,bfs_h4
_29693,aes_cipher_top,top,bfs_h4
_29694,aes_sbox_us33,main_sbox,bfs_h5
_29695,aes_sbox_us33,main_sbox,bfs_h4
_29696,aes_sbox_us33,main_sbox,bfs_h4
_29697,aes_sbox_us33,main_sbox,bfs_h5
_29698,aes_sbox_us30,main_sbox,bfs_h6
_29699,aes_sbox_us33,main_sbox,bfs_h5
_29700,aes_sbox_us30,main_sbox,bfs_h6
_29701,aes_sbox_us33,main_sbox,bfs_h5
_29702,aes_sbox_us30,main_sbox,bfs_h5
_29703,aes_sbox_us33,main_sbox,bfs_h2
_29704,aes_sbox_us33,main_sbox,bfs_h3
_29705,aes_sbox_us30,main_sbox,bfs_h4
_29706,aes_sbox_us03,main_sbox,bfs_h1
_29707,aes_sbox_us03,main_sbox,bfs_h2
_29708,aes_sbox_us13,main_sbox,bfs_h2
_29709,aes_cipher_top,top,bfs_h2
_29710,aes_cipher_top,top,bfs_h3
_29711,aes_key_expand_128_u0,key_expand,bfs_h2
_29712,aes_sbox_us30,main_sbox,bfs_h4
_29713,aes_sbox_us30,main_sbox,bfs_h3
_29714,aes_sbox_us30,main_sbox,bfs_h3
_29715,aes_sbox_us03,main_sbox,bfs_h1
_29716,aes_sbox_us33,main_sbox,bfs_h1
_29717,aes_sbox_us33,main_sbox,bfs_h2
_29718,aes_cipher_top,top,bfs_h2
_29719,aes_cipher_top,top,bfs_h3
_29720,aes_key_expand_128_u0,key_expand,bfs_h2
_29721,aes_sbox_us30,main_sbox,bfs_h2
_29722,aes_sbox_us33,main_sbox,bfs_h5
_29723,aes_sbox_us33,main_sbox,bfs_h4
_29724,aes_sbox_us33,main_sbox,bfs_h4
_29725,aes_sbox_us33,main_sbox,bfs_h5
_29726,aes_sbox_us30,main_sbox,bfs_h5
_29727,aes_sbox_us30,main_sbox,bfs_h5
_29728,aes_sbox_us30,main_sbox,bfs_h4
_29729,aes_sbox_us30,main_sbox,bfs_h4
_29730,aes_sbox_us30,main_sbox,bfs_h7
_29731,aes_sbox_us30,main_sbox,bfs_h6
_29732,aes_sbox_us30,main_sbox,bfs_h6
_29733,aes_sbox_us33,main_sbox,bfs_h5
_29734,aes_sbox_us33,main_sbox,bfs_h4
_29735,aes_sbox_us30,main_sbox,bfs_h5
_29736,aes_sbox_us30,main_sbox,bfs_h4
_29737,aes_sbox_us30,main_sbox,bfs_h4
_29738,aes_sbox_us30,main_sbox,bfs_h5
_29739,aes_sbox_us30,main_sbox,bfs_h4
_29740,aes_sbox_us30,main_sbox,bfs_h3
_29741,aes_sbox_us33,main_sbox,bfs_h4
_29742,aes_sbox_us33,main_sbox,bfs_h4
_29743,aes_sbox_us33,main_sbox,bfs_h4
_29744,aes_sbox_us33,main_sbox,bfs_h5
_29745,aes_sbox_us30,main_sbox,bfs_h5
_29746,aes_sbox_us33,main_sbox,bfs_h5
_29747,aes_sbox_us30,main_sbox,bfs_h6
_29748,aes_sbox_us33,main_sbox,bfs_h5
_29749,aes_sbox_us30,main_sbox,bfs_h6
_29750,aes_sbox_us30,main_sbox,bfs_h6
_29751,aes_sbox_us30,main_sbox,bfs_h6
_29752,aes_sbox_us30,main_sbox,bfs_h5
_29753,aes_sbox_us33,main_sbox,bfs_h3
_29754,aes_sbox_us30,main_sbox,bfs_h4
_29755,aes_sbox_us33,main_sbox,bfs_h4
_29756,aes_sbox_us33,main_sbox,bfs_h5
_29757,aes_sbox_us30,main_sbox,bfs_h5
_29758,aes_sbox_us30,main_sbox,bfs_h4
_29759,aes_sbox_us33,main_sbox,bfs_h5
_29760,aes_sbox_us30,main_sbox,bfs_h4
_29761,aes_sbox_us30,main_sbox,bfs_h4
_29762,aes_sbox_us30,main_sbox,bfs_h4
_29763,aes_sbox_us30,main_sbox,bfs_h3
_29764,aes_sbox_us30,main_sbox,bfs_h2
_29765,aes_sbox_us33,main_sbox,bfs_h4
_29766,aes_sbox_us33,main_sbox,bfs_h4
_29767,aes_sbox_us33,main_sbox,bfs_h5
_29768,aes_sbox_us30,main_sbox,bfs_h5
_29769,aes_sbox_us33,main_sbox,bfs_h5
_29770,aes_sbox_us30,main_sbox,bfs_h5
_29771,aes_sbox_us30,main_sbox,bfs_h4
_29772,aes_sbox_us30,main_sbox,bfs_h3
_29773,aes_sbox_us33,main_sbox,bfs_h5
_29774,aes_sbox_us30,main_sbox,bfs_h4
_29775,aes_sbox_us30,main_sbox,bfs_h4
_29776,aes_sbox_us30,main_sbox,bfs_h3
_29777,aes_sbox_us33,main_sbox,bfs_h5
_29778,aes_sbox_us30,main_sbox,bfs_h4
_29779,aes_sbox_us33,main_sbox,bfs_h5
_29780,aes_sbox_us33,main_sbox,bfs_h5
_29781,aes_sbox_us30,main_sbox,bfs_h5
_29782,aes_sbox_us33,main_sbox,bfs_h3
_29783,aes_sbox_us30,main_sbox,bfs_h4
_29784,aes_sbox_us33,main_sbox,bfs_h5
_29785,aes_sbox_us30,main_sbox,bfs_h5
_29786,aes_sbox_us33,main_sbox,bfs_h5
_29787,aes_sbox_us30,main_sbox,bfs_h5
_29788,aes_sbox_us30,main_sbox,bfs_h5
_29789,aes_sbox_us30,main_sbox,bfs_h5
_29790,aes_sbox_us33,main_sbox,bfs_h5
_29791,aes_sbox_us30,main_sbox,bfs_h6
_29792,aes_sbox_us33,main_sbox,bfs_h5
_29793,aes_sbox_us30,main_sbox,bfs_h5
_29794,aes_sbox_us30,main_sbox,bfs_h4
_29795,aes_sbox_us30,main_sbox,bfs_h3
_29796,aes_sbox_us30,main_sbox,bfs_h3
_29797,aes_sbox_us30,main_sbox,bfs_h2
_29798,aes_sbox_us30,main_sbox,bfs_h4
_29799,aes_sbox_us33,main_sbox,bfs_h4
_29800,aes_sbox_us33,main_sbox,bfs_h5
_29801,aes_sbox_us33,main_sbox,bfs_h4
_29802,aes_sbox_us33,main_sbox,bfs_h4
_29803,aes_sbox_us33,main_sbox,bfs_h5
_29804,aes_sbox_us33,main_sbox,bfs_h4
_29805,aes_sbox_us33,main_sbox,bfs_h4
_29806,aes_sbox_us30,main_sbox,bfs_h3
_29807,aes_sbox_us30,main_sbox,bfs_h5
_29808,aes_sbox_us30,main_sbox,bfs_h5
_29809,aes_sbox_us30,main_sbox,bfs_h5
_29810,aes_sbox_us30,main_sbox,bfs_h4
_29811,aes_sbox_us30,main_sbox,bfs_h6
_29812,aes_sbox_us30,main_sbox,bfs_h5
_29813,aes_sbox_us30,main_sbox,bfs_h5
_29814,aes_sbox_us33,main_sbox,bfs_h4
_29815,aes_sbox_us33,main_sbox,bfs_h4
_29816,aes_sbox_us30,main_sbox,bfs_h6
_29817,aes_sbox_us33,main_sbox,bfs_h5
_29818,aes_sbox_us30,main_sbox,bfs_h5
_29819,aes_sbox_us30,main_sbox,bfs_h4
_29820,aes_sbox_us30,main_sbox,bfs_h3
_29821,aes_sbox_us30,main_sbox,bfs_h2
_29822,aes_sbox_us30,main_sbox,bfs_h2
_29823,aes_sbox_us30,main_sbox,bfs_h1
_29824,aes_sbox_us30,main_sbox,bfs_h4
_29825,aes_sbox_us30,main_sbox,bfs_h4
_29826,aes_sbox_us30,main_sbox,bfs_h4
_29827,aes_sbox_us30,main_sbox,bfs_h6
_29828,aes_sbox_us30,main_sbox,bfs_h5
_29829,aes_sbox_us33,main_sbox,bfs_h3
_29830,aes_sbox_us30,main_sbox,bfs_h4
_29831,aes_sbox_us30,main_sbox,bfs_h3
_29832,aes_sbox_us30,main_sbox,bfs_h4
_29833,aes_sbox_us33,main_sbox,bfs_h3
_29834,aes_sbox_us30,main_sbox,bfs_h4
_29835,aes_sbox_us33,main_sbox,bfs_h5
_29836,aes_sbox_us30,main_sbox,bfs_h4
_29837,aes_sbox_us30,main_sbox,bfs_h3
_29838,aes_sbox_us30,main_sbox,bfs_h5
_29839,aes_sbox_us33,main_sbox,bfs_h5
_29840,aes_sbox_us30,main_sbox,bfs_h5
_29841,aes_sbox_us30,main_sbox,bfs_h4
_29842,aes_sbox_us33,main_sbox,bfs_h4
_29843,aes_sbox_us33,main_sbox,bfs_h3
_29844,aes_sbox_us30,main_sbox,bfs_h5
_29845,aes_sbox_us30,main_sbox,bfs_h4
_29846,aes_sbox_us30,main_sbox,bfs_h3
_29847,aes_sbox_us30,main_sbox,bfs_h2
_29848,aes_sbox_us33,main_sbox,bfs_h4
_29849,aes_sbox_us30,main_sbox,bfs_h5
_29850,aes_sbox_us33,main_sbox,bfs_h5
_29851,aes_sbox_us30,main_sbox,bfs_h4
_29852,aes_sbox_us30,main_sbox,bfs_h3
_29853,aes_sbox_us33,main_sbox,bfs_h5
_29854,aes_sbox_us30,main_sbox,bfs_h4
_29855,aes_sbox_us33,main_sbox,bfs_h4
_29856,aes_sbox_us30,main_sbox,bfs_h4
_29857,aes_sbox_us30,main_sbox,bfs_h5
_29858,aes_sbox_us33,main_sbox,bfs_h3
_29859,aes_sbox_us33,main_sbox,bfs_h4
_29860,aes_sbox_us30,main_sbox,bfs_h4
_29861,aes_sbox_us30,main_sbox,bfs_h3
_29862,aes_sbox_us30,main_sbox,bfs_h2
_29863,aes_sbox_us30,main_sbox,bfs_h6
_29864,aes_sbox_us30,main_sbox,bfs_h5
_29865,aes_sbox_us30,main_sbox,bfs_h4
_29866,aes_sbox_us33,main_sbox,bfs_h4
_29867,aes_sbox_us30,main_sbox,bfs_h5
_29868,aes_sbox_us30,main_sbox,bfs_h4
_29869,aes_sbox_us30,main_sbox,bfs_h3
_29870,aes_sbox_us33,main_sbox,bfs_h5
_29871,aes_sbox_us33,main_sbox,bfs_h5
_29872,aes_sbox_us30,main_sbox,bfs_h5
_29873,aes_sbox_us30,main_sbox,bfs_h4
_29874,aes_sbox_us33,main_sbox,bfs_h5
_29875,aes_sbox_us30,main_sbox,bfs_h5
_29876,aes_sbox_us30,main_sbox,bfs_h4
_29877,aes_sbox_us30,main_sbox,bfs_h3
_29878,aes_sbox_us30,main_sbox,bfs_h2
_29879,aes_sbox_us33,main_sbox,bfs_h5
_29880,aes_sbox_us33,main_sbox,bfs_h5
_29881,aes_sbox_us33,main_sbox,bfs_h5
_29882,aes_sbox_us33,main_sbox,bfs_h5
_29883,aes_sbox_us30,main_sbox,bfs_h5
_29884,aes_sbox_us30,main_sbox,bfs_h4
_29885,aes_sbox_us33,main_sbox,bfs_h4
_29886,aes_sbox_us30,main_sbox,bfs_h5
_29887,aes_sbox_us30,main_sbox,bfs_h4
_29888,aes_sbox_us30,main_sbox,bfs_h3
_29889,aes_sbox_us30,main_sbox,bfs_h5
_29890,aes_sbox_us30,main_sbox,bfs_h5
_29891,aes_sbox_us30,main_sbox,bfs_h5
_29892,aes_sbox_us30,main_sbox,bfs_h4
_29893,aes_sbox_us33,main_sbox,bfs_h5
_29894,aes_sbox_us30,main_sbox,bfs_h5
_29895,aes_sbox_us30,main_sbox,bfs_h4
_29896,aes_sbox_us30,main_sbox,bfs_h3
_29897,aes_sbox_us30,main_sbox,bfs_h2
_29898,aes_sbox_us30,main_sbox,bfs_h1
_29899,aes_sbox_us30,main_sbox,bfs_h6
_29900,aes_sbox_us30,main_sbox,bfs_h7
_29901,aes_sbox_us33,main_sbox,bfs_h4
_29902,aes_sbox_us33,main_sbox,bfs_h5
_29903,aes_sbox_us30,main_sbox,bfs_h5
_29904,aes_sbox_us30,main_sbox,bfs_h4
_29905,aes_sbox_us30,main_sbox,bfs_h6
_29906,aes_sbox_us33,main_sbox,bfs_h5
_29907,aes_sbox_us30,main_sbox,bfs_h5
_29908,aes_sbox_us30,main_sbox,bfs_h4
_29909,aes_sbox_us30,main_sbox,bfs_h3
_29910,aes_sbox_us33,main_sbox,bfs_h5
_29911,aes_sbox_us30,main_sbox,bfs_h5
_29912,aes_sbox_us33,main_sbox,bfs_h5
_29913,aes_sbox_us33,main_sbox,bfs_h5
_29914,aes_sbox_us30,main_sbox,bfs_h4
_29915,aes_sbox_us33,main_sbox,bfs_h5
_29916,aes_sbox_us33,main_sbox,bfs_h4
_29917,aes_sbox_us30,main_sbox,bfs_h4
_29918,aes_sbox_us30,main_sbox,bfs_h3
_29919,aes_sbox_us30,main_sbox,bfs_h2
_29920,aes_sbox_us33,main_sbox,bfs_h4
_29921,aes_sbox_us33,main_sbox,bfs_h4
_29922,aes_sbox_us33,main_sbox,bfs_h4
_29923,aes_sbox_us30,main_sbox,bfs_h5
_29924,aes_sbox_us30,main_sbox,bfs_h4
_29925,aes_sbox_us33,main_sbox,bfs_h5
_29926,aes_sbox_us30,main_sbox,bfs_h5
_29927,aes_sbox_us30,main_sbox,bfs_h4
_29928,aes_sbox_us30,main_sbox,bfs_h3
_29929,aes_sbox_us30,main_sbox,bfs_h7
_29930,aes_sbox_us33,main_sbox,bfs_h4
_29931,aes_sbox_us30,main_sbox,bfs_h5
_29932,aes_sbox_us30,main_sbox,bfs_h4
_29933,aes_sbox_us30,main_sbox,bfs_h5
_29934,aes_sbox_us33,main_sbox,bfs_h4
_29935,aes_sbox_us33,main_sbox,bfs_h5
_29936,aes_sbox_us33,main_sbox,bfs_h4
_29937,aes_sbox_us30,main_sbox,bfs_h4
_29938,aes_sbox_us30,main_sbox,bfs_h3
_29939,aes_sbox_us30,main_sbox,bfs_h2
_29940,aes_sbox_us30,main_sbox,bfs_h6
_29941,aes_sbox_us30,main_sbox,bfs_h5
_29942,aes_sbox_us33,main_sbox,bfs_h4
_29943,aes_sbox_us33,main_sbox,bfs_h4
_29944,aes_sbox_us30,main_sbox,bfs_h4
_29945,aes_sbox_us30,main_sbox,bfs_h6
_29946,aes_sbox_us33,main_sbox,bfs_h5
_29947,aes_sbox_us30,main_sbox,bfs_h5
_29948,aes_sbox_us30,main_sbox,bfs_h5
_29949,aes_sbox_us30,main_sbox,bfs_h4
_29950,aes_sbox_us33,main_sbox,bfs_h4
_29951,aes_sbox_us33,main_sbox,bfs_h4
_29952,aes_sbox_us30,main_sbox,bfs_h4
_29953,aes_sbox_us30,main_sbox,bfs_h3
_29954,aes_sbox_us33,main_sbox,bfs_h4
_29955,aes_sbox_us30,main_sbox,bfs_h5
_29956,aes_sbox_us30,main_sbox,bfs_h5
_29957,aes_sbox_us33,main_sbox,bfs_h4
_29958,aes_sbox_us33,main_sbox,bfs_h5
_29959,aes_sbox_us33,main_sbox,bfs_h4
_29960,aes_sbox_us30,main_sbox,bfs_h4
_29961,aes_sbox_us30,main_sbox,bfs_h5
_29962,aes_sbox_us30,main_sbox,bfs_h5
_29963,aes_sbox_us33,main_sbox,bfs_h4
_29964,aes_sbox_us33,main_sbox,bfs_h5
_29965,aes_sbox_us33,main_sbox,bfs_h5
_29966,aes_sbox_us33,main_sbox,bfs_h4
_29967,aes_sbox_us30,main_sbox,bfs_h4
_29968,aes_sbox_us30,main_sbox,bfs_h3
_29969,aes_sbox_us30,main_sbox,bfs_h2
_29970,aes_sbox_us30,main_sbox,bfs_h1
_29971,aes_sbox_us30,main_sbox,bfs_h6
_29972,aes_sbox_us30,main_sbox,bfs_h6
_29973,aes_sbox_us33,main_sbox,bfs_h5
_29974,aes_sbox_us30,main_sbox,bfs_h4
_29975,aes_sbox_us30,main_sbox,bfs_h4
_29976,aes_sbox_us30,main_sbox,bfs_h3
_29977,aes_sbox_us30,main_sbox,bfs_h5
_29978,aes_sbox_us33,main_sbox,bfs_h4
_29979,aes_sbox_us30,main_sbox,bfs_h5
_29980,aes_sbox_us30,main_sbox,bfs_h5
_29981,aes_sbox_us33,main_sbox,bfs_h4
_29982,aes_sbox_us33,main_sbox,bfs_h5
_29983,aes_sbox_us30,main_sbox,bfs_h4
_29984,aes_sbox_us30,main_sbox,bfs_h3
_29985,aes_sbox_us33,main_sbox,bfs_h4
_29986,aes_sbox_us33,main_sbox,bfs_h3
_29987,aes_sbox_us33,main_sbox,bfs_h4
_29988,aes_sbox_us30,main_sbox,bfs_h4
_29989,aes_sbox_us30,main_sbox,bfs_h4
_29990,aes_sbox_us33,main_sbox,bfs_h3
_29991,aes_sbox_us33,main_sbox,bfs_h4
_29992,aes_sbox_us30,main_sbox,bfs_h5
_29993,aes_sbox_us33,main_sbox,bfs_h3
_29994,aes_sbox_us33,main_sbox,bfs_h4
_29995,aes_sbox_us30,main_sbox,bfs_h4
_29996,aes_sbox_us30,main_sbox,bfs_h3
_29997,aes_sbox_us30,main_sbox,bfs_h2
_29998,aes_sbox_us30,main_sbox,bfs_h4
_29999,aes_sbox_us30,main_sbox,bfs_h5
_30000,aes_sbox_us33,main_sbox,bfs_h4
_30001,aes_sbox_us30,main_sbox,bfs_h4
_30002,aes_sbox_us30,main_sbox,bfs_h6
_30003,aes_sbox_us33,main_sbox,bfs_h5
_30004,aes_sbox_us30,main_sbox,bfs_h5
_30005,aes_sbox_us33,main_sbox,bfs_h5
_30006,aes_sbox_us33,main_sbox,bfs_h5
_30007,aes_sbox_us30,main_sbox,bfs_h5
_30008,aes_sbox_us33,main_sbox,bfs_h4
_30009,aes_sbox_us30,main_sbox,bfs_h4
_30010,aes_sbox_us30,main_sbox,bfs_h3
_30011,aes_sbox_us33,main_sbox,bfs_h4
_30012,aes_sbox_us33,main_sbox,bfs_h5
_30013,aes_sbox_us30,main_sbox,bfs_h5
_30014,aes_sbox_us33,main_sbox,bfs_h4
_30015,aes_sbox_us30,main_sbox,bfs_h5
_30016,aes_sbox_us33,main_sbox,bfs_h4
_30017,aes_sbox_us33,main_sbox,bfs_h4
_30018,aes_sbox_us30,main_sbox,bfs_h5
_30019,aes_sbox_us30,main_sbox,bfs_h4
_30020,aes_sbox_us30,main_sbox,bfs_h6
_30021,aes_sbox_us30,main_sbox,bfs_h5
_30022,aes_sbox_us33,main_sbox,bfs_h5
_30023,aes_sbox_us30,main_sbox,bfs_h5
_30024,aes_sbox_us30,main_sbox,bfs_h5
_30025,aes_sbox_us33,main_sbox,bfs_h4
_30026,aes_sbox_us30,main_sbox,bfs_h4
_30027,aes_sbox_us30,main_sbox,bfs_h5
_30028,aes_sbox_us30,main_sbox,bfs_h4
_30029,aes_sbox_us30,main_sbox,bfs_h3
_30030,aes_sbox_us30,main_sbox,bfs_h2
_30031,aes_sbox_us30,main_sbox,bfs_h1
_30032,aes_sbox_us33,main_sbox,bfs_h4
_30033,aes_sbox_us30,main_sbox,bfs_h5
_30034,aes_sbox_us30,main_sbox,bfs_h5
_30035,aes_sbox_us30,main_sbox,bfs_h4
_30036,aes_sbox_us33,main_sbox,bfs_h4
_30037,aes_sbox_us30,main_sbox,bfs_h4
_30038,aes_sbox_us30,main_sbox,bfs_h3
_30039,aes_sbox_us33,main_sbox,bfs_h4
_30040,aes_sbox_us33,main_sbox,bfs_h4
_30041,aes_sbox_us30,main_sbox,bfs_h4
_30042,aes_sbox_us30,main_sbox,bfs_h4
_30043,aes_sbox_us30,main_sbox,bfs_h4
_30044,aes_sbox_us30,main_sbox,bfs_h3
_30045,aes_sbox_us30,main_sbox,bfs_h2
_30046,aes_sbox_us30,main_sbox,bfs_h5
_30047,aes_sbox_us30,main_sbox,bfs_h4
_30048,aes_sbox_us30,main_sbox,bfs_h5
_30049,aes_sbox_us30,main_sbox,bfs_h6
_30050,aes_sbox_us30,main_sbox,bfs_h5
_30051,aes_sbox_us30,main_sbox,bfs_h4
_30052,aes_sbox_us30,main_sbox,bfs_h5
_30053,aes_sbox_us30,main_sbox,bfs_h6
_30054,aes_sbox_us33,main_sbox,bfs_h4
_30055,aes_sbox_us30,main_sbox,bfs_h4
_30056,aes_sbox_us30,main_sbox,bfs_h3
_30057,aes_sbox_us30,main_sbox,bfs_h2
_30058,aes_sbox_us33,main_sbox,bfs_h4
_30059,aes_sbox_us30,main_sbox,bfs_h4
_30060,aes_sbox_us30,main_sbox,bfs_h5
_30061,aes_sbox_us30,main_sbox,bfs_h5
_30062,aes_sbox_us30,main_sbox,bfs_h5
_30063,aes_sbox_us30,main_sbox,bfs_h4
_30064,aes_sbox_us30,main_sbox,bfs_h3
_30065,aes_sbox_us30,main_sbox,bfs_h4
_30066,aes_sbox_us30,main_sbox,bfs_h5
_30067,aes_sbox_us30,main_sbox,bfs_h4
_30068,aes_sbox_us33,main_sbox,bfs_h5
_30069,aes_sbox_us30,main_sbox,bfs_h5
_30070,aes_sbox_us30,main_sbox,bfs_h4
_30071,aes_sbox_us30,main_sbox,bfs_h3
_30072,aes_sbox_us30,main_sbox,bfs_h2
_30073,aes_sbox_us33,main_sbox,bfs_h5
_30074,aes_sbox_us30,main_sbox,bfs_h5
_30075,aes_sbox_us30,main_sbox,bfs_h4
_30076,aes_sbox_us30,main_sbox,bfs_h5
_30077,aes_sbox_us30,main_sbox,bfs_h4
_30078,aes_sbox_us30,main_sbox,bfs_h3
_30079,aes_sbox_us30,main_sbox,bfs_h4
_30080,aes_sbox_us30,main_sbox,bfs_h4
_30081,aes_sbox_us33,main_sbox,bfs_h5
_30082,aes_sbox_us30,main_sbox,bfs_h4
_30083,aes_sbox_us30,main_sbox,bfs_h3
_30084,aes_sbox_us30,main_sbox,bfs_h2
_30085,aes_sbox_us30,main_sbox,bfs_h1
_30086,aes_sbox_us30,main_sbox,bfs_h5
_30087,aes_sbox_us30,main_sbox,bfs_h4
_30088,aes_sbox_us33,main_sbox,bfs_h5
_30089,aes_sbox_us30,main_sbox,bfs_h5
_30090,aes_sbox_us33,main_sbox,bfs_h4
_30091,aes_sbox_us30,main_sbox,bfs_h4
_30092,aes_sbox_us33,main_sbox,bfs_h3
_30093,aes_sbox_us33,main_sbox,bfs_h5
_30094,aes_sbox_us30,main_sbox,bfs_h5
_30095,aes_sbox_us30,main_sbox,bfs_h4
_30096,aes_sbox_us30,main_sbox,bfs_h3
_30097,aes_sbox_us33,main_sbox,bfs_h5
_30098,aes_sbox_us30,main_sbox,bfs_h4
_30099,aes_sbox_us33,main_sbox,bfs_h4
_30100,aes_sbox_us30,main_sbox,bfs_h5
_30101,aes_sbox_us30,main_sbox,bfs_h4
_30102,aes_sbox_us30,main_sbox,bfs_h3
_30103,aes_sbox_us33,main_sbox,bfs_h4
_30104,aes_sbox_us30,main_sbox,bfs_h4
_30105,aes_sbox_us33,main_sbox,bfs_h4
_30106,aes_sbox_us30,main_sbox,bfs_h5
_30107,aes_sbox_us30,main_sbox,bfs_h4
_30108,aes_sbox_us30,main_sbox,bfs_h3
_30109,aes_sbox_us30,main_sbox,bfs_h2
_30110,aes_sbox_us30,main_sbox,bfs_h2
_30111,aes_sbox_us33,main_sbox,bfs_h3
_30112,aes_sbox_us33,main_sbox,bfs_h4
_30113,aes_sbox_us33,main_sbox,bfs_h4
_30114,aes_sbox_us33,main_sbox,bfs_h3
_30115,aes_sbox_us33,main_sbox,bfs_h5
_30116,aes_sbox_us33,main_sbox,bfs_h4
_30117,aes_sbox_us30,main_sbox,bfs_h4
_30118,aes_sbox_us33,main_sbox,bfs_h5
_30119,aes_sbox_us33,main_sbox,bfs_h3
_30120,aes_sbox_us33,main_sbox,bfs_h4
_30121,aes_sbox_us30,main_sbox,bfs_h6
_30122,aes_sbox_us30,main_sbox,bfs_h6
_30123,aes_sbox_us33,main_sbox,bfs_h5
_30124,aes_sbox_us33,main_sbox,bfs_h4
_30125,aes_sbox_us30,main_sbox,bfs_h4
_30126,aes_sbox_us30,main_sbox,bfs_h3
_30127,aes_sbox_us33,main_sbox,bfs_h4
_30128,aes_sbox_us33,main_sbox,bfs_h5
_30129,aes_sbox_us33,main_sbox,bfs_h5
_30130,aes_sbox_us30,main_sbox,bfs_h5
_30131,aes_sbox_us33,main_sbox,bfs_h5
_30132,aes_sbox_us30,main_sbox,bfs_h5
_30133,aes_sbox_us30,main_sbox,bfs_h4
_30134,aes_sbox_us30,main_sbox,bfs_h5
_30135,aes_sbox_us30,main_sbox,bfs_h5
_30136,aes_sbox_us33,main_sbox,bfs_h5
_30137,aes_sbox_us33,main_sbox,bfs_h4
_30138,aes_sbox_us30,main_sbox,bfs_h5
_30139,aes_sbox_us30,main_sbox,bfs_h4
_30140,aes_sbox_us30,main_sbox,bfs_h3
_30141,aes_sbox_us30,main_sbox,bfs_h2
_30142,aes_sbox_us30,main_sbox,bfs_h1
_30143,aes_sbox_us30,main_sbox,bfs_h5
_30144,aes_sbox_us30,main_sbox,bfs_h4
_30145,aes_sbox_us33,main_sbox,bfs_h4
_30146,aes_sbox_us30,main_sbox,bfs_h6
_30147,aes_sbox_us33,main_sbox,bfs_h5
_30148,aes_sbox_us33,main_sbox,bfs_h4
_30149,aes_sbox_us30,main_sbox,bfs_h4
_30150,aes_sbox_us30,main_sbox,bfs_h3
_30151,aes_sbox_us30,main_sbox,bfs_h2
_30152,aes_sbox_us30,main_sbox,bfs_h4
_30153,aes_sbox_us30,main_sbox,bfs_h3
_30154,aes_sbox_us30,main_sbox,bfs_h4
_30155,aes_sbox_us30,main_sbox,bfs_h3
_30156,aes_sbox_us33,main_sbox,bfs_h4
_30157,aes_sbox_us30,main_sbox,bfs_h4
_30158,aes_sbox_us30,main_sbox,bfs_h4
_30159,aes_sbox_us30,main_sbox,bfs_h5
_30160,aes_sbox_us30,main_sbox,bfs_h4
_30161,aes_sbox_us30,main_sbox,bfs_h3
_30162,aes_sbox_us30,main_sbox,bfs_h2
_30163,aes_sbox_us30,main_sbox,bfs_h5
_30164,aes_sbox_us33,main_sbox,bfs_h4
_30165,aes_sbox_us33,main_sbox,bfs_h4
_30166,aes_sbox_us30,main_sbox,bfs_h4
_30167,aes_sbox_us33,main_sbox,bfs_h5
_30168,aes_sbox_us33,main_sbox,bfs_h5
_30169,aes_sbox_us30,main_sbox,bfs_h4
_30170,aes_sbox_us33,main_sbox,bfs_h4
_30171,aes_sbox_us33,main_sbox,bfs_h4
_30172,aes_sbox_us33,main_sbox,bfs_h5
_30173,aes_sbox_us33,main_sbox,bfs_h5
_30174,aes_sbox_us33,main_sbox,bfs_h4
_30175,aes_sbox_us30,main_sbox,bfs_h4
_30176,aes_sbox_us30,main_sbox,bfs_h3
_30177,aes_sbox_us30,main_sbox,bfs_h5
_30178,aes_sbox_us30,main_sbox,bfs_h4
_30179,aes_sbox_us33,main_sbox,bfs_h4
_30180,aes_sbox_us33,main_sbox,bfs_h4
_30181,aes_sbox_us33,main_sbox,bfs_h4
_30182,aes_sbox_us30,main_sbox,bfs_h4
_30183,aes_sbox_us30,main_sbox,bfs_h5
_30184,aes_sbox_us30,main_sbox,bfs_h5
_30185,aes_sbox_us30,main_sbox,bfs_h5
_30186,aes_sbox_us30,main_sbox,bfs_h6
_30187,aes_sbox_us30,main_sbox,bfs_h5
_30188,aes_sbox_us33,main_sbox,bfs_h4
_30189,aes_sbox_us30,main_sbox,bfs_h4
_30190,aes_sbox_us30,main_sbox,bfs_h3
_30191,aes_sbox_us30,main_sbox,bfs_h2
_30192,aes_sbox_us30,main_sbox,bfs_h1
_30193,aes_sbox_us30,main_sbox,bfs_h4
_30194,aes_sbox_us30,main_sbox,bfs_h4
_30195,aes_sbox_us33,main_sbox,bfs_h4
_30196,aes_sbox_us33,main_sbox,bfs_h4
_30197,aes_sbox_us33,main_sbox,bfs_h5
_30198,aes_sbox_us30,main_sbox,bfs_h4
_30199,aes_sbox_us30,main_sbox,bfs_h3
_30200,aes_sbox_us30,main_sbox,bfs_h5
_30201,aes_sbox_us30,main_sbox,bfs_h4
_30202,aes_sbox_us30,main_sbox,bfs_h5
_30203,aes_sbox_us30,main_sbox,bfs_h4
_30204,aes_sbox_us30,main_sbox,bfs_h3
_30205,aes_sbox_us30,main_sbox,bfs_h2
_30206,aes_sbox_us33,main_sbox,bfs_h4
_30207,aes_sbox_us33,main_sbox,bfs_h4
_30208,aes_sbox_us30,main_sbox,bfs_h5
_30209,aes_sbox_us30,main_sbox,bfs_h4
_30210,aes_cipher_top,top,bfs_h5
_30211,aes_sbox_us30,main_sbox,bfs_h4
_30212,aes_sbox_us30,main_sbox,bfs_h3
_30213,aes_sbox_us30,main_sbox,bfs_h6
_30214,aes_sbox_us30,main_sbox,bfs_h5
_30215,aes_sbox_us30,main_sbox,bfs_h4
_30216,aes_sbox_us30,main_sbox,bfs_h5
_30217,aes_sbox_us30,main_sbox,bfs_h4
_30218,aes_sbox_us30,main_sbox,bfs_h3
_30219,aes_sbox_us30,main_sbox,bfs_h2
_30220,aes_sbox_us30,main_sbox,bfs_h5
_30221,aes_sbox_us30,main_sbox,bfs_h4
_30222,aes_sbox_us33,main_sbox,bfs_h4
_30223,aes_sbox_us30,main_sbox,bfs_h4
_30224,aes_sbox_us33,main_sbox,bfs_h5
_30225,aes_sbox_us30,main_sbox,bfs_h5
_30226,aes_sbox_us33,main_sbox,bfs_h4
_30227,aes_sbox_us33,main_sbox,bfs_h4
_30228,aes_sbox_us30,main_sbox,bfs_h4
_30229,aes_sbox_us30,main_sbox,bfs_h3
_30230,aes_sbox_us33,main_sbox,bfs_h3
_30231,aes_sbox_us30,main_sbox,bfs_h4
_30232,aes_sbox_us33,main_sbox,bfs_h3
_30233,aes_sbox_us30,main_sbox,bfs_h4
_30234,aes_sbox_us30,main_sbox,bfs_h3
_30235,aes_sbox_us30,main_sbox,bfs_h4
_30236,aes_sbox_us33,main_sbox,bfs_h4
_30237,aes_sbox_us33,main_sbox,bfs_h3
_30238,aes_sbox_us30,main_sbox,bfs_h4
_30239,aes_sbox_us30,main_sbox,bfs_h3
_30240,aes_sbox_us30,main_sbox,bfs_h2
_30241,aes_sbox_us30,main_sbox,bfs_h2
_30242,aes_sbox_us30,main_sbox,bfs_h1
_30243,aes_cipher_top,top,bfs_h2
_30244,aes_cipher_top,top,bfs_h2
_30245,aes_cipher_top,top,bfs_h2
_30246,aes_cipher_top,top,bfs_h2
_30247,aes_cipher_top,top,bfs_h2
_30248,aes_cipher_top,top,bfs_h2
_30249,aes_cipher_top,top,bfs_h2
_30250,aes_cipher_top,top,bfs_h2
_30251,aes_cipher_top,top,bfs_h2
_30252,aes_cipher_top,top,bfs_h2
_30253,aes_cipher_top,top,bfs_h2
_30254,aes_cipher_top,top,bfs_h2
_30255,aes_cipher_top,top,bfs_h2
_30256,aes_cipher_top,top,bfs_h2
_30257,aes_cipher_top,top,bfs_h2
_30258,aes_cipher_top,top,bfs_h2
_30259,aes_cipher_top,top,bfs_h2
_30260,aes_cipher_top,top,bfs_h2
_30261,aes_cipher_top,top,bfs_h2
_30262,aes_cipher_top,top,bfs_h2
_30263,aes_cipher_top,top,bfs_h2
_30264,aes_cipher_top,top,bfs_h2
_30265,aes_cipher_top,top,bfs_h2
_30266,aes_cipher_top,top,bfs_h2
_30267,aes_cipher_top,top,bfs_h2
_30268,aes_cipher_top,top,bfs_h2
_30269,aes_cipher_top,top,bfs_h2
_30270,aes_cipher_top,top,bfs_h2
_30271,aes_cipher_top,top,bfs_h2
_30272,aes_cipher_top,top,bfs_h2
_30273,aes_cipher_top,top,bfs_h2
_30274,aes_cipher_top,top,bfs_h2
_30275,aes_cipher_top,top,bfs_h2
_30276,aes_cipher_top,top,bfs_h2
_30277,aes_cipher_top,top,bfs_h2
_30278,aes_cipher_top,top,bfs_h2
_30279,aes_cipher_top,top,bfs_h2
_30280,aes_cipher_top,top,bfs_h2
_30281,aes_cipher_top,top,bfs_h2
_30282,aes_cipher_top,top,bfs_h2
_30283,aes_cipher_top,top,bfs_h2
_30284,aes_cipher_top,top,bfs_h2
_30285,aes_cipher_top,top,bfs_h2
_30286,aes_cipher_top,top,bfs_h2
_30287,aes_cipher_top,top,bfs_h2
_30288,aes_cipher_top,top,bfs_h2
_30289,aes_cipher_top,top,bfs_h2
_30290,aes_cipher_top,top,bfs_h2
_30291,aes_cipher_top,top,bfs_h2
_30292,aes_cipher_top,top,bfs_h2
_30293,aes_cipher_top,top,bfs_h2
_30294,aes_cipher_top,top,bfs_h2
_30295,aes_cipher_top,top,bfs_h2
_30296,aes_cipher_top,top,bfs_h2
_30297,aes_cipher_top,top,bfs_h2
_30298,aes_cipher_top,top,bfs_h2
_30299,aes_cipher_top,top,bfs_h2
_30300,aes_cipher_top,top,bfs_h2
_30301,aes_cipher_top,top,bfs_h2
_30302,aes_cipher_top,top,bfs_h2
_30303,aes_cipher_top,top,bfs_h2
_30304,aes_cipher_top,top,bfs_h2
_30305,aes_cipher_top,top,bfs_h2
_30306,aes_cipher_top,top,bfs_h2
_30307,aes_cipher_top,top,bfs_h2
_30308,aes_cipher_top,top,bfs_h2
_30309,aes_cipher_top,top,bfs_h2
_30310,aes_cipher_top,top,bfs_h2
_30311,aes_cipher_top,top,bfs_h2
_30312,aes_cipher_top,top,bfs_h2
_30313,aes_cipher_top,top,bfs_h2
_30314,aes_cipher_top,top,bfs_h2
_30315,aes_cipher_top,top,bfs_h2
_30316,aes_cipher_top,top,bfs_h2
_30317,aes_cipher_top,top,bfs_h2
_30318,aes_cipher_top,top,bfs_h2
_30319,aes_cipher_top,top,bfs_h2
_30320,aes_cipher_top,top,bfs_h2
_30321,aes_cipher_top,top,bfs_h2
_30322,aes_cipher_top,top,bfs_h2
_30323,aes_cipher_top,top,bfs_h2
_30324,aes_cipher_top,top,bfs_h2
_30325,aes_cipher_top,top,bfs_h2
_30326,aes_cipher_top,top,bfs_h2
_30327,aes_cipher_top,top,bfs_h2
_30328,aes_cipher_top,top,bfs_h2
_30329,aes_cipher_top,top,bfs_h2
_30330,aes_cipher_top,top,bfs_h2
_30331,aes_cipher_top,top,bfs_h2
_30332,aes_cipher_top,top,bfs_h2
_30333,aes_cipher_top,top,bfs_h2
_30334,aes_cipher_top,top,bfs_h2
_30335,aes_cipher_top,top,bfs_h2
_30336,aes_cipher_top,top,bfs_h2
_30337,aes_cipher_top,top,bfs_h2
_30338,aes_cipher_top,top,bfs_h2
_30339,aes_cipher_top,top,bfs_h2
_30340,aes_cipher_top,top,bfs_h2
_30341,aes_cipher_top,top,bfs_h2
_30342,aes_cipher_top,top,bfs_h2
_30343,aes_cipher_top,top,bfs_h2
_30344,aes_cipher_top,top,bfs_h2
_30345,aes_cipher_top,top,bfs_h2
_30346,aes_cipher_top,top,bfs_h2
_30347,aes_cipher_top,top,bfs_h2
_30348,aes_cipher_top,top,bfs_h2
_30349,aes_cipher_top,top,bfs_h2
_30350,aes_cipher_top,top,bfs_h2
_30351,aes_cipher_top,top,bfs_h2
_30352,aes_cipher_top,top,bfs_h2
_30353,aes_cipher_top,top,bfs_h2
_30354,aes_cipher_top,top,bfs_h2
_30355,aes_cipher_top,top,bfs_h2
_30356,aes_cipher_top,top,bfs_h2
_30357,aes_cipher_top,top,bfs_h2
_30358,aes_cipher_top,top,bfs_h2
_30359,aes_cipher_top,top,bfs_h2
_30360,aes_cipher_top,top,bfs_h2
_30361,aes_cipher_top,top,bfs_h2
_30362,aes_cipher_top,top,bfs_h2
_30363,aes_cipher_top,top,bfs_h2
_30364,aes_cipher_top,top,bfs_h2
_30365,aes_cipher_top,top,bfs_h2
_30366,aes_cipher_top,top,bfs_h2
_30367,aes_cipher_top,top,bfs_h2
_30368,aes_cipher_top,top,bfs_h2
_30369,aes_cipher_top,top,bfs_h2
_30370,aes_cipher_top,top,bfs_h2
_30371,aes_cipher_top,top,bfs_h2
_30372,aes_cipher_top,top,bfs_h2
_30373,aes_cipher_top,top,bfs_h2
_30374,aes_cipher_top,top,bfs_h2
_30375,aes_cipher_top,top,bfs_h2
_30376,aes_cipher_top,top,bfs_h2
_30377,aes_cipher_top,top,bfs_h2
_30378,aes_cipher_top,top,bfs_h2
_30379,aes_cipher_top,top,bfs_h2
_30380,aes_cipher_top,top,bfs_h2
_30381,aes_cipher_top,top,bfs_h2
_30382,aes_cipher_top,top,bfs_h2
_30383,aes_cipher_top,top,bfs_h2
_30384,aes_cipher_top,top,bfs_h2
_30385,aes_cipher_top,top,bfs_h2
_30386,aes_cipher_top,top,bfs_h3
_30387,aes_cipher_top,top,bfs_h2
_30388,aes_cipher_top,top,bfs_h2
_30389,aes_cipher_top,top,bfs_h2
_30390,aes_cipher_top,top,bfs_h2
_30391,aes_cipher_top,top,bfs_h3
_30392,aes_cipher_top,top,bfs_h2
_30393,aes_cipher_top,top,bfs_h2
_30394,aes_cipher_top,top,bfs_h2
_30395,aes_cipher_top,top,bfs_h2
_30396,aes_cipher_top,top,bfs_h2
_30397,aes_cipher_top,top,bfs_h2
_30398,aes_cipher_top,top,bfs_h2
_30399,aes_cipher_top,top,bfs_h2
_30400,aes_cipher_top,top,bfs_h2
_30401,aes_cipher_top,top,bfs_h2
_30402,aes_cipher_top,top,bfs_h2
_30403,aes_cipher_top,top,bfs_h2
_30404,aes_cipher_top,top,bfs_h2
_30405,aes_cipher_top,top,bfs_h2
_30406,aes_cipher_top,top,bfs_h2
_30407,aes_cipher_top,top,bfs_h2
_30408,aes_cipher_top,top,bfs_h3
_30409,aes_cipher_top,top,bfs_h2
_30410,aes_cipher_top,top,bfs_h2
_30411,aes_cipher_top,top,bfs_h2
_30412,aes_cipher_top,top,bfs_h2
_30413,aes_cipher_top,top,bfs_h4
_30414,aes_cipher_top,top,bfs_h3
_30415,aes_cipher_top,top,bfs_h2
_30416,aes_cipher_top,top,bfs_h2
_30417,aes_cipher_top,top,bfs_h2
_30418,aes_cipher_top,top,bfs_h2
_30419,aes_cipher_top,top,bfs_h2
_30420,aes_cipher_top,top,bfs_h2
_30421,aes_cipher_top,top,bfs_h2
_30422,aes_cipher_top,top,bfs_h2
_30423,aes_cipher_top,top,bfs_h2
_30424,aes_cipher_top,top,bfs_h2
_30425,aes_cipher_top,top,bfs_h2
_30426,aes_cipher_top,top,bfs_h2
_30427,aes_cipher_top,top,bfs_h2
_30428,aes_cipher_top,top,bfs_h2
_30429,aes_cipher_top,top,bfs_h2
_30430,aes_cipher_top,top,bfs_h2
_30431,aes_cipher_top,top,bfs_h3
_30432,aes_cipher_top,top,bfs_h2
_30433,aes_cipher_top,top,bfs_h2
_30434,aes_cipher_top,top,bfs_h2
_30435,aes_cipher_top,top,bfs_h2
_30436,aes_cipher_top,top,bfs_h3
_30437,aes_cipher_top,top,bfs_h2
_30438,aes_cipher_top,top,bfs_h2
_30439,aes_cipher_top,top,bfs_h2
_30440,aes_cipher_top,top,bfs_h2
_30441,aes_cipher_top,top,bfs_h2
_30442,aes_cipher_top,top,bfs_h2
_30443,aes_cipher_top,top,bfs_h2
_30444,aes_cipher_top,top,bfs_h2
_30445,aes_cipher_top,top,bfs_h2
_30446,aes_cipher_top,top,bfs_h2
_30447,aes_cipher_top,top,bfs_h2
_30448,aes_cipher_top,top,bfs_h2
_30449,aes_cipher_top,top,bfs_h2
_30450,aes_cipher_top,top,bfs_h2
_30451,aes_cipher_top,top,bfs_h2
_30452,aes_cipher_top,top,bfs_h2
_30453,aes_cipher_top,top,bfs_h3
_30454,aes_cipher_top,top,bfs_h2
_30455,aes_cipher_top,top,bfs_h2
_30456,aes_cipher_top,top,bfs_h2
_30457,aes_cipher_top,top,bfs_h2
_30458,aes_cipher_top,top,bfs_h3
_30459,aes_cipher_top,top,bfs_h2
_30460,aes_cipher_top,top,bfs_h2
_30461,aes_cipher_top,top,bfs_h2
_30462,aes_cipher_top,top,bfs_h2
_30463,aes_cipher_top,top,bfs_h2
_30464,aes_cipher_top,top,bfs_h2
_30465,aes_cipher_top,top,bfs_h2
_30466,aes_cipher_top,top,bfs_h2
_30467,aes_cipher_top,top,bfs_h2
_30468,aes_cipher_top,top,bfs_h2
_30469,aes_cipher_top,top,bfs_h2
_30470,aes_cipher_top,top,bfs_h2
_30471,aes_cipher_top,top,bfs_h2
_30472,aes_cipher_top,top,bfs_h2
_30473,aes_cipher_top,top,bfs_h2
_30474,aes_cipher_top,top,bfs_h2
_30475,aes_cipher_top,top,bfs_h3
_30476,aes_cipher_top,top,bfs_h2
_30477,aes_cipher_top,top,bfs_h2
_30478,aes_cipher_top,top,bfs_h2
_30479,aes_cipher_top,top,bfs_h2
_30480,aes_cipher_top,top,bfs_h3
_30481,aes_cipher_top,top,bfs_h2
_30482,aes_cipher_top,top,bfs_h2
_30483,aes_cipher_top,top,bfs_h2
_30484,aes_cipher_top,top,bfs_h2
_30485,aes_cipher_top,top,bfs_h2
_30486,aes_cipher_top,top,bfs_h2
_30487,aes_cipher_top,top,bfs_h2
_30488,aes_cipher_top,top,bfs_h2
_30489,aes_cipher_top,top,bfs_h2
_30490,aes_cipher_top,top,bfs_h2
_30491,aes_cipher_top,top,bfs_h2
_30492,aes_cipher_top,top,bfs_h2
_30493,aes_cipher_top,top,bfs_h2
_30494,aes_cipher_top,top,bfs_h2
_30495,aes_cipher_top,top,bfs_h2
_30496,aes_cipher_top,top,bfs_h2
_30497,aes_cipher_top,top,bfs_h3
_30498,aes_cipher_top,top,bfs_h2
_30499,aes_cipher_top,top,bfs_h2
_30500,aes_cipher_top,top,bfs_h2
_30501,aes_cipher_top,top,bfs_h2
_30502,aes_cipher_top,top,bfs_h3
_30503,aes_cipher_top,top,bfs_h2
_30504,aes_cipher_top,top,bfs_h2
_30505,aes_cipher_top,top,bfs_h2
_30506,aes_cipher_top,top,bfs_h2
_30507,aes_cipher_top,top,bfs_h2
_30508,aes_cipher_top,top,bfs_h2
_30509,aes_cipher_top,top,bfs_h2
_30510,aes_cipher_top,top,bfs_h2
_30511,aes_cipher_top,top,bfs_h2
_30512,aes_cipher_top,top,bfs_h2
_30513,aes_cipher_top,top,bfs_h2
_30514,aes_cipher_top,top,bfs_h2
_30515,aes_cipher_top,top,bfs_h2
_30516,aes_cipher_top,top,bfs_h2
_30517,aes_cipher_top,top,bfs_h2
_30518,aes_cipher_top,top,bfs_h2
_30519,aes_cipher_top,top,bfs_h3
_30520,aes_cipher_top,top,bfs_h2
_30521,aes_cipher_top,top,bfs_h2
_30522,aes_cipher_top,top,bfs_h2
_30523,aes_cipher_top,top,bfs_h2
_30524,aes_cipher_top,top,bfs_h3
_30525,aes_cipher_top,top,bfs_h2
_30526,aes_cipher_top,top,bfs_h2
_30527,aes_cipher_top,top,bfs_h2
_30528,aes_cipher_top,top,bfs_h2
_30529,aes_cipher_top,top,bfs_h2
_30530,aes_cipher_top,top,bfs_h2
_30531,aes_cipher_top,top,bfs_h2
_30532,aes_cipher_top,top,bfs_h2
_30533,aes_cipher_top,top,bfs_h2
_30534,aes_cipher_top,top,bfs_h2
_30535,aes_cipher_top,top,bfs_h2
_30536,aes_cipher_top,top,bfs_h2
_30537,aes_cipher_top,top,bfs_h2
_30538,aes_cipher_top,top,bfs_h2
_30539,aes_cipher_top,top,bfs_h2
_30540,aes_cipher_top,top,bfs_h2
_30541,aes_cipher_top,top,bfs_h3
_30542,aes_cipher_top,top,bfs_h2
_30543,aes_cipher_top,top,bfs_h2
_30544,aes_cipher_top,top,bfs_h2
_30545,aes_cipher_top,top,bfs_h2
_30546,aes_cipher_top,top,bfs_h3
_30547,aes_cipher_top,top,bfs_h2
_30548,aes_cipher_top,top,bfs_h2
_30549,aes_cipher_top,top,bfs_h2
_30550,aes_cipher_top,top,bfs_h2
_30551,aes_cipher_top,top,bfs_h2
_30552,aes_cipher_top,top,bfs_h2
_30553,aes_cipher_top,top,bfs_h2
_30554,aes_cipher_top,top,bfs_h2
_30555,aes_cipher_top,top,bfs_h2
_30556,aes_cipher_top,top,bfs_h2
_30557,aes_cipher_top,top,bfs_h2
_30558,aes_cipher_top,top,bfs_h2
_30559,aes_cipher_top,top,bfs_h2
_30560,aes_cipher_top,top,bfs_h2
_30561,aes_cipher_top,top,bfs_h2
_30562,aes_cipher_top,top,bfs_h2
_30563,aes_cipher_top,top,bfs_h3
_30564,aes_cipher_top,top,bfs_h2
_30565,aes_cipher_top,top,bfs_h2
_30566,aes_cipher_top,top,bfs_h2
_30567,aes_cipher_top,top,bfs_h2
_30568,aes_cipher_top,top,bfs_h3
_30569,aes_cipher_top,top,bfs_h2
_30570,aes_cipher_top,top,bfs_h2
_30571,aes_cipher_top,top,bfs_h2
_30572,aes_cipher_top,top,bfs_h2
_30573,aes_cipher_top,top,bfs_h2
_30574,aes_cipher_top,top,bfs_h2
_30575,aes_cipher_top,top,bfs_h2
_30576,aes_cipher_top,top,bfs_h2
_30577,aes_cipher_top,top,bfs_h2
_30578,aes_cipher_top,top,bfs_h2
_30579,aes_cipher_top,top,bfs_h2
_30580,aes_cipher_top,top,bfs_h2
_30581,aes_cipher_top,top,bfs_h2
_30582,aes_cipher_top,top,bfs_h2
_30583,aes_cipher_top,top,bfs_h2
_30584,aes_cipher_top,top,bfs_h2
_30585,aes_cipher_top,top,bfs_h3
_30586,aes_cipher_top,top,bfs_h2
_30587,aes_cipher_top,top,bfs_h2
_30588,aes_cipher_top,top,bfs_h2
_30589,aes_cipher_top,top,bfs_h2
_30590,aes_cipher_top,top,bfs_h3
_30591,aes_cipher_top,top,bfs_h2
_30592,aes_cipher_top,top,bfs_h2
_30593,aes_cipher_top,top,bfs_h2
_30594,aes_cipher_top,top,bfs_h2
_30595,aes_cipher_top,top,bfs_h2
_30596,aes_cipher_top,top,bfs_h2
_30597,aes_cipher_top,top,bfs_h2
_30598,aes_cipher_top,top,bfs_h2
_30599,aes_cipher_top,top,bfs_h2
_30600,aes_cipher_top,top,bfs_h2
_30601,aes_cipher_top,top,bfs_h2
_30602,aes_cipher_top,top,bfs_h2
_30603,aes_cipher_top,top,bfs_h2
_30604,aes_cipher_top,top,bfs_h2
_30605,aes_cipher_top,top,bfs_h2
_30606,aes_cipher_top,top,bfs_h2
_30607,aes_cipher_top,top,bfs_h3
_30608,aes_cipher_top,top,bfs_h2
_30609,aes_cipher_top,top,bfs_h2
_30610,aes_cipher_top,top,bfs_h2
_30611,aes_cipher_top,top,bfs_h2
_30612,aes_cipher_top,top,bfs_h3
_30613,aes_cipher_top,top,bfs_h2
_30614,aes_cipher_top,top,bfs_h2
_30615,aes_cipher_top,top,bfs_h2
_30616,aes_cipher_top,top,bfs_h2
_30617,aes_cipher_top,top,bfs_h2
_30618,aes_cipher_top,top,bfs_h2
_30619,aes_cipher_top,top,bfs_h2
_30620,aes_cipher_top,top,bfs_h2
_30621,aes_cipher_top,top,bfs_h2
_30622,aes_cipher_top,top,bfs_h2
_30623,aes_cipher_top,top,bfs_h2
_30624,aes_cipher_top,top,bfs_h2
_30625,aes_cipher_top,top,bfs_h2
_30626,aes_cipher_top,top,bfs_h2
_30627,aes_cipher_top,top,bfs_h2
_30628,aes_cipher_top,top,bfs_h2
_30629,aes_cipher_top,top,bfs_h3
_30630,aes_cipher_top,top,bfs_h2
_30631,aes_cipher_top,top,bfs_h2
_30632,aes_cipher_top,top,bfs_h2
_30633,aes_cipher_top,top,bfs_h2
_30634,aes_cipher_top,top,bfs_h2
_30635,aes_cipher_top,top,bfs_h2
_30636,aes_cipher_top,top,bfs_h2
_30637,aes_cipher_top,top,bfs_h2
_30638,aes_cipher_top,top,bfs_h2
_30639,aes_cipher_top,top,bfs_h2
_30640,aes_cipher_top,top,bfs_h2
_30641,aes_cipher_top,top,bfs_h2
_30642,aes_cipher_top,top,bfs_h2
_30643,aes_cipher_top,top,bfs_h2
_30644,aes_cipher_top,top,bfs_h2
_30645,aes_cipher_top,top,bfs_h2
_30646,aes_cipher_top,top,bfs_h2
_30647,aes_cipher_top,top,bfs_h2
_30648,aes_cipher_top,top,bfs_h2
_30649,aes_cipher_top,top,bfs_h2
_30650,aes_cipher_top,top,bfs_h2
_30651,aes_cipher_top,top,bfs_h2
_30652,aes_cipher_top,top,bfs_h2
_30653,aes_cipher_top,top,bfs_h2
_30654,aes_cipher_top,top,bfs_h3
_30655,aes_cipher_top,top,bfs_h2
_30656,aes_cipher_top,top,bfs_h2
_30657,aes_key_expand_128_u0/aes_rcon_r0,rcon,bfs_h2
_30658,aes_key_expand_128_u0/aes_rcon_r0,rcon,bfs_h2
_30659,aes_key_expand_128_u0/aes_rcon_r0,rcon,bfs_h1
_30660,aes_key_expand_128_u0/aes_rcon_r0,rcon,bfs_h2
_30661,aes_key_expand_128_u0/aes_rcon_r0,rcon,bfs_h2
_30662,aes_key_expand_128_u0/aes_rcon_r0,rcon,bfs_h2
_30663,aes_key_expand_128_u0/aes_rcon_r0,rcon,bfs_h2
_30664,aes_key_expand_128_u0/aes_rcon_r0,rcon,bfs_h3
_30665,aes_key_expand_128_u0/aes_rcon_r0,rcon,bfs_h2
_30666,aes_key_expand_128_u0/aes_rcon_r0,rcon,bfs_h1
_30667,aes_key_expand_128_u0/aes_rcon_r0,rcon,bfs_h2
_30668,aes_key_expand_128_u0/aes_rcon_r0,rcon,bfs_h2
_30669,aes_key_expand_128_u0/aes_rcon_r0,rcon,bfs_h1
_30670,aes_key_expand_128_u0/aes_rcon_r0,rcon,bfs_h2
_30671,aes_key_expand_128_u0/aes_rcon_r0,rcon,bfs_h2
_30672,aes_key_expand_128_u0/aes_rcon_r0,rcon,bfs_h1
_30673,aes_key_expand_128_u0/aes_rcon_r0,rcon,bfs_h2
_30674,aes_key_expand_128_u0/aes_rcon_r0,rcon,bfs_h1
_30675,aes_key_expand_128_u0/aes_rcon_r0,rcon,bfs_h2
_30676,aes_key_expand_128_u0/aes_rcon_r0,rcon,bfs_h1
_30677,aes_key_expand_128_u0/aes_rcon_r0,rcon,bfs_h2
_30678,aes_key_expand_128_u0/aes_rcon_r0,rcon,bfs_h2
_30679,aes_key_expand_128_u0/aes_rcon_r0,rcon,bfs_h1
_30680,aes_key_expand_128_u0/aes_rcon_r0,rcon,bfs_h2
_30681,aes_key_expand_128_u0/aes_rcon_r0,rcon,bfs_h1
_30682,aes_key_expand_128_u0/aes_rcon_r0,rcon,bfs_h2
_30683,aes_key_expand_128_u0/aes_rcon_r0,rcon,bfs_h2
_30684,aes_key_expand_128_u0/aes_rcon_r0,rcon,bfs_h2
_30685,aes_cipher_top,top,bfs_h2
_30686,aes_cipher_top,top,bfs_h2
_30687,aes_cipher_top,top,bfs_h2
_30688,aes_cipher_top,top,bfs_h2
_30689,aes_cipher_top,top,bfs_h2
_30690,aes_cipher_top,top,bfs_h2
_30691,aes_key_expand_128_u0/aes_rcon_r0,rcon,bfs_h2
_30692,aes_key_expand_128_u0/aes_rcon_r0,rcon,bfs_h2
_30693,aes_key_expand_128_u0/aes_rcon_r0,rcon,bfs_h2
_30694,aes_key_expand_128_u0/aes_rcon_r0,rcon,bfs_h2
_30695,aes_key_expand_128_u0/aes_rcon_r0,rcon,bfs_h2
_30696,aes_key_expand_128_u0/aes_rcon_r0,rcon,bfs_h3
_30697,aes_key_expand_128_u0,key_expand,bfs_h2
_30698,aes_key_expand_128_u0,key_expand,bfs_h2
_30699,aes_key_expand_128_u0,key_expand,bfs_h2
_30700,aes_key_expand_128_u0,key_expand,bfs_h2
_30701,aes_key_expand_128_u0,key_expand,bfs_h2
_30702,aes_key_expand_128_u0,key_expand,bfs_h2
_30703,aes_key_expand_128_u0/aes_sbox_u0,kexp_sbox,bfs_h6
_30704,aes_key_expand_128_u0/aes_sbox_u0,kexp_sbox,bfs_h6
_30705,aes_key_expand_128_u0,key_expand,bfs_h2
_30706,aes_key_expand_128_u0,key_expand,bfs_h2
_30707,aes_key_expand_128_u0,key_expand,bfs_h2
_30708,aes_key_expand_128_u0,key_expand,bfs_h2
_30709,aes_cipher_top,top,bfs_h7
_30710,aes_cipher_top,top,bfs_h7
_30711,aes_key_expand_128_u0,key_expand,bfs_h2
_30712,aes_key_expand_128_u0,key_expand,bfs_h2
_30713,aes_key_expand_128_u0,key_expand,bfs_h2
_30714,aes_key_expand_128_u0,key_expand,bfs_h2
_30715,aes_key_expand_128_u0,key_expand,bfs_h2
_30716,aes_key_expand_128_u0,key_expand,bfs_h2
_30717,aes_key_expand_128_u0,key_expand,bfs_h2
_30718,aes_key_expand_128_u0/aes_sbox_u1,kexp_sbox,bfs_h5
_30719,aes_key_expand_128_u0/aes_sbox_u1,kexp_sbox,bfs_h5
_30720,aes_key_expand_128_u0,key_expand,bfs_h2
_30721,aes_key_expand_128_u0,key_expand,bfs_h2
_30722,aes_key_expand_128_u0,key_expand,bfs_h2
_30723,aes_key_expand_128_u0,key_expand,bfs_h2
_30724,aes_key_expand_128_u0/aes_sbox_u1,kexp_sbox,bfs_h5
_30725,aes_key_expand_128_u0/aes_sbox_u1,kexp_sbox,bfs_h5
_30726,aes_key_expand_128_u0,key_expand,bfs_h2
_30727,aes_key_expand_128_u0,key_expand,bfs_h2
_30728,aes_key_expand_128_u0,key_expand,bfs_h2
_30729,aes_key_expand_128_u0,key_expand,bfs_h2
_30730,aes_key_expand_128_u0,key_expand,bfs_h2
_30731,aes_key_expand_128_u0,key_expand,bfs_h2
_30732,aes_cipher_top,top,bfs_h6
_30733,aes_cipher_top,top,bfs_h6
_30734,aes_key_expand_128_u0,key_expand,bfs_h2
_30735,aes_key_expand_128_u0,key_expand,bfs_h2
_30736,aes_key_expand_128_u0,key_expand,bfs_h2
_30737,aes_key_expand_128_u0,key_expand,bfs_h2
_30738,aes_cipher_top,top,bfs_h6
_30739,aes_cipher_top,top,bfs_h6
_30740,aes_key_expand_128_u0,key_expand,bfs_h2
_30741,aes_key_expand_128_u0,key_expand,bfs_h2
_30742,aes_key_expand_128_u0,key_expand,bfs_h2
_30743,aes_key_expand_128_u0,key_expand,bfs_h2
_30744,aes_key_expand_128_u0,key_expand,bfs_h2
_30745,aes_key_expand_128_u0,key_expand,bfs_h2
_30746,aes_cipher_top,top,bfs_h7
_30747,aes_cipher_top,top,bfs_h7
_30748,aes_key_expand_128_u0,key_expand,bfs_h2
_30749,aes_key_expand_128_u0,key_expand,bfs_h2
_30750,aes_key_expand_128_u0,key_expand,bfs_h2
_30751,aes_key_expand_128_u0,key_expand,bfs_h2
_30752,aes_cipher_top,top,bfs_h7
_30753,aes_cipher_top,top,bfs_h7
_30754,aes_key_expand_128_u0/aes_sbox_u0,kexp_sbox,bfs_h4
_30755,aes_key_expand_128_u0/aes_sbox_u0,kexp_sbox,bfs_h4
_30756,aes_key_expand_128_u0/aes_sbox_u0,kexp_sbox,bfs_h4
_30757,aes_key_expand_128_u0/aes_sbox_u0,kexp_sbox,bfs_h4
_30758,aes_key_expand_128_u0/aes_sbox_u0,kexp_sbox,bfs_h4
_30759,aes_key_expand_128_u0/aes_sbox_u0,kexp_sbox,bfs_h4
_30760,aes_key_expand_128_u0/aes_sbox_u0,kexp_sbox,bfs_h4
_30761,aes_key_expand_128_u0/aes_sbox_u0,kexp_sbox,bfs_h5
_30762,aes_key_expand_128_u0/aes_sbox_u0,kexp_sbox,bfs_h5
_30763,aes_key_expand_128_u0/aes_sbox_u0,kexp_sbox,bfs_h5
_30764,aes_key_expand_128_u0/aes_sbox_u0,kexp_sbox,bfs_h5
_30765,aes_key_expand_128_u0/aes_sbox_u0,kexp_sbox,bfs_h5
_30766,aes_key_expand_128_u0/aes_sbox_u0,kexp_sbox,bfs_h5
_30767,aes_cipher_top,top,bfs_h5
_30768,aes_cipher_top,top,bfs_h5
_30769,aes_cipher_top,top,bfs_h5
_30770,aes_cipher_top,top,bfs_h5
_30771,aes_cipher_top,top,bfs_h5
_30772,aes_cipher_top,top,bfs_h5
_30773,aes_cipher_top,top,bfs_h5
_30774,aes_sbox_us01,main_sbox,bfs_h5
_30775,aes_sbox_us01,main_sbox,bfs_h5
_30776,aes_sbox_us01,main_sbox,bfs_h5
_30777,aes_sbox_us01,main_sbox,bfs_h5
_30778,aes_sbox_us01,main_sbox,bfs_h5
_30779,aes_sbox_us01,main_sbox,bfs_h5
_30780,aes_cipher_top,top,bfs_h6
_30781,aes_sbox_us02,main_sbox,bfs_h5
_30782,aes_sbox_us02,main_sbox,bfs_h6
_30783,aes_sbox_us02,main_sbox,bfs_h6
_30784,aes_sbox_us02,main_sbox,bfs_h6
_30785,aes_sbox_us02,main_sbox,bfs_h6
_30786,aes_sbox_us02,main_sbox,bfs_h6
_30787,aes_cipher_top,top,bfs_h6
_30788,aes_sbox_us02,main_sbox,bfs_h6
_30789,aes_sbox_us02,main_sbox,bfs_h6
_30790,aes_sbox_us02,main_sbox,bfs_h5
_30791,aes_sbox_us02,main_sbox,bfs_h5
_30792,aes_sbox_us02,main_sbox,bfs_h5
_30793,aes_sbox_us03,main_sbox,bfs_h6
_30794,aes_sbox_us03,main_sbox,bfs_h6
_30795,aes_sbox_us03,main_sbox,bfs_h6
_30796,aes_sbox_us03,main_sbox,bfs_h6
_30797,aes_sbox_us03,main_sbox,bfs_h6
_30798,aes_cipher_top,top,unassigned
_30799,aes_cipher_top,top,unassigned
_30800,aes_sbox_us03,main_sbox,bfs_h6
_30801,aes_cipher_top,top,unassigned
_30802,aes_cipher_top,top,unassigned
_30803,aes_sbox_us03,main_sbox,bfs_h5
_30804,aes_sbox_us03,main_sbox,bfs_h6
_30805,aes_cipher_top,top,unassigned
_30806,aes_key_expand_128_u0/aes_sbox_u1,kexp_sbox,bfs_h4
_30807,aes_sbox_us13,main_sbox,bfs_h6
_30808,aes_sbox_us13,main_sbox,bfs_h5
_30809,aes_sbox_us13,main_sbox,bfs_h6
_30810,aes_sbox_us13,main_sbox,bfs_h6
_30811,aes_sbox_us13,main_sbox,bfs_h5
_30812,aes_sbox_us13,main_sbox,bfs_h5
_30813,aes_sbox_us13,main_sbox,bfs_h6
_30814,aes_sbox_us13,main_sbox,bfs_h5
_30815,aes_sbox_us13,main_sbox,bfs_h5
_30816,aes_sbox_us13,main_sbox,bfs_h6
_30817,aes_sbox_us13,main_sbox,bfs_h6
_30818,aes_sbox_us13,main_sbox,bfs_h5
_30819,aes_cipher_top,top,bfs_h5
_30820,aes_key_expand_128_u0/aes_sbox_u1,kexp_sbox,bfs_h5
_30821,aes_sbox_us10,main_sbox,bfs_h5
_30822,aes_cipher_top,top,bfs_h5
_30823,aes_key_expand_128_u0/aes_sbox_u1,kexp_sbox,bfs_h5
_30824,aes_sbox_us10,main_sbox,bfs_h5
_30825,aes_cipher_top,top,bfs_h5
_30826,aes_key_expand_128_u0/aes_sbox_u1,kexp_sbox,bfs_h5
_30827,aes_sbox_us10,main_sbox,bfs_h5
_30828,aes_sbox_us10,main_sbox,bfs_h5
_30829,aes_key_expand_128_u0/aes_sbox_u1,kexp_sbox,bfs_h5
_30830,aes_key_expand_128_u0/aes_sbox_u1,kexp_sbox,bfs_h5
_30831,aes_sbox_us10,main_sbox,bfs_h5
_30832,aes_sbox_us12,main_sbox,bfs_h4
_30833,aes_sbox_us12,main_sbox,bfs_h4
_30834,aes_sbox_us12,main_sbox,bfs_h4
_30835,aes_sbox_us12,main_sbox,bfs_h4
_30836,aes_sbox_us12,main_sbox,bfs_h4
_30837,aes_sbox_us12,main_sbox,bfs_h4
_30838,aes_sbox_us12,main_sbox,bfs_h4
_30839,aes_sbox_us12,main_sbox,bfs_h4
_30840,aes_sbox_us12,main_sbox,bfs_h4
_30841,aes_sbox_us12,main_sbox,bfs_h4
_30842,aes_sbox_us12,main_sbox,bfs_h4
_30843,aes_sbox_us12,main_sbox,bfs_h4
_30844,aes_sbox_us12,main_sbox,bfs_h4
_30845,aes_key_expand_128_u0/aes_sbox_u1,kexp_sbox,bfs_h5
_30846,aes_sbox_us12,main_sbox,bfs_h5
_30847,aes_key_expand_128_u0/aes_sbox_u1,kexp_sbox,bfs_h5
_30848,aes_key_expand_128_u0/aes_sbox_u1,kexp_sbox,bfs_h4
_30849,aes_key_expand_128_u0/aes_sbox_u1,kexp_sbox,bfs_h4
_30850,aes_key_expand_128_u0/aes_sbox_u1,kexp_sbox,bfs_h4
_30851,aes_key_expand_128_u0/aes_sbox_u1,kexp_sbox,bfs_h4
_30852,aes_cipher_top,top,bfs_h6
_30853,aes_key_expand_128_u0/aes_sbox_u1,kexp_sbox,bfs_h5
_30854,aes_key_expand_128_u0/aes_sbox_u1,kexp_sbox,bfs_h5
_30855,aes_cipher_top,top,bfs_h6
_30856,aes_cipher_top,top,bfs_h6
_30857,aes_key_expand_128_u0/aes_sbox_u1,kexp_sbox,bfs_h5
_30858,aes_sbox_us20,main_sbox,bfs_h4
_30859,aes_sbox_us20,main_sbox,bfs_h4
_30860,aes_key_expand_128_u0/aes_sbox_u2,kexp_sbox,bfs_h4
_30861,aes_sbox_us20,main_sbox,bfs_h5
_30862,aes_sbox_us20,main_sbox,bfs_h4
_30863,aes_sbox_us20,main_sbox,bfs_h4
_30864,aes_key_expand_128_u0/aes_sbox_u2,kexp_sbox,bfs_h4
_30865,aes_sbox_us20,main_sbox,bfs_h5
_30866,aes_sbox_us20,main_sbox,bfs_h4
_30867,aes_sbox_us20,main_sbox,bfs_h5
_30868,aes_sbox_us20,main_sbox,bfs_h5
_30869,aes_sbox_us20,main_sbox,bfs_h4
_30870,aes_sbox_us20,main_sbox,bfs_h4
_30871,aes_sbox_us20,main_sbox,bfs_h5
_30872,aes_sbox_us20,main_sbox,bfs_h5
_30873,aes_sbox_us21,main_sbox,bfs_h4
_30874,aes_sbox_us21,main_sbox,bfs_h4
_30875,aes_sbox_us21,main_sbox,bfs_h5
_30876,aes_sbox_us21,main_sbox,bfs_h5
_30877,aes_sbox_us21,main_sbox,bfs_h4
_30878,aes_sbox_us21,main_sbox,bfs_h4
_30879,aes_sbox_us21,main_sbox,bfs_h5
_30880,aes_sbox_us21,main_sbox,bfs_h5
_30881,aes_sbox_us21,main_sbox,bfs_h5
_30882,aes_sbox_us21,main_sbox,bfs_h5
_30883,aes_sbox_us21,main_sbox,bfs_h5
_30884,aes_sbox_us21,main_sbox,bfs_h5
_30885,aes_sbox_us21,main_sbox,bfs_h5
_30886,aes_sbox_us21,main_sbox,bfs_h5
_30887,aes_sbox_us21,main_sbox,bfs_h5
_30888,aes_sbox_us22,main_sbox,bfs_h4
_30889,aes_sbox_us22,main_sbox,bfs_h4
_30890,aes_sbox_us22,main_sbox,bfs_h4
_30891,aes_sbox_us22,main_sbox,bfs_h4
_30892,aes_sbox_us22,main_sbox,bfs_h4
_30893,aes_sbox_us22,main_sbox,bfs_h4
_30894,aes_sbox_us22,main_sbox,bfs_h4
_30895,aes_sbox_us22,main_sbox,bfs_h4
_30896,aes_sbox_us22,main_sbox,bfs_h4
_30897,aes_sbox_us22,main_sbox,bfs_h4
_30898,aes_sbox_us22,main_sbox,bfs_h4
_30899,aes_sbox_us22,main_sbox,bfs_h4
_30900,aes_sbox_us22,main_sbox,bfs_h4
_30901,aes_sbox_us22,main_sbox,bfs_h4
_30902,aes_sbox_us22,main_sbox,bfs_h4
_30903,aes_sbox_us23,main_sbox,bfs_h5
_30904,aes_sbox_us23,main_sbox,bfs_h5
_30905,aes_sbox_us23,main_sbox,bfs_h5
_30906,aes_sbox_us23,main_sbox,bfs_h5
_30907,aes_sbox_us23,main_sbox,bfs_h4
_30908,aes_sbox_us23,main_sbox,bfs_h4
_30909,aes_sbox_us23,main_sbox,bfs_h4
_30910,aes_sbox_us23,main_sbox,bfs_h4
_30911,aes_sbox_us23,main_sbox,bfs_h5
_30912,aes_sbox_us23,main_sbox,bfs_h5
_30913,aes_sbox_us23,main_sbox,bfs_h5
_30914,aes_sbox_us23,main_sbox,bfs_h4
_30915,aes_sbox_us23,main_sbox,bfs_h4
_30916,aes_sbox_us23,main_sbox,bfs_h4
_30917,aes_sbox_us23,main_sbox,bfs_h4
_30918,aes_key_expand_128_u0/aes_sbox_u3,kexp_sbox,bfs_h4
_30919,aes_key_expand_128_u0/aes_sbox_u3,kexp_sbox,bfs_h5
_30920,aes_key_expand_128_u0/aes_sbox_u3,kexp_sbox,bfs_h5
_30921,aes_key_expand_128_u0/aes_sbox_u3,kexp_sbox,bfs_h5
_30922,aes_key_expand_128_u0/aes_sbox_u3,kexp_sbox,bfs_h5
_30923,aes_key_expand_128_u0/aes_sbox_u3,kexp_sbox,bfs_h5
_30924,aes_key_expand_128_u0/aes_sbox_u3,kexp_sbox,bfs_h5
_30925,aes_key_expand_128_u0/aes_sbox_u3,kexp_sbox,bfs_h5
_30926,aes_key_expand_128_u0/aes_sbox_u3,kexp_sbox,bfs_h5
_30927,aes_key_expand_128_u0/aes_sbox_u3,kexp_sbox,bfs_h5
_30928,aes_sbox_us31,main_sbox,bfs_h6
_30929,aes_sbox_us31,main_sbox,bfs_h6
_30930,aes_sbox_us31,main_sbox,bfs_h6
_30931,aes_sbox_us32,main_sbox,bfs_h5
_30932,aes_sbox_us32,main_sbox,bfs_h5
_30933,aes_sbox_us32,main_sbox,bfs_h5
_30934,aes_sbox_us32,main_sbox,bfs_h5
_30935,aes_sbox_us32,main_sbox,bfs_h5
_30936,aes_sbox_us32,main_sbox,bfs_h5
_30937,aes_sbox_us32,main_sbox,bfs_h5
_30938,aes_sbox_us32,main_sbox,bfs_h6
_30939,aes_sbox_us32,main_sbox,bfs_h6
_30940,aes_sbox_us32,main_sbox,bfs_h6
_30941,aes_sbox_us32,main_sbox,bfs_h5
_30942,aes_sbox_us32,main_sbox,bfs_h5
_30943,aes_sbox_us32,main_sbox,bfs_h5
_30944,aes_key_expand_128_u0/aes_sbox_u3,kexp_sbox,bfs_h5
_30945,aes_key_expand_128_u0/aes_sbox_u3,kexp_sbox,bfs_h5
_30946,aes_key_expand_128_u0/aes_sbox_u3,kexp_sbox,bfs_h5
_30947,aes_key_expand_128_u0/aes_sbox_u3,kexp_sbox,bfs_h5
_30948,aes_key_expand_128_u0/aes_sbox_u3,kexp_sbox,bfs_h5
_30949,aes_key_expand_128_u0/aes_sbox_u3,kexp_sbox,bfs_h5
_30950,aes_key_expand_128_u0/aes_sbox_u3,kexp_sbox,bfs_h5
_30951,aes_key_expand_128_u0/aes_sbox_u3,kexp_sbox,bfs_h5
_30952,aes_key_expand_128_u0/aes_sbox_u3,kexp_sbox,bfs_h5
_30953,aes_key_expand_128_u0/aes_sbox_u3,kexp_sbox,bfs_h5
_30954,aes_key_expand_128_u0/aes_sbox_u3,kexp_sbox,bfs_h5
_30955,aes_key_expand_128_u0/aes_sbox_u3,kexp_sbox,bfs_h5
_30956,aes_key_expand_128_u0/aes_sbox_u3,kexp_sbox,bfs_h5
_30957,aes_sbox_us33,main_sbox,bfs_h4
_30958,aes_sbox_us33,main_sbox,bfs_h4
_30959,aes_sbox_us33,main_sbox,bfs_h4
_30960,aes_sbox_us33,main_sbox,bfs_h4
_30961,aes_sbox_us33,main_sbox,bfs_h5
_30962,aes_sbox_us33,main_sbox,bfs_h5
_30963,aes_sbox_us33,main_sbox,bfs_h5
_30964,aes_sbox_us33,main_sbox,bfs_h4
_30965,aes_sbox_us33,main_sbox,bfs_h4
_30966,aes_sbox_us33,main_sbox,bfs_h4
_30967,aes_sbox_us30,main_sbox,bfs_h5
_30968,aes_sbox_us33,main_sbox,bfs_h5
_30969,aes_sbox_us33,main_sbox,bfs_h5
dcnt_0_SDFFE_PN0P,aes_cipher_top,top,named
dcnt_1_SDFFE_PN0P,aes_cipher_top,top,named
dcnt_2_SDFFE_PP0P,aes_cipher_top,top,named
dcnt_3_SDFFE_PN0P,aes_cipher_top,top,named
done,aes_cipher_top,top,bfs_h3
done_DFF_P,aes_cipher_top,top,named
key_0,aes_cipher_top,top,bfs_h6
key_1,aes_cipher_top,top,bfs_h6
key_10,aes_cipher_top,top,bfs_h5
key_100,aes_cipher_top,top,bfs_h4
key_101,aes_cipher_top,top,bfs_h4
key_113,aes_key_expand_128_u0,key_expand,bfs_h3
key_115,aes_key_expand_128_u0,key_expand,bfs_h3
key_116,aes_key_expand_128_u0,key_expand,bfs_h3
key_117,aes_key_expand_128_u0,key_expand,bfs_h3
key_118,aes_key_expand_128_u0,key_expand,bfs_h3
key_119,aes_key_expand_128_u0,key_expand,bfs_h3
key_120,aes_key_expand_128_u0,key_expand,bfs_h3
key_121,aes_key_expand_128_u0,key_expand,bfs_h3
key_122,aes_key_expand_128_u0,key_expand,bfs_h3
key_123,aes_key_expand_128_u0,key_expand,bfs_h3
key_124,aes_key_expand_128_u0,key_expand,bfs_h3
key_125,aes_key_expand_128_u0,key_expand,bfs_h3
key_126,aes_key_expand_128_u0,key_expand,bfs_h3
key_127,aes_key_expand_128_u0,key_expand,bfs_h3
key_13,aes_cipher_top,top,bfs_h7
key_15,aes_cipher_top,top,bfs_h7
key_18,aes_cipher_top,top,bfs_h4
key_2,aes_cipher_top,top,bfs_h5
key_22,aes_cipher_top,top,bfs_h5
key_23,aes_cipher_top,top,bfs_h5
key_24,aes_cipher_top,top,bfs_h5
key_25,aes_cipher_top,top,bfs_h5
key_26,aes_cipher_top,top,bfs_h5
key_30,aes_cipher_top,top,bfs_h7
key_31,aes_cipher_top,top,bfs_h5
key_32,aes_cipher_top,top,bfs_h6
key_33,aes_cipher_top,top,bfs_h6
key_35,aes_cipher_top,top,bfs_h6
key_36,aes_cipher_top,top,bfs_h6
key_37,aes_cipher_top,top,bfs_h6
key_38,aes_cipher_top,top,bfs_h6
key_39,aes_cipher_top,top,bfs_h6
key_40,aes_cipher_top,top,bfs_h6
key_41,aes_cipher_top,top,bfs_h6
key_43,aes_cipher_top,top,bfs_h6
key_44,aes_cipher_top,top,bfs_h6
key_45,aes_cipher_top,top,bfs_h6
key_46,aes_cipher_top,top,bfs_h6
key_47,aes_cipher_top,top,bfs_h6
key_48,aes_cipher_top,top,bfs_h6
key_49,aes_cipher_top,top,bfs_h6
key_50,aes_cipher_top,top,bfs_h6
key_51,aes_cipher_top,top,bfs_h6
key_52,aes_cipher_top,top,bfs_h6
key_53,aes_cipher_top,top,bfs_h6
key_54,aes_cipher_top,top,bfs_h6
key_55,aes_cipher_top,top,bfs_h6
key_59,aes_cipher_top,top,bfs_h5
key_6,aes_cipher_top,top,bfs_h7
key_60,aes_cipher_top,top,bfs_h5
key_61,aes_cipher_top,top,bfs_h5
key_64,aes_key_expand_128_u0,key_expand,bfs_h3
key_74,aes_key_expand_128_u0,key_expand,bfs_h3
key_75,aes_key_expand_128_u0,key_expand,bfs_h3
key_76,aes_key_expand_128_u0,key_expand,bfs_h3
key_77,aes_key_expand_128_u0,key_expand,bfs_h3
key_78,aes_key_expand_128_u0,key_expand,bfs_h3
key_79,aes_key_expand_128_u0,key_expand,bfs_h3
key_8,aes_cipher_top,top,bfs_h6
key_80,aes_key_expand_128_u0,key_expand,bfs_h3
key_82,aes_cipher_top,top,bfs_h6
key_88,aes_cipher_top,top,bfs_h6
key_91,aes_cipher_top,top,bfs_h6
key_92,aes_cipher_top,top,bfs_h6
key_93,aes_cipher_top,top,bfs_h6
key_94,aes_cipher_top,top,bfs_h6
key_95,aes_cipher_top,top,bfs_h6
key_96,aes_cipher_top,top,bfs_h4
key_97,aes_cipher_top,top,bfs_h4
key_98,aes_cipher_top,top,bfs_h4
key_99,aes_cipher_top,top,bfs_h4
ld,aes_cipher_top,top,bfs_h2
ld_r_DFF_P,aes_cipher_top,top,named
rst,aes_cipher_top,top,bfs_h3
sa00_sr_0_DFF_P,aes_cipher_top,top,named
sa00_sr_1_DFF_P,aes_cipher_top,top,named
sa00_sr_2_DFF_P,aes_cipher_top,top,named
sa00_sr_3_DFF_P,aes_cipher_top,top,named
sa00_sr_4_DFF_P,aes_cipher_top,top,named
sa00_sr_5_DFF_P,aes_cipher_top,top,named
sa00_sr_6_DFF_P,aes_cipher_top,top,named
sa00_sr_7_DFF_P,aes_cipher_top,top,named
sa01_sr_0_DFF_P,aes_cipher_top,top,named
sa01_sr_1_DFF_P,aes_cipher_top,top,named
sa01_sr_2_DFF_P,aes_cipher_top,top,named
sa01_sr_3_DFF_P,aes_cipher_top,top,named
sa01_sr_4_DFF_P,aes_cipher_top,top,named
sa01_sr_5_DFF_P,aes_cipher_top,top,named
sa01_sr_6_DFF_P,aes_cipher_top,top,named
sa01_sr_7_DFF_P,aes_cipher_top,top,named
sa02_sr_0_DFF_P,aes_cipher_top,top,named
sa02_sr_1_DFF_P,aes_cipher_top,top,named
sa02_sr_2_DFF_P,aes_cipher_top,top,named
sa02_sr_3_DFF_P,aes_cipher_top,top,named
sa02_sr_4_DFF_P,aes_cipher_top,top,named
sa02_sr_5_DFF_P,aes_cipher_top,top,named
sa02_sr_6_DFF_P,aes_cipher_top,top,named
sa02_sr_7_DFF_P,aes_cipher_top,top,named
sa03_sr_0_DFF_P,aes_cipher_top,top,named
sa03_sr_1_DFF_P,aes_cipher_top,top,named
sa03_sr_2_DFF_P,aes_cipher_top,top,named
sa03_sr_3_DFF_P,aes_cipher_top,top,named
sa03_sr_4_DFF_P,aes_cipher_top,top,named
sa03_sr_5_DFF_P,aes_cipher_top,top,named
sa03_sr_6_DFF_P,aes_cipher_top,top,named
sa03_sr_7_DFF_P,aes_cipher_top,top,named
sa10_sr_0_DFF_P,aes_cipher_top,top,named
sa10_sr_1_DFF_P,aes_cipher_top,top,named
sa10_sr_2_DFF_P,aes_cipher_top,top,named
sa10_sr_3_DFF_P,aes_cipher_top,top,named
sa10_sr_4_DFF_P,aes_cipher_top,top,named
sa10_sr_5_DFF_P,aes_cipher_top,top,named
sa10_sr_6_DFF_P,aes_cipher_top,top,named
sa10_sr_7_DFF_P,aes_cipher_top,top,named
sa11_sr_0_DFF_P,aes_cipher_top,top,named
sa11_sr_1_DFF_P,aes_cipher_top,top,named
sa11_sr_2_DFF_P,aes_cipher_top,top,named
sa11_sr_3_DFF_P,aes_cipher_top,top,named
sa11_sr_4_DFF_P,aes_cipher_top,top,named
sa11_sr_5_DFF_P,aes_cipher_top,top,named
sa11_sr_6_DFF_P,aes_cipher_top,top,named
sa11_sr_7_DFF_P,aes_cipher_top,top,named
sa12_sr_0_DFF_P,aes_cipher_top,top,named
sa12_sr_1_DFF_P,aes_cipher_top,top,named
sa12_sr_2_DFF_P,aes_cipher_top,top,named
sa12_sr_3_DFF_P,aes_cipher_top,top,named
sa12_sr_4_DFF_P,aes_cipher_top,top,named
sa12_sr_5_DFF_P,aes_cipher_top,top,named
sa12_sr_6_DFF_P,aes_cipher_top,top,named
sa12_sr_7_DFF_P,aes_cipher_top,top,named
sa13_sr_0_DFF_P,aes_cipher_top,top,named
sa13_sr_1_DFF_P,aes_cipher_top,top,named
sa13_sr_2_DFF_P,aes_cipher_top,top,named
sa13_sr_3_DFF_P,aes_cipher_top,top,named
sa13_sr_4_DFF_P,aes_cipher_top,top,named
sa13_sr_5_DFF_P,aes_cipher_top,top,named
sa13_sr_6_DFF_P,aes_cipher_top,top,named
sa13_sr_7_DFF_P,aes_cipher_top,top,named
sa20_sr_0_DFF_P,aes_cipher_top,top,named
sa20_sr_1_DFF_P,aes_cipher_top,top,named
sa20_sr_2_DFF_P,aes_cipher_top,top,named
sa20_sr_3_DFF_P,aes_cipher_top,top,named
sa20_sr_4_DFF_P,aes_cipher_top,top,named
sa20_sr_5_DFF_P,aes_cipher_top,top,named
sa20_sr_6_DFF_P,aes_cipher_top,top,named
sa20_sr_7_DFF_P,aes_cipher_top,top,named
sa21_sr_0_DFF_P,aes_cipher_top,top,named
sa21_sr_1_DFF_P,aes_cipher_top,top,named
sa21_sr_2_DFF_P,aes_cipher_top,top,named
sa21_sr_3_DFF_P,aes_cipher_top,top,named
sa21_sr_4_DFF_P,aes_cipher_top,top,named
sa21_sr_5_DFF_P,aes_cipher_top,top,named
sa21_sr_6_DFF_P,aes_cipher_top,top,named
sa21_sr_7_DFF_P,aes_cipher_top,top,named
sa22_sr_0_DFF_P,aes_cipher_top,top,named
sa22_sr_1_DFF_P,aes_cipher_top,top,named
sa22_sr_2_DFF_P,aes_cipher_top,top,named
sa22_sr_3_DFF_P,aes_cipher_top,top,named
sa22_sr_4_DFF_P,aes_cipher_top,top,named
sa22_sr_5_DFF_P,aes_cipher_top,top,named
sa22_sr_6_DFF_P,aes_cipher_top,top,named
sa22_sr_7_DFF_P,aes_cipher_top,top,named
sa23_sr_0_DFF_P,aes_cipher_top,top,named
sa23_sr_1_DFF_P,aes_cipher_top,top,named
sa23_sr_2_DFF_P,aes_cipher_top,top,named
sa23_sr_3_DFF_P,aes_cipher_top,top,named
sa23_sr_4_DFF_P,aes_cipher_top,top,named
sa23_sr_5_DFF_P,aes_cipher_top,top,named
sa23_sr_6_DFF_P,aes_cipher_top,top,named
sa23_sr_7_DFF_P,aes_cipher_top,top,named
sa30_sr_0_DFF_P,aes_cipher_top,top,named
sa30_sr_1_DFF_P,aes_cipher_top,top,named
sa30_sr_2_DFF_P,aes_cipher_top,top,named
sa30_sr_3_DFF_P,aes_cipher_top,top,named
sa30_sr_4_DFF_P,aes_cipher_top,top,named
sa30_sr_5_DFF_P,aes_cipher_top,top,named
sa30_sr_6_DFF_P,aes_cipher_top,top,named
sa30_sr_7_DFF_P,aes_cipher_top,top,named
sa31_sr_0_DFF_P,aes_cipher_top,top,named
sa31_sr_1_DFF_P,aes_cipher_top,top,named
sa31_sr_2_DFF_P,aes_cipher_top,top,named
sa31_sr_3_DFF_P,aes_cipher_top,top,named
sa31_sr_4_DFF_P,aes_cipher_top,top,named
sa31_sr_5_DFF_P,aes_cipher_top,top,named
sa31_sr_6_DFF_P,aes_cipher_top,top,named
sa31_sr_7_DFF_P,aes_cipher_top,top,named
sa32_sr_0_DFF_P,aes_cipher_top,top,named
sa32_sr_1_DFF_P,aes_cipher_top,top,named
sa32_sr_2_DFF_P,aes_cipher_top,top,named
sa32_sr_3_DFF_P,aes_cipher_top,top,named
sa32_sr_4_DFF_P,aes_cipher_top,top,named
sa32_sr_5_DFF_P,aes_cipher_top,top,named
sa32_sr_6_DFF_P,aes_cipher_top,top,named
sa32_sr_7_DFF_P,aes_cipher_top,top,named
sa33_sr_0_DFF_P,aes_cipher_top,top,named
sa33_sr_1_DFF_P,aes_cipher_top,top,named
sa33_sr_2_DFF_P,aes_cipher_top,top,named
sa33_sr_3_DFF_P,aes_cipher_top,top,named
sa33_sr_4_DFF_P,aes_cipher_top,top,named
sa33_sr_5_DFF_P,aes_cipher_top,top,named
sa33_sr_6_DFF_P,aes_cipher_top,top,named
sa33_sr_7_DFF_P,aes_cipher_top,top,named
text_in_0,aes_cipher_top,top,bfs_h3
text_in_1,aes_cipher_top,top,bfs_h3
text_in_10,aes_cipher_top,top,bfs_h3
text_in_100,aes_cipher_top,top,bfs_h3
text_in_101,aes_cipher_top,top,bfs_h3
text_in_102,aes_cipher_top,top,bfs_h3
text_in_103,aes_cipher_top,top,bfs_h3
text_in_104,aes_cipher_top,top,bfs_h3
text_in_105,aes_cipher_top,top,bfs_h3
text_in_106,aes_cipher_top,top,bfs_h3
text_in_107,aes_cipher_top,top,bfs_h3
text_in_108,aes_cipher_top,top,bfs_h3
text_in_109,aes_cipher_top,top,bfs_h3
text_in_11,aes_cipher_top,top,bfs_h3
text_in_110,aes_cipher_top,top,bfs_h3
text_in_111,aes_cipher_top,top,bfs_h3
text_in_112,aes_cipher_top,top,bfs_h3
text_in_113,aes_cipher_top,top,bfs_h3
text_in_114,aes_cipher_top,top,bfs_h3
text_in_115,aes_cipher_top,top,bfs_h3
text_in_116,aes_cipher_top,top,bfs_h3
text_in_117,aes_cipher_top,top,bfs_h3
text_in_118,aes_cipher_top,top,bfs_h3
text_in_119,aes_cipher_top,top,bfs_h3
text_in_12,aes_cipher_top,top,bfs_h3
text_in_120,aes_cipher_top,top,bfs_h3
text_in_121,aes_cipher_top,top,bfs_h3
text_in_122,aes_cipher_top,top,bfs_h3
text_in_123,aes_cipher_top,top,bfs_h3
text_in_124,aes_cipher_top,top,bfs_h3
text_in_125,aes_cipher_top,top,bfs_h3
text_in_126,aes_cipher_top,top,bfs_h3
text_in_127,aes_cipher_top,top,bfs_h3
text_in_13,aes_cipher_top,top,bfs_h3
text_in_14,aes_cipher_top,top,bfs_h3
text_in_15,aes_cipher_top,top,bfs_h3
text_in_16,aes_cipher_top,top,bfs_h3
text_in_17,aes_cipher_top,top,bfs_h3
text_in_18,aes_cipher_top,top,bfs_h3
text_in_19,aes_cipher_top,top,bfs_h3
text_in_2,aes_cipher_top,top,bfs_h3
text_in_20,aes_cipher_top,top,bfs_h3
text_in_21,aes_cipher_top,top,bfs_h3
text_in_22,aes_cipher_top,top,bfs_h3
text_in_23,aes_cipher_top,top,bfs_h3
text_in_24,aes_cipher_top,top,bfs_h3
text_in_25,aes_cipher_top,top,bfs_h3
text_in_26,aes_cipher_top,top,bfs_h3
text_in_27,aes_cipher_top,top,bfs_h3
text_in_28,aes_cipher_top,top,bfs_h3
text_in_29,aes_cipher_top,top,bfs_h3
text_in_3,aes_cipher_top,top,bfs_h3
text_in_30,aes_cipher_top,top,bfs_h3
text_in_31,aes_cipher_top,top,bfs_h3
text_in_32,aes_cipher_top,top,bfs_h3
text_in_33,aes_cipher_top,top,bfs_h3
text_in_34,aes_cipher_top,top,bfs_h3
text_in_35,aes_cipher_top,top,bfs_h3
text_in_36,aes_cipher_top,top,bfs_h3
text_in_37,aes_cipher_top,top,bfs_h3
text_in_38,aes_cipher_top,top,bfs_h3
text_in_39,aes_cipher_top,top,bfs_h3
text_in_4,aes_cipher_top,top,bfs_h3
text_in_40,aes_cipher_top,top,bfs_h3
text_in_41,aes_cipher_top,top,bfs_h3
text_in_42,aes_cipher_top,top,bfs_h3
text_in_43,aes_cipher_top,top,bfs_h3
text_in_44,aes_cipher_top,top,bfs_h3
text_in_45,aes_cipher_top,top,bfs_h3
text_in_46,aes_cipher_top,top,bfs_h3
text_in_47,aes_cipher_top,top,bfs_h3
text_in_48,aes_cipher_top,top,bfs_h3
text_in_49,aes_cipher_top,top,bfs_h3
text_in_5,aes_cipher_top,top,bfs_h3
text_in_50,aes_cipher_top,top,bfs_h3
text_in_51,aes_cipher_top,top,bfs_h3
text_in_52,aes_cipher_top,top,bfs_h3
text_in_53,aes_cipher_top,top,bfs_h3
text_in_54,aes_cipher_top,top,bfs_h3
text_in_55,aes_cipher_top,top,bfs_h3
text_in_56,aes_cipher_top,top,bfs_h3
text_in_57,aes_cipher_top,top,bfs_h3
text_in_58,aes_cipher_top,top,bfs_h3
text_in_59,aes_cipher_top,top,bfs_h3
text_in_6,aes_cipher_top,top,bfs_h3
text_in_60,aes_cipher_top,top,bfs_h3
text_in_61,aes_cipher_top,top,bfs_h3
text_in_62,aes_cipher_top,top,bfs_h3
text_in_63,aes_cipher_top,top,bfs_h3
text_in_64,aes_cipher_top,top,bfs_h3
text_in_65,aes_cipher_top,top,bfs_h3
text_in_66,aes_cipher_top,top,bfs_h3
text_in_67,aes_cipher_top,top,bfs_h3
text_in_68,aes_cipher_top,top,bfs_h3
text_in_69,aes_cipher_top,top,bfs_h3
text_in_7,aes_cipher_top,top,bfs_h3
text_in_70,aes_cipher_top,top,bfs_h3
text_in_71,aes_cipher_top,top,bfs_h3
text_in_72,aes_cipher_top,top,bfs_h3
text_in_73,aes_cipher_top,top,bfs_h3
text_in_74,aes_cipher_top,top,bfs_h3
text_in_75,aes_cipher_top,top,bfs_h3
text_in_76,aes_cipher_top,top,bfs_h3
text_in_77,aes_cipher_top,top,bfs_h3
text_in_78,aes_cipher_top,top,bfs_h3
text_in_79,aes_cipher_top,top,bfs_h3
text_in_8,aes_cipher_top,top,bfs_h3
text_in_80,aes_cipher_top,top,bfs_h3
text_in_81,aes_cipher_top,top,bfs_h3
text_in_82,aes_cipher_top,top,bfs_h3
text_in_83,aes_cipher_top,top,bfs_h3
text_in_84,aes_cipher_top,top,bfs_h3
text_in_85,aes_cipher_top,top,bfs_h3
text_in_86,aes_cipher_top,top,bfs_h3
text_in_87,aes_cipher_top,top,bfs_h3
text_in_88,aes_cipher_top,top,bfs_h3
text_in_89,aes_cipher_top,top,bfs_h3
text_in_9,aes_cipher_top,top,bfs_h3
text_in_90,aes_cipher_top,top,bfs_h3
text_in_91,aes_cipher_top,top,bfs_h3
text_in_92,aes_cipher_top,top,bfs_h3
text_in_93,aes_cipher_top,top,bfs_h3
text_in_94,aes_cipher_top,top,bfs_h3
text_in_95,aes_cipher_top,top,bfs_h3
text_in_96,aes_cipher_top,top,bfs_h3
text_in_97,aes_cipher_top,top,bfs_h3
text_in_98,aes_cipher_top,top,bfs_h3
text_in_99,aes_cipher_top,top,bfs_h3
text_in_r_0_DFFE_PP,aes_cipher_top,top,named
text_in_r_100_DFFE_PP,aes_cipher_top,top,named
text_in_r_101_DFFE_PP,aes_cipher_top,top,named
text_in_r_102_DFFE_PP,aes_cipher_top,top,named
text_in_r_103_DFFE_PP,aes_cipher_top,top,named
text_in_r_104_DFFE_PP,aes_cipher_top,top,named
text_in_r_105_DFFE_PP,aes_cipher_top,top,named
text_in_r_106_DFFE_PP,aes_cipher_top,top,named
text_in_r_107_DFFE_PP,aes_cipher_top,top,named
text_in_r_108_DFFE_PP,aes_cipher_top,top,named
text_in_r_109_DFFE_PP,aes_cipher_top,top,named
text_in_r_10_DFFE_PP,aes_cipher_top,top,named
text_in_r_110_DFFE_PP,aes_cipher_top,top,named
text_in_r_111_DFFE_PP,aes_cipher_top,top,named
text_in_r_112_DFFE_PP,aes_cipher_top,top,named
text_in_r_113_DFFE_PP,aes_cipher_top,top,named
text_in_r_114_DFFE_PP,aes_cipher_top,top,named
text_in_r_115_DFFE_PP,aes_cipher_top,top,named
text_in_r_116_DFFE_PP,aes_cipher_top,top,named
text_in_r_117_DFFE_PP,aes_cipher_top,top,named
text_in_r_118_DFFE_PP,aes_cipher_top,top,named
text_in_r_119_DFFE_PP,aes_cipher_top,top,named
text_in_r_11_DFFE_PP,aes_cipher_top,top,named
text_in_r_120_DFFE_PP,aes_cipher_top,top,named
text_in_r_121_DFFE_PP,aes_cipher_top,top,named
text_in_r_122_DFFE_PP,aes_cipher_top,top,named
text_in_r_123_DFFE_PP,aes_cipher_top,top,named
text_in_r_124_DFFE_PP,aes_cipher_top,top,named
text_in_r_125_DFFE_PP,aes_cipher_top,top,named
text_in_r_126_DFFE_PP,aes_cipher_top,top,named
text_in_r_127_DFFE_PP,aes_cipher_top,top,named
text_in_r_12_DFFE_PP,aes_cipher_top,top,named
text_in_r_13_DFFE_PP,aes_cipher_top,top,named
text_in_r_14_DFFE_PP,aes_cipher_top,top,named
text_in_r_15_DFFE_PP,aes_cipher_top,top,named
text_in_r_16_DFFE_PP,aes_cipher_top,top,named
text_in_r_17_DFFE_PP,aes_cipher_top,top,named
text_in_r_18_DFFE_PP,aes_cipher_top,top,named
text_in_r_19_DFFE_PP,aes_cipher_top,top,named
text_in_r_1_DFFE_PP,aes_cipher_top,top,named
text_in_r_20_DFFE_PP,aes_cipher_top,top,named
text_in_r_21_DFFE_PP,aes_cipher_top,top,named
text_in_r_22_DFFE_PP,aes_cipher_top,top,named
text_in_r_23_DFFE_PP,aes_cipher_top,top,named
text_in_r_24_DFFE_PP,aes_cipher_top,top,named
text_in_r_25_DFFE_PP,aes_cipher_top,top,named
text_in_r_26_DFFE_PP,aes_cipher_top,top,named
text_in_r_27_DFFE_PP,aes_cipher_top,top,named
text_in_r_28_DFFE_PP,aes_cipher_top,top,named
text_in_r_29_DFFE_PP,aes_cipher_top,top,named
text_in_r_2_DFFE_PP,aes_cipher_top,top,named
text_in_r_30_DFFE_PP,aes_cipher_top,top,named
text_in_r_31_DFFE_PP,aes_cipher_top,top,named
text_in_r_32_DFFE_PP,aes_cipher_top,top,named
text_in_r_33_DFFE_PP,aes_cipher_top,top,named
text_in_r_34_DFFE_PP,aes_cipher_top,top,named
text_in_r_35_DFFE_PP,aes_cipher_top,top,named
text_in_r_36_DFFE_PP,aes_cipher_top,top,named
text_in_r_37_DFFE_PP,aes_cipher_top,top,named
text_in_r_38_DFFE_PP,aes_cipher_top,top,named
text_in_r_39_DFFE_PP,aes_cipher_top,top,named
text_in_r_3_DFFE_PP,aes_cipher_top,top,named
text_in_r_40_DFFE_PP,aes_cipher_top,top,named
text_in_r_41_DFFE_PP,aes_cipher_top,top,named
text_in_r_42_DFFE_PP,aes_cipher_top,top,named
text_in_r_43_DFFE_PP,aes_cipher_top,top,named
text_in_r_44_DFFE_PP,aes_cipher_top,top,named
text_in_r_45_DFFE_PP,aes_cipher_top,top,named
text_in_r_46_DFFE_PP,aes_cipher_top,top,named
text_in_r_47_DFFE_PP,aes_cipher_top,top,named
text_in_r_48_DFFE_PP,aes_cipher_top,top,named
text_in_r_49_DFFE_PP,aes_cipher_top,top,named
text_in_r_4_DFFE_PP,aes_cipher_top,top,named
text_in_r_50_DFFE_PP,aes_cipher_top,top,named
text_in_r_51_DFFE_PP,aes_cipher_top,top,named
text_in_r_52_DFFE_PP,aes_cipher_top,top,named
text_in_r_53_DFFE_PP,aes_cipher_top,top,named
text_in_r_54_DFFE_PP,aes_cipher_top,top,named
text_in_r_55_DFFE_PP,aes_cipher_top,top,named
text_in_r_56_DFFE_PP,aes_cipher_top,top,named
text_in_r_57_DFFE_PP,aes_cipher_top,top,named
text_in_r_58_DFFE_PP,aes_cipher_top,top,named
text_in_r_59_DFFE_PP,aes_cipher_top,top,named
text_in_r_5_DFFE_PP,aes_cipher_top,top,named
text_in_r_60_DFFE_PP,aes_cipher_top,top,named
text_in_r_61_DFFE_PP,aes_cipher_top,top,named
text_in_r_62_DFFE_PP,aes_cipher_top,top,named
text_in_r_63_DFFE_PP,aes_cipher_top,top,named
text_in_r_64_DFFE_PP,aes_cipher_top,top,named
text_in_r_65_DFFE_PP,aes_cipher_top,top,named
text_in_r_66_DFFE_PP,aes_cipher_top,top,named
text_in_r_67_DFFE_PP,aes_cipher_top,top,named
text_in_r_68_DFFE_PP,aes_cipher_top,top,named
text_in_r_69_DFFE_PP,aes_cipher_top,top,named
text_in_r_6_DFFE_PP,aes_cipher_top,top,named
text_in_r_70_DFFE_PP,aes_cipher_top,top,named
text_in_r_71_DFFE_PP,aes_cipher_top,top,named
text_in_r_72_DFFE_PP,aes_cipher_top,top,named
text_in_r_73_DFFE_PP,aes_cipher_top,top,named
text_in_r_74_DFFE_PP,aes_cipher_top,top,named
text_in_r_75_DFFE_PP,aes_cipher_top,top,named
text_in_r_76_DFFE_PP,aes_cipher_top,top,named
text_in_r_77_DFFE_PP,aes_cipher_top,top,named
text_in_r_78_DFFE_PP,aes_cipher_top,top,named
text_in_r_79_DFFE_PP,aes_cipher_top,top,named
text_in_r_7_DFFE_PP,aes_cipher_top,top,named
text_in_r_80_DFFE_PP,aes_cipher_top,top,named
text_in_r_81_DFFE_PP,aes_cipher_top,top,named
text_in_r_82_DFFE_PP,aes_cipher_top,top,named
text_in_r_83_DFFE_PP,aes_cipher_top,top,named
text_in_r_84_DFFE_PP,aes_cipher_top,top,named
text_in_r_85_DFFE_PP,aes_cipher_top,top,named
text_in_r_86_DFFE_PP,aes_cipher_top,top,named
text_in_r_87_DFFE_PP,aes_cipher_top,top,named
text_in_r_88_DFFE_PP,aes_cipher_top,top,named
text_in_r_89_DFFE_PP,aes_cipher_top,top,named
text_in_r_8_DFFE_PP,aes_cipher_top,top,named
text_in_r_90_DFFE_PP,aes_cipher_top,top,named
text_in_r_91_DFFE_PP,aes_cipher_top,top,named
text_in_r_92_DFFE_PP,aes_cipher_top,top,named
text_in_r_93_DFFE_PP,aes_cipher_top,top,named
text_in_r_94_DFFE_PP,aes_cipher_top,top,named
text_in_r_95_DFFE_PP,aes_cipher_top,top,named
text_in_r_96_DFFE_PP,aes_cipher_top,top,named
text_in_r_97_DFFE_PP,aes_cipher_top,top,named
text_in_r_98_DFFE_PP,aes_cipher_top,top,named
text_in_r_99_DFFE_PP,aes_cipher_top,top,named
text_in_r_9_DFFE_PP,aes_cipher_top,top,named
text_out_0,aes_cipher_top,top,bfs_h3
text_out_0_DFF_P,aes_cipher_top,top,named
text_out_1,aes_cipher_top,top,bfs_h3
text_out_10,aes_cipher_top,top,bfs_h3
text_out_100,aes_cipher_top,top,bfs_h3
text_out_100_DFF_P,aes_cipher_top,top,named
text_out_101,aes_cipher_top,top,bfs_h3
text_out_101_DFF_P,aes_cipher_top,top,named
text_out_102,aes_cipher_top,top,bfs_h3
text_out_102_DFF_P,aes_cipher_top,top,named
text_out_103,aes_cipher_top,top,bfs_h3
text_out_103_DFF_P,aes_cipher_top,top,named
text_out_104,aes_cipher_top,top,bfs_h3
text_out_104_DFF_P,aes_cipher_top,top,named
text_out_105,aes_cipher_top,top,bfs_h3
text_out_105_DFF_P,aes_cipher_top,top,named
text_out_106,aes_cipher_top,top,bfs_h3
text_out_106_DFF_P,aes_cipher_top,top,named
text_out_107,aes_cipher_top,top,bfs_h3
text_out_107_DFF_P,aes_cipher_top,top,named
text_out_108,aes_cipher_top,top,bfs_h3
text_out_108_DFF_P,aes_cipher_top,top,named
text_out_109,aes_cipher_top,top,bfs_h3
text_out_109_DFF_P,aes_cipher_top,top,named
text_out_10_DFF_P,aes_cipher_top,top,named
text_out_11,aes_cipher_top,top,bfs_h3
text_out_110,aes_cipher_top,top,bfs_h3
text_out_110_DFF_P,aes_cipher_top,top,named
text_out_111,aes_cipher_top,top,bfs_h3
text_out_111_DFF_P,aes_cipher_top,top,named
text_out_112,aes_cipher_top,top,bfs_h3
text_out_112_DFF_P,aes_cipher_top,top,named
text_out_113,aes_cipher_top,top,bfs_h3
text_out_113_DFF_P,aes_cipher_top,top,named
text_out_114,aes_cipher_top,top,bfs_h3
text_out_114_DFF_P,aes_cipher_top,top,named
text_out_115,aes_cipher_top,top,bfs_h3
text_out_115_DFF_P,aes_cipher_top,top,named
text_out_116,aes_cipher_top,top,bfs_h3
text_out_116_DFF_P,aes_cipher_top,top,named
text_out_117,aes_cipher_top,top,bfs_h3
text_out_117_DFF_P,aes_cipher_top,top,named
text_out_118,aes_cipher_top,top,bfs_h3
text_out_118_DFF_P,aes_cipher_top,top,named
text_out_119,aes_cipher_top,top,bfs_h3
text_out_119_DFF_P,aes_cipher_top,top,named
text_out_11_DFF_P,aes_cipher_top,top,named
text_out_12,aes_cipher_top,top,bfs_h3
text_out_120,aes_cipher_top,top,bfs_h3
text_out_120_DFF_P,aes_cipher_top,top,named
text_out_121,aes_cipher_top,top,bfs_h3
text_out_121_DFF_P,aes_cipher_top,top,named
text_out_122,aes_cipher_top,top,bfs_h3
text_out_122_DFF_P,aes_cipher_top,top,named
text_out_123,aes_cipher_top,top,bfs_h3
text_out_123_DFF_P,aes_cipher_top,top,named
text_out_124,aes_cipher_top,top,bfs_h3
text_out_124_DFF_P,aes_cipher_top,top,named
text_out_125,aes_cipher_top,top,bfs_h3
text_out_125_DFF_P,aes_cipher_top,top,named
text_out_126,aes_cipher_top,top,bfs_h3
text_out_126_DFF_P,aes_cipher_top,top,named
text_out_127,aes_cipher_top,top,bfs_h3
text_out_127_DFF_P,aes_cipher_top,top,named
text_out_12_DFF_P,aes_cipher_top,top,named
text_out_13,aes_cipher_top,top,bfs_h3
text_out_13_DFF_P,aes_cipher_top,top,named
text_out_14,aes_cipher_top,top,bfs_h3
text_out_14_DFF_P,aes_cipher_top,top,named
text_out_15,aes_cipher_top,top,bfs_h3
text_out_15_DFF_P,aes_cipher_top,top,named
text_out_16,aes_cipher_top,top,bfs_h3
text_out_16_DFF_P,aes_cipher_top,top,named
text_out_17,aes_cipher_top,top,bfs_h3
text_out_17_DFF_P,aes_cipher_top,top,named
text_out_18,aes_cipher_top,top,bfs_h3
text_out_18_DFF_P,aes_cipher_top,top,named
text_out_19,aes_cipher_top,top,bfs_h3
text_out_19_DFF_P,aes_cipher_top,top,named
text_out_1_DFF_P,aes_cipher_top,top,named
text_out_2,aes_cipher_top,top,bfs_h3
text_out_20,aes_cipher_top,top,bfs_h3
text_out_20_DFF_P,aes_cipher_top,top,named
text_out_21,aes_cipher_top,top,bfs_h3
text_out_21_DFF_P,aes_cipher_top,top,named
text_out_22,aes_cipher_top,top,bfs_h3
text_out_22_DFF_P,aes_cipher_top,top,named
text_out_23,aes_cipher_top,top,bfs_h3
text_out_23_DFF_P,aes_cipher_top,top,named
text_out_24,aes_cipher_top,top,bfs_h3
text_out_24_DFF_P,aes_cipher_top,top,named
text_out_25,aes_cipher_top,top,bfs_h3
text_out_25_DFF_P,aes_cipher_top,top,named
text_out_26,aes_cipher_top,top,bfs_h3
text_out_26_DFF_P,aes_cipher_top,top,named
text_out_27,aes_cipher_top,top,bfs_h3
text_out_27_DFF_P,aes_cipher_top,top,named
text_out_28,aes_cipher_top,top,bfs_h3
text_out_28_DFF_P,aes_cipher_top,top,named
text_out_29,aes_cipher_top,top,bfs_h3
text_out_29_DFF_P,aes_cipher_top,top,named
text_out_2_DFF_P,aes_cipher_top,top,named
text_out_3,aes_cipher_top,top,bfs_h3
text_out_30,aes_cipher_top,top,bfs_h3
text_out_30_DFF_P,aes_cipher_top,top,named
text_out_31,aes_cipher_top,top,bfs_h3
text_out_31_DFF_P,aes_cipher_top,top,named
text_out_32,aes_cipher_top,top,bfs_h3
text_out_32_DFF_P,aes_cipher_top,top,named
text_out_33,aes_cipher_top,top,bfs_h3
text_out_33_DFF_P,aes_cipher_top,top,named
text_out_34,aes_cipher_top,top,bfs_h3
text_out_34_DFF_P,aes_cipher_top,top,named
text_out_35,aes_cipher_top,top,bfs_h3
text_out_35_DFF_P,aes_cipher_top,top,named
text_out_36,aes_cipher_top,top,bfs_h3
text_out_36_DFF_P,aes_cipher_top,top,named
text_out_37,aes_cipher_top,top,bfs_h3
text_out_37_DFF_P,aes_cipher_top,top,named
text_out_38,aes_cipher_top,top,bfs_h3
text_out_38_DFF_P,aes_cipher_top,top,named
text_out_39,aes_cipher_top,top,bfs_h3
text_out_39_DFF_P,aes_cipher_top,top,named
text_out_3_DFF_P,aes_cipher_top,top,named
text_out_4,aes_cipher_top,top,bfs_h3
text_out_40,aes_cipher_top,top,bfs_h3
text_out_40_DFF_P,aes_cipher_top,top,named
text_out_41,aes_cipher_top,top,bfs_h3
text_out_41_DFF_P,aes_cipher_top,top,named
text_out_42,aes_cipher_top,top,bfs_h3
text_out_42_DFF_P,aes_cipher_top,top,named
text_out_43,aes_cipher_top,top,bfs_h3
text_out_43_DFF_P,aes_cipher_top,top,named
text_out_44,aes_cipher_top,top,bfs_h3
text_out_44_DFF_P,aes_cipher_top,top,named
text_out_45,aes_cipher_top,top,bfs_h3
text_out_45_DFF_P,aes_cipher_top,top,named
text_out_46,aes_cipher_top,top,bfs_h3
text_out_46_DFF_P,aes_cipher_top,top,named
text_out_47,aes_cipher_top,top,bfs_h3
text_out_47_DFF_P,aes_cipher_top,top,named
text_out_48,aes_cipher_top,top,bfs_h3
text_out_48_DFF_P,aes_cipher_top,top,named
text_out_49,aes_cipher_top,top,bfs_h3
text_out_49_DFF_P,aes_cipher_top,top,named
text_out_4_DFF_P,aes_cipher_top,top,named
text_out_5,aes_cipher_top,top,bfs_h3
text_out_50,aes_cipher_top,top,bfs_h3
text_out_50_DFF_P,aes_cipher_top,top,named
text_out_51,aes_cipher_top,top,bfs_h3
text_out_51_DFF_P,aes_cipher_top,top,named
text_out_52,aes_cipher_top,top,bfs_h3
text_out_52_DFF_P,aes_cipher_top,top,named
text_out_53,aes_cipher_top,top,bfs_h3
text_out_53_DFF_P,aes_cipher_top,top,named
text_out_54,aes_cipher_top,top,bfs_h3
text_out_54_DFF_P,aes_cipher_top,top,named
text_out_55,aes_cipher_top,top,bfs_h3
text_out_55_DFF_P,aes_cipher_top,top,named
text_out_56,aes_cipher_top,top,bfs_h3
text_out_56_DFF_P,aes_cipher_top,top,named
text_out_57,aes_cipher_top,top,bfs_h3
text_out_57_DFF_P,aes_cipher_top,top,named
text_out_58,aes_cipher_top,top,bfs_h3
text_out_58_DFF_P,aes_cipher_top,top,named
text_out_59,aes_cipher_top,top,bfs_h3
text_out_59_DFF_P,aes_cipher_top,top,named
text_out_5_DFF_P,aes_cipher_top,top,named
text_out_6,aes_cipher_top,top,bfs_h3
text_out_60,aes_cipher_top,top,bfs_h3
text_out_60_DFF_P,aes_cipher_top,top,named
text_out_61,aes_cipher_top,top,bfs_h3
text_out_61_DFF_P,aes_cipher_top,top,named
text_out_62,aes_cipher_top,top,bfs_h3
text_out_62_DFF_P,aes_cipher_top,top,named
text_out_63,aes_cipher_top,top,bfs_h3
text_out_63_DFF_P,aes_cipher_top,top,named
text_out_64,aes_cipher_top,top,bfs_h3
text_out_64_DFF_P,aes_cipher_top,top,named
text_out_65,aes_cipher_top,top,bfs_h3
text_out_65_DFF_P,aes_cipher_top,top,named
text_out_66,aes_cipher_top,top,bfs_h3
text_out_66_DFF_P,aes_cipher_top,top,named
text_out_67,aes_cipher_top,top,bfs_h3
text_out_67_DFF_P,aes_cipher_top,top,named
text_out_68,aes_cipher_top,top,bfs_h3
text_out_68_DFF_P,aes_cipher_top,top,named
text_out_69,aes_cipher_top,top,bfs_h3
text_out_69_DFF_P,aes_cipher_top,top,named
text_out_6_DFF_P,aes_cipher_top,top,named
text_out_7,aes_cipher_top,top,bfs_h3
text_out_70,aes_cipher_top,top,bfs_h3
text_out_70_DFF_P,aes_cipher_top,top,named
text_out_71,aes_cipher_top,top,bfs_h3
text_out_71_DFF_P,aes_cipher_top,top,named
text_out_72,aes_cipher_top,top,bfs_h3
text_out_72_DFF_P,aes_cipher_top,top,named
text_out_73,aes_cipher_top,top,bfs_h3
text_out_73_DFF_P,aes_cipher_top,top,named
text_out_74,aes_cipher_top,top,bfs_h3
text_out_74_DFF_P,aes_cipher_top,top,named
text_out_75,aes_cipher_top,top,bfs_h3
text_out_75_DFF_P,aes_cipher_top,top,named
text_out_76,aes_cipher_top,top,bfs_h3
text_out_76_DFF_P,aes_cipher_top,top,named
text_out_77,aes_cipher_top,top,bfs_h3
text_out_77_DFF_P,aes_cipher_top,top,named
text_out_78,aes_cipher_top,top,bfs_h3
text_out_78_DFF_P,aes_cipher_top,top,named
text_out_79,aes_cipher_top,top,bfs_h3
text_out_79_DFF_P,aes_cipher_top,top,named
text_out_7_DFF_P,aes_cipher_top,top,named
text_out_8,aes_cipher_top,top,bfs_h3
text_out_80,aes_cipher_top,top,bfs_h3
text_out_80_DFF_P,aes_cipher_top,top,named
text_out_81,aes_cipher_top,top,bfs_h3
text_out_81_DFF_P,aes_cipher_top,top,named
text_out_82,aes_cipher_top,top,bfs_h3
text_out_82_DFF_P,aes_cipher_top,top,named
text_out_83,aes_cipher_top,top,bfs_h3
text_out_83_DFF_P,aes_cipher_top,top,named
text_out_84,aes_cipher_top,top,bfs_h3
text_out_84_DFF_P,aes_cipher_top,top,named
text_out_85,aes_cipher_top,top,bfs_h3
text_out_85_DFF_P,aes_cipher_top,top,named
text_out_86,aes_cipher_top,top,bfs_h3
text_out_86_DFF_P,aes_cipher_top,top,named
text_out_87,aes_cipher_top,top,bfs_h3
text_out_87_DFF_P,aes_cipher_top,top,named
text_out_88,aes_cipher_top,top,bfs_h3
text_out_88_DFF_P,aes_cipher_top,top,named
text_out_89,aes_cipher_top,top,bfs_h3
text_out_89_DFF_P,aes_cipher_top,top,named
text_out_8_DFF_P,aes_cipher_top,top,named
text_out_9,aes_cipher_top,top,bfs_h3
text_out_90,aes_cipher_top,top,bfs_h3
text_out_90_DFF_P,aes_cipher_top,top,named
text_out_91,aes_cipher_top,top,bfs_h3
text_out_91_DFF_P,aes_cipher_top,top,named
text_out_92,aes_cipher_top,top,bfs_h3
text_out_92_DFF_P,aes_cipher_top,top,named
text_out_93,aes_cipher_top,top,bfs_h3
text_out_93_DFF_P,aes_cipher_top,top,named
text_out_94,aes_cipher_top,top,bfs_h3
text_out_94_DFF_P,aes_cipher_top,top,named
text_out_95,aes_cipher_top,top,bfs_h3
text_out_95_DFF_P,aes_cipher_top,top,named
text_out_96,aes_cipher_top,top,bfs_h3
text_out_96_DFF_P,aes_cipher_top,top,named
text_out_97,aes_cipher_top,top,bfs_h3
text_out_97_DFF_P,aes_cipher_top,top,named
text_out_98,aes_cipher_top,top,bfs_h3
text_out_98_DFF_P,aes_cipher_top,top,named
text_out_99,aes_cipher_top,top,bfs_h3
text_out_99_DFF_P,aes_cipher_top,top,named
text_out_9_DFF_P,aes_cipher_top,top,named
u0_r0_out_24_SDFF_PP1,aes_key_expand_128_u0/aes_rcon_r0,rcon,named
u0_r0_out_25_SDFF_PP0,aes_key_expand_128_u0/aes_rcon_r0,rcon,named
u0_r0_out_26_SDFF_PP0,aes_key_expand_128_u0/aes_rcon_r0,rcon,named
u0_r0_out_27_SDFF_PP0,aes_key_expand_128_u0/aes_rcon_r0,rcon,named
u0_r0_out_28_SDFF_PP0,aes_key_expand_128_u0/aes_rcon_r0,rcon,named
u0_r0_out_29_SDFF_PP0,aes_key_expand_128_u0/aes_rcon_r0,rcon,named
u0_r0_out_30_SDFF_PP0,aes_key_expand_128_u0/aes_rcon_r0,rcon,named
u0_r0_out_31_SDFF_PP0,aes_key_expand_128_u0/aes_rcon_r0,rcon,named
u0_r0_rcnt_0_SDFF_PP0,aes_key_expand_128_u0/aes_rcon_r0,rcon,named
u0_r0_rcnt_1_SDFF_PP0,aes_key_expand_128_u0/aes_rcon_r0,rcon,named
u0_r0_rcnt_2_SDFF_PP0,aes_key_expand_128_u0/aes_rcon_r0,rcon,named
u0_r0_rcnt_3_SDFF_PP0,aes_key_expand_128_u0/aes_rcon_r0,rcon,named
u0_u0_d_0_DFF_P,aes_key_expand_128_u0,key_expand,named
u0_u0_d_1_DFF_P,aes_key_expand_128_u0,key_expand,named
u0_u0_d_2_DFF_P,aes_key_expand_128_u0,key_expand,named
u0_u0_d_3_DFF_P,aes_key_expand_128_u0,key_expand,named
u0_u0_d_4_DFF_P,aes_key_expand_128_u0,key_expand,named
u0_u0_d_5_DFF_P,aes_key_expand_128_u0,key_expand,named
u0_u0_d_6_DFF_P,aes_key_expand_128_u0,key_expand,named
u0_u0_d_7_DFF_P,aes_key_expand_128_u0,key_expand,named
u0_u1_d_0_DFF_P,aes_key_expand_128_u0,key_expand,named
u0_u1_d_1_DFF_P,aes_key_expand_128_u0,key_expand,named
u0_u1_d_2_DFF_P,aes_key_expand_128_u0,key_expand,named
u0_u1_d_3_DFF_P,aes_key_expand_128_u0,key_expand,named
u0_u1_d_4_DFF_P,aes_key_expand_128_u0,key_expand,named
u0_u1_d_5_DFF_P,aes_key_expand_128_u0,key_expand,named
u0_u1_d_6_DFF_P,aes_key_expand_128_u0,key_expand,named
u0_u1_d_7_DFF_P,aes_key_expand_128_u0,key_expand,named
u0_u2_d_0_DFF_P,aes_key_expand_128_u0,key_expand,named
u0_u2_d_1_DFF_P,aes_key_expand_128_u0,key_expand,named
u0_u2_d_2_DFF_P,aes_key_expand_128_u0,key_expand,named
u0_u2_d_3_DFF_P,aes_key_expand_128_u0,key_expand,named
u0_u2_d_4_DFF_P,aes_key_expand_128_u0,key_expand,named
u0_u2_d_5_DFF_P,aes_key_expand_128_u0,key_expand,named
u0_u2_d_6_DFF_P,aes_key_expand_128_u0,key_expand,named
u0_u2_d_7_DFF_P,aes_key_expand_128_u0,key_expand,named
u0_u3_d_0_DFF_P,aes_key_expand_128_u0,key_expand,named
u0_u3_d_1_DFF_P,aes_key_expand_128_u0,key_expand,named
u0_u3_d_2_DFF_P,aes_key_expand_128_u0,key_expand,named
u0_u3_d_3_DFF_P,aes_key_expand_128_u0,key_expand,named
u0_u3_d_4_DFF_P,aes_key_expand_128_u0,key_expand,named
u0_u3_d_5_DFF_P,aes_key_expand_128_u0,key_expand,named
u0_u3_d_6_DFF_P,aes_key_expand_128_u0,key_expand,named
u0_u3_d_7_DFF_P,aes_key_expand_128_u0,key_expand,named
u0_w_0_0_DFF_P,aes_key_expand_128_u0,key_expand,named
u0_w_0_10_DFF_P,aes_key_expand_128_u0,key_expand,named
u0_w_0_11_DFF_P,aes_key_expand_128_u0,key_expand,named
u0_w_0_12_DFF_P,aes_key_expand_128_u0,key_expand,named
u0_w_0_13_DFF_P,aes_key_expand_128_u0,key_expand,named
u0_w_0_14_DFF_P,aes_key_expand_128_u0,key_expand,named
u0_w_0_15_DFF_P,aes_key_expand_128_u0,key_expand,named
u0_w_0_16_DFF_P,aes_key_expand_128_u0,key_expand,named
u0_w_0_17_DFF_P,aes_key_expand_128_u0,key_expand,named
u0_w_0_18_DFF_P,aes_key_expand_128_u0,key_expand,named
u0_w_0_19_DFF_P,aes_key_expand_128_u0,key_expand,named
u0_w_0_1_DFF_P,aes_key_expand_128_u0,key_expand,named
u0_w_0_20_DFF_P,aes_key_expand_128_u0,key_expand,named
u0_w_0_21_DFF_P,aes_key_expand_128_u0,key_expand,named
u0_w_0_22_DFF_P,aes_key_expand_128_u0,key_expand,named
u0_w_0_23_DFF_P,aes_key_expand_128_u0,key_expand,named
u0_w_0_24_DFF_P,aes_key_expand_128_u0,key_expand,named
u0_w_0_25_DFF_P,aes_key_expand_128_u0,key_expand,named
u0_w_0_26_DFF_P,aes_key_expand_128_u0,key_expand,named
u0_w_0_27_DFF_P,aes_key_expand_128_u0,key_expand,named
u0_w_0_28_DFF_P,aes_key_expand_128_u0,key_expand,named
u0_w_0_29_DFF_P,aes_key_expand_128_u0,key_expand,named
u0_w_0_2_DFF_P,aes_key_expand_128_u0,key_expand,named
u0_w_0_30_DFF_P,aes_key_expand_128_u0,key_expand,named
u0_w_0_31_DFF_P,aes_key_expand_128_u0,key_expand,named
u0_w_0_3_DFF_P,aes_key_expand_128_u0,key_expand,named
u0_w_0_4_DFF_P,aes_key_expand_128_u0,key_expand,named
u0_w_0_5_DFF_P,aes_key_expand_128_u0,key_expand,named
u0_w_0_6_DFF_P,aes_key_expand_128_u0,key_expand,named
u0_w_0_7_DFF_P,aes_key_expand_128_u0,key_expand,named
u0_w_0_8_DFF_P,aes_key_expand_128_u0,key_expand,named
u0_w_0_9_DFF_P,aes_key_expand_128_u0,key_expand,named
u0_w_1_0_DFF_P,aes_key_expand_128_u0,key_expand,named
u0_w_1_10_DFF_P,aes_key_expand_128_u0,key_expand,named
u0_w_1_11_DFF_P,aes_key_expand_128_u0,key_expand,named
u0_w_1_12_DFF_P,aes_key_expand_128_u0,key_expand,named
u0_w_1_13_DFF_P,aes_key_expand_128_u0,key_expand,named
u0_w_1_14_DFF_P,aes_key_expand_128_u0,key_expand,named
u0_w_1_15_DFF_P,aes_key_expand_128_u0,key_expand,named
u0_w_1_16_DFF_P,aes_key_expand_128_u0,key_expand,named
u0_w_1_17_DFF_P,aes_key_expand_128_u0,key_expand,named
u0_w_1_18_DFF_P,aes_key_expand_128_u0,key_expand,named
u0_w_1_19_DFF_P,aes_key_expand_128_u0,key_expand,named
u0_w_1_1_DFF_P,aes_key_expand_128_u0,key_expand,named
u0_w_1_20_DFF_P,aes_key_expand_128_u0,key_expand,named
u0_w_1_21_DFF_P,aes_key_expand_128_u0,key_expand,named
u0_w_1_22_DFF_P,aes_key_expand_128_u0,key_expand,named
u0_w_1_23_DFF_P,aes_key_expand_128_u0,key_expand,named
u0_w_1_24_DFF_P,aes_key_expand_128_u0,key_expand,named
u0_w_1_25_DFF_P,aes_key_expand_128_u0,key_expand,named
u0_w_1_26_DFF_P,aes_key_expand_128_u0,key_expand,named
u0_w_1_27_DFF_P,aes_key_expand_128_u0,key_expand,named
u0_w_1_28_DFF_P,aes_key_expand_128_u0,key_expand,named
u0_w_1_29_DFF_P,aes_key_expand_128_u0,key_expand,named
u0_w_1_2_DFF_P,aes_key_expand_128_u0,key_expand,named
u0_w_1_30_DFF_P,aes_key_expand_128_u0,key_expand,named
u0_w_1_31_DFF_P,aes_key_expand_128_u0,key_expand,named
u0_w_1_3_DFF_P,aes_key_expand_128_u0,key_expand,named
u0_w_1_4_DFF_P,aes_key_expand_128_u0,key_expand,named
u0_w_1_5_DFF_P,aes_key_expand_128_u0,key_expand,named
u0_w_1_6_DFF_P,aes_key_expand_128_u0,key_expand,named
u0_w_1_7_DFF_P,aes_key_expand_128_u0,key_expand,named
u0_w_1_8_DFF_P,aes_key_expand_128_u0,key_expand,named
u0_w_1_9_DFF_P,aes_key_expand_128_u0,key_expand,named
u0_w_2_0_DFF_P,aes_key_expand_128_u0,key_expand,named
u0_w_2_10_DFF_P,aes_key_expand_128_u0,key_expand,named
u0_w_2_11_DFF_P,aes_key_expand_128_u0,key_expand,named
u0_w_2_12_DFF_P,aes_key_expand_128_u0,key_expand,named
u0_w_2_13_DFF_P,aes_key_expand_128_u0,key_expand,named
u0_w_2_14_DFF_P,aes_key_expand_128_u0,key_expand,named
u0_w_2_15_DFF_P,aes_key_expand_128_u0,key_expand,named
u0_w_2_16_DFF_P,aes_key_expand_128_u0,key_expand,named
u0_w_2_17_DFF_P,aes_key_expand_128_u0,key_expand,named
u0_w_2_18_DFF_P,aes_key_expand_128_u0,key_expand,named
u0_w_2_19_DFF_P,aes_key_expand_128_u0,key_expand,named
u0_w_2_1_DFF_P,aes_key_expand_128_u0,key_expand,named
u0_w_2_20_DFF_P,aes_key_expand_128_u0,key_expand,named
u0_w_2_21_DFF_P,aes_key_expand_128_u0,key_expand,named
u0_w_2_22_DFF_P,aes_key_expand_128_u0,key_expand,named
u0_w_2_23_DFF_P,aes_key_expand_128_u0,key_expand,named
u0_w_2_24_DFF_P,aes_key_expand_128_u0,key_expand,named
u0_w_2_25_DFF_P,aes_key_expand_128_u0,key_expand,named
u0_w_2_26_DFF_P,aes_key_expand_128_u0,key_expand,named
u0_w_2_27_DFF_P,aes_key_expand_128_u0,key_expand,named
u0_w_2_28_DFF_P,aes_key_expand_128_u0,key_expand,named
u0_w_2_29_DFF_P,aes_key_expand_128_u0,key_expand,named
u0_w_2_2_DFF_P,aes_key_expand_128_u0,key_expand,named
u0_w_2_30_DFF_P,aes_key_expand_128_u0,key_expand,named
u0_w_2_31_DFF_P,aes_key_expand_128_u0,key_expand,named
u0_w_2_3_DFF_P,aes_key_expand_128_u0,key_expand,named
u0_w_2_4_DFF_P,aes_key_expand_128_u0,key_expand,named
u0_w_2_5_DFF_P,aes_key_expand_128_u0,key_expand,named
u0_w_2_6_DFF_P,aes_key_expand_128_u0,key_expand,named
u0_w_2_7_DFF_P,aes_key_expand_128_u0,key_expand,named
u0_w_2_8_DFF_P,aes_key_expand_128_u0,key_expand,named
u0_w_2_9_DFF_P,aes_key_expand_128_u0,key_expand,named
u0_w_3_0_DFF_P,aes_key_expand_128_u0,key_expand,named
u0_w_3_10_DFF_P,aes_key_expand_128_u0,key_expand,named
u0_w_3_11_DFF_P,aes_key_expand_128_u0,key_expand,named
u0_w_3_12_DFF_P,aes_key_expand_128_u0,key_expand,named
u0_w_3_13_DFF_P,aes_key_expand_128_u0,key_expand,named
u0_w_3_14_DFF_P,aes_key_expand_128_u0,key_expand,named
u0_w_3_15_DFF_P,aes_key_expand_128_u0,key_expand,named
u0_w_3_16_DFF_P,aes_key_expand_128_u0,key_expand,named
u0_w_3_17_DFF_P,aes_key_expand_128_u0,key_expand,named
u0_w_3_18_DFF_P,aes_key_expand_128_u0,key_expand,named
u0_w_3_19_DFF_P,aes_key_expand_128_u0,key_expand,named
u0_w_3_1_DFF_P,aes_key_expand_128_u0,key_expand,named
u0_w_3_20_DFF_P,aes_key_expand_128_u0,key_expand,named
u0_w_3_21_DFF_P,aes_key_expand_128_u0,key_expand,named
u0_w_3_22_DFF_P,aes_key_expand_128_u0,key_expand,named
u0_w_3_23_DFF_P,aes_key_expand_128_u0,key_expand,named
u0_w_3_24_DFF_P,aes_key_expand_128_u0,key_expand,named
u0_w_3_25_DFF_P,aes_key_expand_128_u0,key_expand,named
u0_w_3_26_DFF_P,aes_key_expand_128_u0,key_expand,named
u0_w_3_27_DFF_P,aes_key_expand_128_u0,key_expand,named
u0_w_3_28_DFF_P,aes_key_expand_128_u0,key_expand,named
u0_w_3_29_DFF_P,aes_key_expand_128_u0,key_expand,named
u0_w_3_2_DFF_P,aes_key_expand_128_u0,key_expand,named
u0_w_3_30_DFF_P,aes_key_expand_128_u0,key_expand,named
u0_w_3_31_DFF_P,aes_key_expand_128_u0,key_expand,named
u0_w_3_3_DFF_P,aes_key_expand_128_u0,key_expand,named
u0_w_3_4_DFF_P,aes_key_expand_128_u0,key_expand,named
u0_w_3_5_DFF_P,aes_key_expand_128_u0,key_expand,named
u0_w_3_6_DFF_P,aes_key_expand_128_u0,key_expand,named
u0_w_3_7_DFF_P,aes_key_expand_128_u0,key_expand,named
u0_w_3_8_DFF_P,aes_key_expand_128_u0,key_expand,named
u0_w_3_9_DFF_P,aes_key_expand_128_u0,key_expand,named
